#
# A fatal error has been detected by the Java Runtime Environment:
#
#  EXCEPTION_ACCESS_VIOLATION (0xc0000005) at pc=0x00007ffbf2e7bfa5, pid=18344, tid=19084
#
# JRE version: OpenJDK Runtime Environment Temurin-21.0.8+9 (21.0.8+9) (build 21.0.8+9-LTS)
# Java VM: OpenJDK 64-Bit Server VM Temurin-21.0.8+9 (21.0.8+9-LTS, mixed mode, sharing, tiered, compressed oops, compressed class ptrs, g1 gc, windows-amd64)
# Problematic frame:
# C  0x00007ffbf2e7bfa5
#
# No core dump will be written. Minidumps are not enabled by default on client versions of Windows
#
# If you would like to submit a bug report, please visit:
#   https://github.com/adoptium/adoptium-support/issues
# The crash happened outside the Java Virtual Machine in native code.
# See problematic frame for where to report the bug.
#

---------------  S U M M A R Y ------------

Command Line: -agentlib:jdwp=transport=dt_socket,address=127.0.0.1:51467,suspend=y,server=n -javaagent:C:\Users\danis\AppData\Local\JetBrains\IdeaIC2025.2\captureAgent\debugger-agent.jar=file:///C:/Users/danis/AppData/Local/Temp/capture10879174533064696222.props -Djava.library.path=C:\Program Files\NVIDIA GPU Computing Toolkit\CUDA\v12.4\bin;C:\Program Files\NVIDIA\CUDNN\v9.12\bin\12.9 -agentpath:C:\Users\danis\AppData\Local\Temp\idea_libasyncProfiler_dll_temp_folder\libasyncProfiler.dll=version,jfr,event=wall,interval=10ms,cstack=no,file=C:\Users\danis\IdeaSnapshots\App_2025_12_30_093259.jfr,dbghelppath=C:\Users\danis\AppData\Local\Temp\idea_dbghelp_dll_temp_folder\dbghelp.dll,log=C:\Users\danis\AppData\Local\Temp\App_2025_12_30_093259.jfr.log.txt,logLevel=DEBUG -Dkotlinx.coroutines.debug.enable.creation.stack.trace=false -Ddebugger.agent.enable.coroutines=true -Dkotlinx.coroutines.debug.enable.flows.stack.trace=true -Dkotlinx.coroutines.debug.enable.mutable.state.flows.stack.trace=true -Dfile.encoding=UTF-8 -Dsun.stdout.encoding=UTF-8 -Dsun.stderr.encoding=UTF-8 com.securelogx.main.App

Host: Intel(R) Core(TM) Ultra 7 155H, 22 cores, 15G,  Windows 11 , 64 bit Build 26100 (10.0.26100.7309)
Time: Tue Dec 30 09:36:21 2025 Eastern Standard Time elapsed time: 201.493662 seconds (0d 0h 3m 21s)

---------------  T H R E A D  ---------------

Current thread (0x00000288eba51310):  JavaThread "SecureLogXBatcher"        [_thread_in_native, id=19084, stack(0x000000f684f00000,0x000000f685000000) (1024K)]

Stack: [0x000000f684f00000,0x000000f685000000],  sp=0x000000f684ffdee0,  free space=1015k
Native frames: (J=compiled Java code, j=interpreted, Vv=VM code, C=native code)
C  0x00007ffbf2e7bfa5

Java frames: (J=compiled Java code, j=interpreted, Vv=VM code)
J 2333  ai.onnxruntime.OrtSession.run(JJJ[Ljava/lang/String;[JJ[Ljava/lang/String;J[Lai/onnxruntime/OnnxValue;[JJ)[Z (0 bytes) @ 0x00000288d5b449b4 [0x00000288d5b448c0+0x00000000000000f4]
J 2478 c1 ai.onnxruntime.OrtSession.run(Ljava/util/Map;Ljava/util/Set;Ljava/util/Map;Lai/onnxruntime/OrtSession$RunOptions;)Lai/onnxruntime/OrtSession$Result; (751 bytes) @ 0x00000288ce2270d4 [0x00000288ce224360+0x0000000000002d74]
J 2501 c1 ai.onnxruntime.OrtSession.run(Ljava/util/Map;Ljava/util/Set;)Lai/onnxruntime/OrtSession$Result; (11 bytes) @ 0x00000288ce23c32c [0x00000288ce23c240+0x00000000000000ec]
J 2419 c2 com.securelogx.ner.impl.ONNXDynamicInferenceEngine.runBatch(Lcom/securelogx/ner/TokenizerEngine;Ljava/util/List;)Ljava/util/List; (898 bytes) @ 0x00000288d5be8c0c [0x00000288d5be7020+0x0000000000001bec]
j  com.securelogx.engine.SecureLogX.lambda$startBatchInferenceThread$1()V+131
j  com.securelogx.engine.SecureLogX$$Lambda+0x00000288810c34f0.run()V+4
j  java.lang.Thread.runWith(Ljava/lang/Object;Ljava/lang/Runnable;)V+5 java.base@21.0.8
j  java.lang.Thread.run()V+19 java.base@21.0.8
v  ~StubRoutines::call_stub 0x00000288d514100d

siginfo: EXCEPTION_ACCESS_VIOLATION (0xc0000005), reading address 0x0000000000000030


Registers:
RAX=0x114f4560882e814f, RBX=0x0000000000000000, RCX=0x0000000000000000, RDX=0x000000f684ffdf50
RSP=0x000000f684ffdee0, RBP=0x000000f684ffdfe0, RSI=0x000002891c5326d0, RDI=0x0000000000000001
R8 =0xb8b01b36bd1337ef, R9 =0x00000100000001b3, R10=0x00000288c2ca0000, R11=0x00007ffcb0200501
R12=0x000000f684ffe5d8, R13=0x0000000000000000, R14=0x000000f684ffe4e0, R15=0x000002891a1ec560
RIP=0x00007ffbf2e7bfa5, EFLAGS=0x0000000000010a03

XMM[0]=0x0000000000000000 0x0000000000000030
XMM[1]=0x6e6f7268636e7973 0x5f656c6261736964
XMM[2]=0x0000000000000000 0x0000000000000000
XMM[3]=0x0000000000000000 0x0000000000000000
XMM[4]=0x0000000000000000 0x0000000000000000
XMM[5]=0x6578655f657a696e 0x6f7268636e79735f
XMM[6]=0x0000000000000000 0x0d3233203a657a69
XMM[7]=0x0000000000000000 0x00000007141bda30
XMM[8]=0x0000000000000000 0x00000000e2838dea
XMM[9]=0x0000000000000000 0x00000007141c8300
XMM[10]=0x0000000000000000 0x00000000e2839504
XMM[11]=0x0000000000000000 0x0000000000000000
XMM[12]=0x0000000000000000 0x0000000000000000
XMM[13]=0x0000000000000000 0x000000000000ffff
XMM[14]=0x0000000000000000 0x0000000000000000
XMM[15]=0x0000000000000000 0x0000000000000000
  MXCSR=0x00001fa0


Register to memory mapping:

RAX=0x114f4560882e814f is an unknown value
RBX=0x0 is null
RCX=0x0 is null
RDX=0x000000f684ffdf50 is pointing into the stack for thread: 0x00000288eba51310
RSP=0x000000f684ffdee0 is pointing into the stack for thread: 0x00000288eba51310
RBP=0x000000f684ffdfe0 is pointing into the stack for thread: 0x00000288eba51310
RSI=0x000002891c5326d0 points into unknown readable memory: 0x00007ffbf351da28 | 28 da 51 f3 fb 7f 00 00
RDI=0x0000000000000001 is an unknown value
R8 =0xb8b01b36bd1337ef is an unknown value
R9 =0x00000100000001b3 is an unknown value
R10=0x00000288c2ca0000 points into unknown readable memory: 0x0000000000000000 | 00 00 00 00 00 00 00 00
R11=0x00007ffcb0200501 VCRUNTIME140.dll
R12=0x000000f684ffe5d8 is pointing into the stack for thread: 0x00000288eba51310
R13=0x0 is null
R14=0x000000f684ffe4e0 is pointing into the stack for thread: 0x00000288eba51310
R15=0x000002891a1ec560 points into unknown readable memory: 0x0000000000000000 | 00 00 00 00 00 00 00 00

Top of Stack: (sp=0x000000f684ffdee0)
0x000000f684ffdee0:   0000000000000004 0000000000000010
0x000000f684ffdef0:   0000000000000030 00007ffccc77cde4
0x000000f684ffdf00:   00000288c2ca0000 000000000000000c
0x000000f684ffdf10:   0000000000000030 0000000000000000
0x000000f684ffdf20:   000000f684ffe160 000002891c7122b0
0x000000f684ffdf30:   000000f684ffecb0 000000f684ffea80
0x000000f684ffdf40:   000000f684ffe1e0 0000000000000000
0x000000f684ffdf50:   000002891c5326d0 0000000000000030
0x000000f684ffdf60:   0000000000000000 00007ffc10674258
0x000000f684ffdf70:   000000f684ffec88 00000288c2d90000
0x000000f684ffdf80:   000000f684ffe9b0 00007ffccc77cca4
0x000000f684ffdf90:   0000028800000002 0000000000000000
0x000000f684ffdfa0:   00000288e67e5970 000000f684ffe028
0x000000f684ffdfb0:   000002891c5115c0 00007ffc1013b91c
0x000000f684ffdfc0:   000000f684ffea00 0000000000000000
0x000000f684ffdfd0:   00000288e67e5970 000000f684ffe510
0x000000f684ffdfe0:   000000f684ffea80 000000f684ffe028
0x000000f684ffdff0:   000000f600000000 000000f684ffecb0
0x000000f684ffe000:   000002891c455720 000002891c5115c0
0x000000f684ffe010:   0000000000000000 0000000000000000
0x000000f684ffe020:   0000000000000000 000000003f800000
0x000000f684ffe030:   00000288e67e5970 0000000000000000
0x000000f684ffe040:   0000000000000000 0000000000000000
0x000000f684ffe050:   0000000000000000 0000000000000007
0x000000f684ffe060:   0000000000000008 00007ffcca310139
0x000000f684ffe070:   0000000000000003 00000288e6b6eb60
0x000000f684ffe080:   00000289220f0530 00000288e6b6eb60
0x000000f684ffe090:   0000f8aa4e7e7c3a 00000288eca47080
0x000000f684ffe0a0:   000000f684ffe5c8 00007ffc10674258
0x000000f684ffe0b0:   0000bba242251c06 000000f684ffe260
0x000000f684ffe0c0:   000000f684ffe5c8 000000f684ffe4e0
0x000000f684ffe0d0:   000000f684ffec88 000000f684ffe5d8 

Instructions: (pc=0x0000000000000004)
0xffffffffffffff04:   


Stack slot to memory mapping:

stack at sp + 0 slots: 0x0000000000000010 is an unknown value
stack at sp + 1 slots: 0x0000000000000030 is an unknown value
stack at sp + 2 slots: 0x00007ffccc77cde4 ntdll.dll
stack at sp + 3 slots: 0x00000288c2ca0000 points into unknown readable memory: 0x0000000000000000 | 00 00 00 00 00 00 00 00
stack at sp + 4 slots: 0x000000000000000c is an unknown value
stack at sp + 5 slots: 0x0000000000000030 is an unknown value
stack at sp + 6 slots: 0x0 is null
stack at sp + 7 slots: 0x000000f684ffe160 is pointing into the stack for thread: 0x00000288eba51310


Compiled method (n/a) 201620 2333     n 0       ai.onnxruntime.OrtSession::run (native)
 total in heap  [0x00000288d5b44710,0x00000288d5b44da0] = 1680
 relocation     [0x00000288d5b44870,0x00000288d5b448a8] = 56
 main code      [0x00000288d5b448c0,0x00000288d5b44d92] = 1234
 stub code      [0x00000288d5b44d92,0x00000288d5b44d98] = 6
 oops           [0x00000288d5b44d98,0x00000288d5b44da0] = 8

[Constant Pool (empty)]

[MachCode]
[Entry Point]
  # {method} {0x00000288e7471af8} 'run' '(JJJ[Ljava/lang/String;[JJ[Ljava/lang/String;J[Lai/onnxruntime/OnnxValue;[JJ)[Z' in 'ai/onnxruntime/OrtSession'
  # this:     rdx:rdx   = 'ai/onnxruntime/OrtSession'
  # parm0:    r8:r8     = long
  # parm1:    r9:r9     = long
  # parm2:    rdi:rdi   = long
  # parm3:    rsi:rsi   = '[Ljava/lang/String;'
  # parm4:    rcx:rcx   = '[J'
  # parm5:    [sp+0xb0]   = long  (sp of caller)
  # parm6:    [sp+0xb8]   = '[Ljava/lang/String;'
  # parm7:    [sp+0xc0]   = long
  # parm8:    [sp+0xc8]   = '[Lai/onnxruntime/OnnxValue;'
  # parm9:    [sp+0xd0]   = '[J'
  # parm10:   [sp+0xd8]   = long
  0x00000288d5b448c0: 448b 5208 | 49bb 0000 | 0080 8802 | 0000 4d03 | d349 3bc2 | 0f84 0600 

  0x00000288d5b448d8: ;   {runtime_call ic_miss_stub}
  0x00000288d5b448d8: 0000 e9a1 | 9e64 ff90 
[Verified Entry Point]
  0x00000288d5b448e0: 8984 2400 | 80ff ff55 | 488b ec48 | 81ec a000 | 0000 6690 | 4181 7f20 | 0100 0000 

  0x00000288d5b448fc: ;   {runtime_call StubRoutines (final stubs)}
  0x00000288d5b448fc: 7405 e85d | 0463 ff48 | 8b45 3848 | 8944 2460 | 4883 7d30 | 0048 8d45 | 3048 0f44 | 4530 4889 
  0x00000288d5b4491c: 4424 5848 | 837d 2800 | 488d 4528 | 480f 4445 | 2848 8944 | 2450 488b | 4520 4889 | 4424 4848 
  0x00000288d5b4493c: 837d 1800 | 488d 4518 | 480f 4445 | 1848 8944 | 2440 488b | 4510 4889 | 4424 3848 | 898c 2490 
  0x00000288d5b4495c: 0000 0048 | 83f9 0048 | 8d84 2490 | 0000 0048 | 0f44 8424 | 9000 0000 | 4889 4424 | 3048 89b4 
  0x00000288d5b4497c: 2488 0000 | 0048 83fe | 0048 8d84 | 2488 0000 | 0048 0f44 | 8424 8800 | 0000 4889 | 4424 2848 
  0x00000288d5b4499c: 897c 2420 | 4889 5424 | 6848 83fa | 0048 8d54 | 2468 480f | 4454 2468 

  0x00000288d5b449b4: ;   {internal_word}
  0x00000288d5b449b4: c5f8 7749 | bab4 49b4 | d588 0200 | 004d 8997 | a003 0000 | 4989 a798 

  0x00000288d5b449cc: ;   {external_word}
  0x00000288d5b449cc: 0300 0049 | ba56 cc7b | 11fc 7f00 | 0041 803a | 000f 844e | 0000 0052 | 4150 4151 

  0x00000288d5b449e8: ;   {metadata({method} {0x00000288e7471af8} 'run' '(JJJ[Ljava/lang/String;[JJ[Ljava/lang/String;J[Lai/onnxruntime/OnnxValue;[JJ)[Z' in 'ai/onnxruntime/OrtSession')}
  0x00000288d5b449e8: 48ba f01a | 47e7 8802 | 0000 498b | cf48 83ec | 2040 f6c4 | 0f0f 8419 | 0000 0048 

  0x00000288d5b44a04: ;   {runtime_call}
  0x00000288d5b44a04: 83ec 0848 | b890 8d25 | 11fc 7f00 | 00ff d048 | 83c4 08e9 | 0c00 0000 

  0x00000288d5b44a1c: ;   {runtime_call}
  0x00000288d5b44a1c: 48b8 908d | 2511 fc7f | 0000 ffd0 | 4883 c420 | 4159 4158 | 5a49 8d8f | b803 0000 | 41c7 8744 
  0x00000288d5b44a3c: 0400 0004 

  0x00000288d5b44a40: ;   {runtime_call}
  0x00000288d5b44a40: 0000 0048 | b8f0 6b74 | aefc 7f00 | 00ff d0c5 | f877 41c7 | 8744 0400 | 0005 0000 | 00f0 8344 
  0x00000288d5b44a60: 24c0 0049 | 3baf 4804 | 0000 0f87 | 0e00 0000 | 4183 bf40 | 0400 0000 | 0f84 2b00 | 0000 c5f8 
  0x00000288d5b44a80: 7748 8945 | f849 8bcf | 4c8b e448 | 83ec 2048 

  0x00000288d5b44a90: ;   {runtime_call}
  0x00000288d5b44a90: 83e4 f048 | b820 faf0 | 10fc 7f00 | 00ff d049 | 8be4 4d33 | e448 8b45 | f841 c787 | 4404 0000 
  0x00000288d5b44ab0: 0800 0000 | 4183 bfc0 | 0400 0002 | 0f84 a302 

  0x00000288d5b44ac0: ;   {external_word}
  0x00000288d5b44ac0: 0000 49ba | 56cc 7b11 | fc7f 0000 | 4180 3a00 | 0f84 4c00 | 0000 4889 

  0x00000288d5b44ad8: ;   {metadata({method} {0x00000288e7471af8} 'run' '(JJJ[Ljava/lang/String;[JJ[Ljava/lang/String;J[Lai/onnxruntime/OnnxValue;[JJ)[Z' in 'ai/onnxruntime/OrtSession')}
  0x00000288d5b44ad8: 45f8 48ba | f01a 47e7 | 8802 0000 | 498b cf48 | 83ec 2040 | f6c4 0f0f | 8419 0000 | 0048 83ec 
  0x00000288d5b44af8: ;   {runtime_call}
  0x00000288d5b44af8: 0848 b890 | 8d25 11fc | 7f00 00ff | d048 83c4 | 08e9 0c00 

  0x00000288d5b44b0c: ;   {runtime_call}
  0x00000288d5b44b0c: 0000 48b8 | 908d 2511 | fc7f 0000 | ffd0 4883 | c420 488b | 45f8 49c7 | 8798 0300 | 0000 0000 
  0x00000288d5b44b2c: 0049 c787 | a003 0000 | 0000 0000 | c5f8 7748 | 85c0 0f84 | fe01 0000 | a803 0f85 | 0800 0000 
  0x00000288d5b44b4c: 488b 00e9 | ee01 0000 | a801 0f85 | 0900 0000 | 488b 40fe | e9dd 0100 | 0048 8b40 | ff41 807f 
  0x00000288d5b44b6c: 4000 0f84 | ce01 0000 | 4883 f800 | 0f84 c401 | 0000 498b | 4f28 4883 | f900 0f84 | 1400 0000 
  0x00000288d5b44b8c: 4883 e908 | 4989 4f28 | 4903 4f38 | 4889 01e9 | a201 0000 | 4881 ecd0 | 0000 0048 | 8904 2448 
  0x00000288d5b44bac: 894c 2408 | 4889 5424 | 1048 8974 | 2418 4889 | 7c24 204c | 8944 2428 | 4c89 4c24 | 304c 8954 
  0x00000288d5b44bcc: 2438 4c89 | 5c24 40c5 | fb11 4424 | 50c5 fb11 | 4c24 58c5 | fb11 5424 | 60c5 fb11 | 5c24 68c5 
  0x00000288d5b44bec: fb11 6424 | 70c5 fb11 | 6c24 78c5 | fb11 b424 | 8000 0000 | c5fb 11bc | 2488 0000 | 00c5 7b11 
  0x00000288d5b44c0c: ;   {no_reloc}
  0x00000288d5b44c0c: 8424 9000 | 0000 c57b | 118c 2498 | 0000 00c5 | 7b11 9424 | a000 0000 | c57b 119c | 24a8 0000 
  0x00000288d5b44c2c: 00c5 7b11 | a424 b000 | 0000 c57b | 11ac 24b8 | 0000 00c5 | 7b11 b424 | c000 0000 | c57b 11bc 
  0x00000288d5b44c4c: 24c8 0000 | 0049 8bd7 | 488b c848 | 83ec 2040 | f6c4 0f0f | 8419 0000 | 0048 83ec 

  0x00000288d5b44c68: ;   {runtime_call}
  0x00000288d5b44c68: 0848 b8c0 | 3ce4 10fc | 7f00 00ff | d048 83c4 | 08e9 0c00 

  0x00000288d5b44c7c: ;   {runtime_call}
  0x00000288d5b44c7c: 0000 48b8 | c03c e410 | fc7f 0000 | ffd0 4883 | c420 c57b | 10bc 24c8 | 0000 00c5 | 7b10 b424 
  0x00000288d5b44c9c: c000 0000 | c57b 10ac | 24b8 0000 | 00c5 7b10 | a424 b000 | 0000 c57b | 109c 24a8 | 0000 00c5 
  0x00000288d5b44cbc: 7b10 9424 | a000 0000 | c57b 108c | 2498 0000 | 00c5 7b10 | 8424 9000 | 0000 c5fb | 10bc 2488 
  0x00000288d5b44cdc: 0000 00c5 | fb10 b424 | 8000 0000 | c5fb 106c | 2478 c5fb | 1064 2470 | c5fb 105c | 2468 c5fb 
  0x00000288d5b44cfc: 1054 2460 | c5fb 104c | 2458 c5fb | 1044 2450 | 4c8b 5c24 | 404c 8b54 | 2438 4c8b | 4c24 304c 
  0x00000288d5b44d1c: 8b44 2428 | 488b 7c24 | 2048 8b74 | 2418 488b | 5424 1048 | 8b4c 2408 | 488b 0424 | 4881 c4d0 
  0x00000288d5b44d3c: 0000 00c5 | f877 498b | 8f28 0400 | 00c7 8100 | 0100 0000 | 0000 00c9 | 4983 7f08 | 000f 8501 
  0x00000288d5b44d5c: 0000 00c3 

  0x00000288d5b44d60: ;   {runtime_call StubRoutines (initial stubs)}
  0x00000288d5b44d60: e99b c15f | ffc5 f877 | 4889 45f8 | 4c8b e448 | 83ec 2048 

  0x00000288d5b44d74: ;   {runtime_call}
  0x00000288d5b44d74: 83e4 f048 | b830 c525 | 11fc 7f00 | 00ff d049 | 8be4 4d33 | e448 8b45 | f8e9 30fd | ffff f4f4 
  0x00000288d5b44d94: f4f4 f4f4 
[/MachCode]


Compiled method (c1) 201631 2478       3       ai.onnxruntime.OrtSession::run (751 bytes)
 total in heap  [0x00000288ce223910,0x00000288ce22d860] = 40784
 relocation     [0x00000288ce223a70,0x00000288ce224348] = 2264
 main code      [0x00000288ce224360,0x00000288ce229e10] = 23216
 stub code      [0x00000288ce229e10,0x00000288ce22a2c0] = 1200
 oops           [0x00000288ce22a2c0,0x00000288ce22a308] = 72
 metadata       [0x00000288ce22a308,0x00000288ce22a358] = 80
 scopes data    [0x00000288ce22a358,0x00000288ce22b958] = 5632
 scopes pcs     [0x00000288ce22b958,0x00000288ce22d758] = 7680
 dependencies   [0x00000288ce22d758,0x00000288ce22d770] = 24
 nul chk table  [0x00000288ce22d770,0x00000288ce22d860] = 240

[Constant Pool (empty)]

[MachCode]
[Entry Point]
  # {method} {0x00000288e7470da0} 'run' '(Ljava/util/Map;Ljava/util/Set;Ljava/util/Map;Lai/onnxruntime/OrtSession$RunOptions;)Lai/onnxruntime/OrtSession$Result;' in 'ai/onnxruntime/OrtSession'
  # this:     rdx:rdx   = 'ai/onnxruntime/OrtSession'
  # parm0:    r8:r8     = 'java/util/Map'
  # parm1:    r9:r9     = 'java/util/Set'
  # parm2:    rdi:rdi   = 'java/util/Map'
  # parm3:    rsi:rsi   = 'ai/onnxruntime/OrtSession$RunOptions'
  #           [sp+0x290]  (sp of caller)
  0x00000288ce224360: 448b 5208 | 49bb 0000 | 0080 8802 | 0000 4d03 | d34c 3bd0 

  0x00000288ce224374: ;   {runtime_call ic_miss_stub}
  0x00000288ce224374: 0f85 06a4 | f606 660f | 1f44 0000 
[Verified Entry Point]
  0x00000288ce224380: 8984 2400 | 80ff ff55 | 4881 ec80 | 0200 0090 | 4181 7f20 | 0100 0000 

  0x00000288ce224398: ;   {runtime_call StubRoutines (final stubs)}
  0x00000288ce224398: 7405 e8c1 | 09f5 0648 | 8994 24d8 | 0000 004c | 8984 24e0 | 0000 004c | 898c 24e8 | 0000 0048 
  0x00000288ce2243b8: 89bc 24f0 | 0000 0048 | 89b4 24f8 

  0x00000288ce2243c4: ;   {metadata(method data for {method} {0x00000288e7470da0} 'run' '(Ljava/util/Map;Ljava/util/Set;Ljava/util/Map;Lai/onnxruntime/OrtSession$RunOptions;)Lai/onnxruntime/OrtSession$Result;' in 'ai/onnxruntime/OrtSession')}
  0x00000288ce2243c4: 0000 0048 | bbf8 82ad | e788 0200 | 008b 83cc | 0000 0083 | c002 8983 | cc00 0000 | 25fe 0700 
  0x00000288ce2243e4: 0085 c00f | 84ef 4f00 

  0x00000288ce2243ec: ;*aload_0 {reexecute=0 rethrow=0 return_oop=0}
                      ; - ai.onnxruntime.OrtSession::run@0 (line 361)
  0x00000288ce2243ec: 000f be5a 

  0x00000288ce2243f0: ;*getfield closed {reexecute=0 rethrow=0 return_oop=0}
                      ; - ai.onnxruntime.OrtSession::run@1 (line 361)
                      ;   {metadata(method data for {method} {0x00000288e7470da0} 'run' '(Ljava/util/Map;Ljava/util/Set;Ljava/util/Map;Lai/onnxruntime/OrtSession$RunOptions;)Lai/onnxruntime/OrtSession$Result;' in 'ai/onnxruntime/OrtSession')}
  0x00000288ce2243f0: 0c85 db48 | bbf8 82ad | e788 0200 | 0048 c7c0 | 1001 0000 | 7507 48c7 | c020 0100 | 0048 8b0c 
  0x00000288ce224410: 0348 8d49 | 0148 890c | 030f 8505 

  0x00000288ce22441c: ;*ifne {reexecute=0 rethrow=0 return_oop=0}
                      ; - ai.onnxruntime.OrtSession::run@4 (line 361)
  0x00000288ce22441c: 4f00 0049 | 3b00 498b 

  0x00000288ce224424: ;   {metadata(method data for {method} {0x00000288e7470da0} 'run' '(Ljava/util/Map;Ljava/util/Set;Ljava/util/Map;Lai/onnxruntime/OrtSession$RunOptions;)Lai/onnxruntime/OrtSession$Result;' in 'ai/onnxruntime/OrtSession')}
  0x00000288ce224424: d848 b8f8 | 82ad e788 | 0200 008b | 5b08 49ba | 0000 0080 | 8802 0000 | 4903 da48 | 3b98 4001 
  0x00000288ce224444: 0000 750d | 4883 8048 | 0100 0001 | e960 0000 | 0048 3b98 | 5001 0000 | 750d 4883 | 8058 0100 
  0x00000288ce224464: 0001 e94a | 0000 0048 | 83b8 4001 | 0000 0075 | 1748 8998 | 4001 0000 | 48c7 8048 | 0100 0001 
  0x00000288ce224484: 0000 00e9 | 2900 0000 | 4883 b850 | 0100 0000 | 7517 4889 | 9850 0100 | 0048 c780 | 5801 0000 
  0x00000288ce2244a4: 0100 0000 | e908 0000 | 0048 8380 | 3001 0000 

  0x00000288ce2244b4: ;*invokeinterface isEmpty {reexecute=0 rethrow=0 return_oop=0}
                      ; - ai.onnxruntime.OrtSession::run@8 (line 362)
  0x00000288ce2244b4: 0149 8bd0 | 0f1f 4400 | 0048 b8c0 | e413 8088 

  0x00000288ce2244c4: ;   {virtual_call}
  0x00000288ce2244c4: 0200 00e8 

  0x00000288ce2244c8: ; ImmutableOopMap {[216]=Oop [224]=Oop [232]=Oop [240]=Oop [248]=Oop }
                      ;*invokeinterface isEmpty {reexecute=0 rethrow=0 return_oop=0}
                      ; - ai.onnxruntime.OrtSession::run@8 (line 362)
  0x00000288ce2244c8: 54af fdff 

  0x00000288ce2244cc: ;   {other}
  0x00000288ce2244cc: 0f1f 8400 

  0x00000288ce2244d0: ;*invokeinterface isEmpty {reexecute=0 rethrow=0 return_oop=0}
                      ; - ai.onnxruntime.OrtSession::run@8 (line 362)
  0x00000288ce2244d0: bc0b 0000 

  0x00000288ce2244d4: ;   {metadata(method data for {method} {0x00000288e7470da0} 'run' '(Ljava/util/Map;Ljava/util/Set;Ljava/util/Map;Lai/onnxruntime/OrtSession$RunOptions;)Lai/onnxruntime/OrtSession$Result;' in 'ai/onnxruntime/OrtSession')}
  0x00000288ce2244d4: 85c0 48ba | f882 ade7 | 8802 0000 | 48c7 c668 | 0100 0074 | 0748 c7c6 | 7801 0000 | 488b 3c32 
  0x00000288ce2244f4: 488d 7f01 | 4889 3c32 | 0f84 3c00 

  0x00000288ce224500: ;*ifeq {reexecute=0 rethrow=0 return_oop=0}
                      ; - ai.onnxruntime.OrtSession::run@13 (line 362)
  0x00000288ce224500: 0000 488b | 9424 d800 | 0000 488b 

  0x00000288ce22450c: ;*getfield numInputs {reexecute=0 rethrow=0 return_oop=0}
                      ; - ai.onnxruntime.OrtSession::run@17 (line 362)
  0x00000288ce22450c: 7218 4883 

  0x00000288ce224510: ;   {metadata(method data for {method} {0x00000288e7470da0} 'run' '(Ljava/util/Map;Ljava/util/Set;Ljava/util/Map;Lai/onnxruntime/OrtSession$RunOptions;)Lai/onnxruntime/OrtSession$Result;' in 'ai/onnxruntime/OrtSession')}
  0x00000288ce224510: fe00 48be | f882 ade7 | 8802 0000 | 48c7 c788 | 0100 0075 | 0748 c7c7 | 9801 0000 | 488b 1c3e 
  0x00000288ce224530: 488d 5b01 | 4889 1c3e | 0f85 7e48 

  0x00000288ce22453c: ;*lcmp {reexecute=0 rethrow=0 return_oop=0}
                      ; - ai.onnxruntime.OrtSession::run@21 (line 362)
  0x00000288ce22453c: 0000 4c8b | 8424 e000 

  0x00000288ce224544: ;   {metadata(method data for {method} {0x00000288e7470da0} 'run' '(Ljava/util/Map;Ljava/util/Set;Ljava/util/Map;Lai/onnxruntime/OrtSession$RunOptions;)Lai/onnxruntime/OrtSession$Result;' in 'ai/onnxruntime/OrtSession')}
  0x00000288ce224544: 0000 48be | f882 ade7 | 8802 0000 | 458b 4008 | 49ba 0000 | 0080 8802 | 0000 4d03 | c24c 3b86 
  0x00000288ce224564: b801 0000 | 750d 4883 | 86c0 0100 | 0001 e960 | 0000 004c | 3b86 c801 | 0000 750d | 4883 86d0 
  0x00000288ce224584: 0100 0001 | e94a 0000 | 0048 83be | b801 0000 | 0075 174c | 8986 b801 | 0000 48c7 | 86c0 0100 
  0x00000288ce2245a4: 0001 0000 | 00e9 2900 | 0000 4883 | bec8 0100 | 0000 7517 | 4c89 86c8 | 0100 0048 | c786 d001 
  0x00000288ce2245c4: 0000 0100 | 0000 e908 | 0000 0048 | 8386 a801 | 0000 0148 | 8b94 24e0 

  0x00000288ce2245dc: ;*invokeinterface size {reexecute=0 rethrow=0 return_oop=0}
                      ; - ai.onnxruntime.OrtSession::run@26 (line 362)
  0x00000288ce2245dc: 0000 0066 | 0f1f 4400 | 0048 b8c0 | e413 8088 

  0x00000288ce2245ec: ;   {virtual_call}
  0x00000288ce2245ec: 0200 00e8 

  0x00000288ce2245f0: ; ImmutableOopMap {[216]=Oop [224]=Oop [232]=Oop [240]=Oop [248]=Oop }
                      ;*invokeinterface size {reexecute=0 rethrow=0 return_oop=0}
                      ; - ai.onnxruntime.OrtSession::run@26 (line 362)
  0x00000288ce2245f0: ac54 8007 

  0x00000288ce2245f4: ;   {other}
  0x00000288ce2245f4: 0f1f 8400 

  0x00000288ce2245f8: ;*invokeinterface size {reexecute=0 rethrow=0 return_oop=0}
                      ; - ai.onnxruntime.OrtSession::run@26 (line 362)
  0x00000288ce2245f8: e40c 0001 | 488b 9424 | d800 0000 

  0x00000288ce224604: ;*getfield numInputs {reexecute=0 rethrow=0 return_oop=0}
                      ; - ai.onnxruntime.OrtSession::run@33 (line 362)
  0x00000288ce224604: 488b 7218 | 4863 c048 

  0x00000288ce22460c: ;   {metadata(method data for {method} {0x00000288e7470da0} 'run' '(Ljava/util/Map;Ljava/util/Set;Ljava/util/Map;Lai/onnxruntime/OrtSession$RunOptions;)Lai/onnxruntime/OrtSession$Result;' in 'ai/onnxruntime/OrtSession')}
  0x00000288ce22460c: 3bf0 48be | f882 ade7 | 8802 0000 | 48c7 c7f0 | 0100 007c | 0748 c7c7 | e001 0000 | 488b 1c3e 
  0x00000288ce22462c: 488d 5b01 | 4889 1c3e | 0f8c 8247 

  0x00000288ce224638: ;*lcmp {reexecute=0 rethrow=0 return_oop=0}
                      ; - ai.onnxruntime.OrtSession::run@36 (line 362)
  0x00000288ce224638: 0000 4c8b | 8c24 e800 | 0000 493b | 0149 8bf1 

  0x00000288ce224648: ;   {metadata(method data for {method} {0x00000288e7470da0} 'run' '(Ljava/util/Map;Ljava/util/Set;Ljava/util/Map;Lai/onnxruntime/OrtSession$RunOptions;)Lai/onnxruntime/OrtSession$Result;' in 'ai/onnxruntime/OrtSession')}
  0x00000288ce224648: 48bb f882 | ade7 8802 | 0000 8b76 | 0849 ba00 | 0000 8088 | 0200 0049 | 03f2 483b | b380 0300 
  0x00000288ce224668: 0075 0d48 | 8383 8803 | 0000 01e9 | 6000 0000 | 483b b390 | 0300 0075 | 0d48 8383 | 9803 0000 
  0x00000288ce224688: 01e9 4a00 | 0000 4883 | bb80 0300 | 0000 7517 | 4889 b380 | 0300 0048 | c783 8803 | 0000 0100 
  0x00000288ce2246a8: 0000 e929 | 0000 0048 | 83bb 9003 | 0000 0075 | 1748 89b3 | 9003 0000 | 48c7 8398 | 0300 0001 
  0x00000288ce2246c8: 0000 00e9 | 0800 0000 | 4883 8370 | 0300 0001 

  0x00000288ce2246d8: ;*invokeinterface size {reexecute=0 rethrow=0 return_oop=0}
                      ; - ai.onnxruntime.OrtSession::run@85 (line 366)
  0x00000288ce2246d8: 498b d166 | 9048 b880 | 7d0f 8088 

  0x00000288ce2246e4: ;   {virtual_call}
  0x00000288ce2246e4: 0200 00e8 

  0x00000288ce2246e8: ; ImmutableOopMap {[216]=Oop [224]=Oop [232]=Oop [240]=Oop [248]=Oop }
                      ;*invokeinterface size {reexecute=0 rethrow=0 return_oop=0}
                      ; - ai.onnxruntime.OrtSession::run@85 (line 366)
  0x00000288ce2246e8: b470 fbff 

  0x00000288ce2246ec: ;   {other}
  0x00000288ce2246ec: 0f1f 8400 

  0x00000288ce2246f0: ;*invokeinterface size {reexecute=0 rethrow=0 return_oop=0}
                      ; - ai.onnxruntime.OrtSession::run@85 (line 366)
  0x00000288ce2246f0: dc0d 0002 | 488b bc24 | f000 0000 

  0x00000288ce2246fc: ; implicit exception: dispatches to 0x00000288ce229407
  0x00000288ce2246fc: 483b 0748 

  0x00000288ce224700: ;   {metadata(method data for {method} {0x00000288e7470da0} 'run' '(Ljava/util/Map;Ljava/util/Set;Ljava/util/Map;Lai/onnxruntime/OrtSession$RunOptions;)Lai/onnxruntime/OrtSession$Result;' in 'ai/onnxruntime/OrtSession')}
  0x00000288ce224700: 8bd7 48be | f882 ade7 | 8802 0000 | 8b52 0849 | ba00 0000 | 8088 0200 | 0049 03d2 | 483b 96b8 
  0x00000288ce224720: 0300 0075 | 0d48 8386 | c003 0000 | 01e9 6000 | 0000 483b | 96c8 0300 | 0075 0d48 | 8386 d003 
  0x00000288ce224740: 0000 01e9 | 4a00 0000 | 4883 beb8 | 0300 0000 | 7517 4889 | 96b8 0300 | 0048 c786 | c003 0000 
  0x00000288ce224760: 0100 0000 | e929 0000 | 0048 83be | c803 0000 | 0075 1748 | 8996 c803 | 0000 48c7 | 86d0 0300 
  0x00000288ce224780: 0001 0000 | 00e9 0800 | 0000 4883 | 86a8 0300 | 0001 488b 

  0x00000288ce224794: ;*invokeinterface size {reexecute=0 rethrow=0 return_oop=0}
                      ; - ai.onnxruntime.OrtSession::run@91 (line 366)
  0x00000288ce224794: d789 8424 | 0001 0000 | 9048 b8e8 | 8e1d 8088 

  0x00000288ce2247a4: ;   {virtual_call}
  0x00000288ce2247a4: 0200 00e8 

  0x00000288ce2247a8: ; ImmutableOopMap {[216]=Oop [224]=Oop [232]=Oop [240]=Oop [248]=Oop }
                      ;*invokeinterface size {reexecute=0 rethrow=0 return_oop=0}
                      ; - ai.onnxruntime.OrtSession::run@91 (line 366)
  0x00000288ce2247a8: 740b 8407 

  0x00000288ce2247ac: ;   {other}
  0x00000288ce2247ac: 0f1f 8400 

  0x00000288ce2247b0: ;*invokeinterface size {reexecute=0 rethrow=0 return_oop=0}
                      ; - ai.onnxruntime.OrtSession::run@91 (line 366)
  0x00000288ce2247b0: 9c0e 0003 | 8bb4 2400 | 0100 0003 | f089 b424 | 0401 0000 

  0x00000288ce2247c4: ;   {metadata(method data for {method} {0x00000288e7470da0} 'run' '(Ljava/util/Map;Ljava/util/Set;Ljava/util/Map;Lai/onnxruntime/OrtSession$RunOptions;)Lai/onnxruntime/OrtSession$Result;' in 'ai/onnxruntime/OrtSession')}
  0x00000288ce2247c4: 85f6 48ba | f882 ade7 | 8802 0000 | 48c7 c7e0 | 0300 0074 | 0748 c7c7 | f003 0000 | 488b 1c3a 
  0x00000288ce2247e4: 488d 5b01 | 4889 1c3a | 0f84 1a41 

  0x00000288ce2247f0: ;*ifeq {reexecute=0 rethrow=0 return_oop=0}
                      ; - ai.onnxruntime.OrtSession::run@101 (line 367)
  0x00000288ce2247f0: 0000 488b | 9424 d800 | 0000 488b 

  0x00000288ce2247fc: ;*getfield numOutputs {reexecute=0 rethrow=0 return_oop=0}
                      ; - ai.onnxruntime.OrtSession::run@108 (line 367)
  0x00000288ce2247fc: 7a20 4863 | de48 3bfb 

  0x00000288ce224804: ;   {metadata(method data for {method} {0x00000288e7470da0} 'run' '(Ljava/util/Map;Ljava/util/Set;Ljava/util/Map;Lai/onnxruntime/OrtSession$RunOptions;)Lai/onnxruntime/OrtSession$Result;' in 'ai/onnxruntime/OrtSession')}
  0x00000288ce224804: 48bf f882 | ade7 8802 | 0000 48c7 | c310 0400 | 007c 0748 | c7c3 0004 | 0000 488b | 041f 488d 
  0x00000288ce224824: 4001 4889 | 041f 0f8c 

  0x00000288ce22482c: ;*lcmp {reexecute=0 rethrow=0 return_oop=0}
                      ; - ai.onnxruntime.OrtSession::run@111 (line 367)
  0x00000288ce22482c: dc40 0000 | 4c8b 8424 | e000 0000 

  0x00000288ce224838: ;   {metadata(method data for {method} {0x00000288e7470da0} 'run' '(Ljava/util/Map;Ljava/util/Set;Ljava/util/Map;Lai/onnxruntime/OrtSession$RunOptions;)Lai/onnxruntime/OrtSession$Result;' in 'ai/onnxruntime/OrtSession')}
  0x00000288ce224838: 48bf f882 | ade7 8802 | 0000 458b | 4008 49ba | 0000 0080 | 8802 0000 | 4d03 c24c | 3b87 6805 
  0x00000288ce224858: 0000 750d | 4883 8770 | 0500 0001 | e960 0000 | 004c 3b87 | 7805 0000 | 750d 4883 | 8780 0500 
  0x00000288ce224878: 0001 e94a | 0000 0048 | 83bf 6805 | 0000 0075 | 174c 8987 | 6805 0000 | 48c7 8770 | 0500 0001 
  0x00000288ce224898: 0000 00e9 | 2900 0000 | 4883 bf78 | 0500 0000 | 7517 4c89 | 8778 0500 | 0048 c787 | 8005 0000 
  0x00000288ce2248b8: 0100 0000 | e908 0000 | 0048 8387 | 5805 0000 | 0148 8b94 | 24e0 0000 

  0x00000288ce2248d0: ;*invokeinterface size {reexecute=0 rethrow=0 return_oop=0}
                      ; - ai.onnxruntime.OrtSession::run@156 (line 374)
  0x00000288ce2248d0: 000f 1f40 | 0048 b8c0 | e413 8088 

  0x00000288ce2248dc: ;   {virtual_call}
  0x00000288ce2248dc: 0200 00e8 

  0x00000288ce2248e0: ; ImmutableOopMap {[216]=Oop [224]=Oop [232]=Oop [240]=Oop [248]=Oop }
                      ;*invokeinterface size {reexecute=0 rethrow=0 return_oop=0}
                      ; - ai.onnxruntime.OrtSession::run@156 (line 374)
  0x00000288ce2248e0: bc51 8007 

  0x00000288ce2248e4: ;   {other}
  0x00000288ce2248e4: 0f1f 8400 

  0x00000288ce2248e8: ;*invokeinterface size {reexecute=0 rethrow=0 return_oop=0}
                      ; - ai.onnxruntime.OrtSession::run@156 (line 374)
  0x00000288ce2248e8: d40f 0004 

  0x00000288ce2248ec: ;   {metadata('java/lang/String'[])}
  0x00000288ce2248ec: 488b d848 | ba18 ee00 | 8088 0200 | 0048 63db | 488b fb48 | 81fb ffff | ff00 0f87 | 004b 0000 
  0x00000288ce22490c: 48c7 c617 | 0000 0048 | 8d34 9e48 | 83e6 f849 | 8b87 b801 | 0000 488d | 3430 493b | b7c8 0100 
  0x00000288ce22492c: 000f 87d9 | 4a00 0049 | 89b7 b801 | 0000 482b | f048 c700 | 0100 0000 | 488b ca49 | ba00 0000 
  0x00000288ce22494c: 8088 0200 | 0049 2bca | 8948 0889 | 580c 4883 | ee10 4885 | f60f 8411 | 0000 0048 | 33db 48c1 
  0x00000288ce22496c: ee03 4889 | 5cf0 0848 

  0x00000288ce224974: ;*anewarray {reexecute=0 rethrow=0 return_oop=0}
                      ; - ai.onnxruntime.OrtSession::run@161 (line 374)
  0x00000288ce224974: ffce 75f6 | 4889 8424 | 0801 0000 | 4c8b 8424 | e000 0000 

  0x00000288ce224988: ;   {metadata(method data for {method} {0x00000288e7470da0} 'run' '(Ljava/util/Map;Ljava/util/Set;Ljava/util/Map;Lai/onnxruntime/OrtSession$RunOptions;)Lai/onnxruntime/OrtSession$Result;' in 'ai/onnxruntime/OrtSession')}
  0x00000288ce224988: 48ba f882 | ade7 8802 | 0000 458b | 4008 49ba | 0000 0080 | 8802 0000 | 4d03 c24c | 3b82 a005 
  0x00000288ce2249a8: 0000 750d | 4883 82a8 | 0500 0001 | e960 0000 | 004c 3b82 | b005 0000 | 750d 4883 | 82b8 0500 
  0x00000288ce2249c8: 0001 e94a | 0000 0048 | 83ba a005 | 0000 0075 | 174c 8982 | a005 0000 | 48c7 82a8 | 0500 0001 
  0x00000288ce2249e8: 0000 00e9 | 2900 0000 | 4883 bab0 | 0500 0000 | 7517 4c89 | 82b0 0500 | 0048 c782 | b805 0000 
  0x00000288ce224a08: 0100 0000 | e908 0000 | 0048 8382 | 9005 0000 | 0148 8b94 | 24e0 0000 

  0x00000288ce224a20: ;*invokeinterface size {reexecute=0 rethrow=0 return_oop=0}
                      ; - ai.onnxruntime.OrtSession::run@167 (line 375)
  0x00000288ce224a20: 000f 1f40 | 0048 b8c0 | e413 8088 

  0x00000288ce224a2c: ;   {virtual_call}
  0x00000288ce224a2c: 0200 00e8 

  0x00000288ce224a30: ; ImmutableOopMap {[216]=Oop [224]=Oop [232]=Oop [240]=Oop [248]=Oop [264]=Oop }
                      ;*invokeinterface size {reexecute=0 rethrow=0 return_oop=0}
                      ; - ai.onnxruntime.OrtSession::run@167 (line 375)
  0x00000288ce224a30: 6c50 8007 

  0x00000288ce224a34: ;   {other}
  0x00000288ce224a34: 0f1f 8400 

  0x00000288ce224a38: ;*invokeinterface size {reexecute=0 rethrow=0 return_oop=0}
                      ; - ai.onnxruntime.OrtSession::run@167 (line 375)
  0x00000288ce224a38: 2411 0005 

  0x00000288ce224a3c: ;   {metadata({type array long})}
  0x00000288ce224a3c: 488b d848 | baf8 2a00 | 8088 0200 | 0048 63db | 488b fb48 | 81fb ffff | ff00 0f87 | ba49 0000 
  0x00000288ce224a5c: 48c7 c617 | 0000 0048 | 8d34 de48 | 83e6 f849 | 8b87 b801 | 0000 488d | 3430 493b | b7c8 0100 
  0x00000288ce224a7c: 000f 8793 | 4900 0049 | 89b7 b801 | 0000 482b | f048 c700 | 0100 0000 | 488b ca49 | ba00 0000 
  0x00000288ce224a9c: 8088 0200 | 0049 2bca | 8948 0889 | 580c 4883 | ee10 4885 | f60f 8411 | 0000 0048 | 33db 48c1 
  0x00000288ce224abc: ee03 4889 | 5cf0 0848 

  0x00000288ce224ac4: ;*newarray {reexecute=0 rethrow=0 return_oop=0}
                      ; - ai.onnxruntime.OrtSession::run@172 (line 375)
  0x00000288ce224ac4: ffce 75f6 | 4889 8424 | 1001 0000 | 4c8b 8424 | e000 0000 

  0x00000288ce224ad8: ;   {metadata(method data for {method} {0x00000288e7470da0} 'run' '(Ljava/util/Map;Ljava/util/Set;Ljava/util/Map;Lai/onnxruntime/OrtSession$RunOptions;)Lai/onnxruntime/OrtSession$Result;' in 'ai/onnxruntime/OrtSession')}
  0x00000288ce224ad8: 48ba f882 | ade7 8802 | 0000 458b | 4008 49ba | 0000 0080 | 8802 0000 | 4d03 c24c | 3b82 d805 
  0x00000288ce224af8: 0000 750d | 4883 82e0 | 0500 0001 | e960 0000 | 004c 3b82 | e805 0000 | 750d 4883 | 82f0 0500 
  0x00000288ce224b18: 0001 e94a | 0000 0048 | 83ba d805 | 0000 0075 | 174c 8982 | d805 0000 | 48c7 82e0 | 0500 0001 
  0x00000288ce224b38: 0000 00e9 | 2900 0000 | 4883 bae8 | 0500 0000 | 7517 4c89 | 82e8 0500 | 0048 c782 | f005 0000 
  0x00000288ce224b58: 0100 0000 | e908 0000 | 0048 8382 | c805 0000 | 0148 8b94 | 24e0 0000 

  0x00000288ce224b70: ;*invokeinterface entrySet {reexecute=0 rethrow=0 return_oop=0}
                      ; - ai.onnxruntime.OrtSession::run@180 (line 377)
  0x00000288ce224b70: 000f 1f40 | 0048 b8c0 | e413 8088 

  0x00000288ce224b7c: ;   {virtual_call}
  0x00000288ce224b7c: 0200 00e8 

  0x00000288ce224b80: ; ImmutableOopMap {[216]=Oop [224]=Oop [232]=Oop [240]=Oop [248]=Oop [264]=Oop [272]=Oop }
                      ;*invokeinterface entrySet {reexecute=0 rethrow=0 return_oop=0}
                      ; - ai.onnxruntime.OrtSession::run@180 (line 377)
  0x00000288ce224b80: dc0e feff 

  0x00000288ce224b84: ;   {other}
  0x00000288ce224b84: 0f1f 8400 

  0x00000288ce224b88: ;*invokeinterface entrySet {reexecute=0 rethrow=0 return_oop=0}
                      ; - ai.onnxruntime.OrtSession::run@180 (line 377)
  0x00000288ce224b88: 7412 0006 

  0x00000288ce224b8c: ; implicit exception: dispatches to 0x00000288ce229420
  0x00000288ce224b8c: 483b 0048 

  0x00000288ce224b90: ;   {metadata(method data for {method} {0x00000288e7470da0} 'run' '(Ljava/util/Map;Ljava/util/Set;Ljava/util/Map;Lai/onnxruntime/OrtSession$RunOptions;)Lai/onnxruntime/OrtSession$Result;' in 'ai/onnxruntime/OrtSession')}
  0x00000288ce224b90: 8bd0 48be | f882 ade7 | 8802 0000 | 8b52 0849 | ba00 0000 | 8088 0200 | 0049 03d2 | 483b 9610 
  0x00000288ce224bb0: 0600 0075 | 0d48 8386 | 1806 0000 | 01e9 6000 | 0000 483b | 9620 0600 | 0075 0d48 | 8386 2806 
  0x00000288ce224bd0: 0000 01e9 | 4a00 0000 | 4883 be10 | 0600 0000 | 7517 4889 | 9610 0600 | 0048 c786 | 1806 0000 
  0x00000288ce224bf0: 0100 0000 | e929 0000 | 0048 83be | 2006 0000 | 0075 1748 | 8996 2006 | 0000 48c7 | 8628 0600 
  0x00000288ce224c10: 0001 0000 | 00e9 0800 | 0000 4883 | 8600 0600 | 0001 488b 

  0x00000288ce224c24: ;*invokeinterface iterator {reexecute=0 rethrow=0 return_oop=0}
                      ; - ai.onnxruntime.OrtSession::run@185 (line 377)
  0x00000288ce224c24: d048 b8f0 | 5d19 8088 

  0x00000288ce224c2c: ;   {virtual_call}
  0x00000288ce224c2c: 0200 00e8 

  0x00000288ce224c30: ; ImmutableOopMap {[216]=Oop [224]=Oop [232]=Oop [240]=Oop [248]=Oop [264]=Oop [272]=Oop }
                      ;*invokeinterface iterator {reexecute=0 rethrow=0 return_oop=0}
                      ; - ai.onnxruntime.OrtSession::run@185 (line 377)
  0x00000288ce224c30: 0c04 feff 

  0x00000288ce224c34: ;   {other}
  0x00000288ce224c34: 0f1f 8400 

  0x00000288ce224c38: ;*invokeinterface iterator {reexecute=0 rethrow=0 return_oop=0}
                      ; - ai.onnxruntime.OrtSession::run@185 (line 377)
  0x00000288ce224c38: 2413 0007 | 4889 8424 | 1801 0000 | be00 0000 | 0089 b424 | 2001 0000 | e954 0900 

  0x00000288ce224c54: ;*aload {reexecute=0 rethrow=0 return_oop=0}
                      ; - ai.onnxruntime.OrtSession::run@192 (line 377)
  0x00000288ce224c54: 0066 6690 | 488b 8424 | 1801 0000 

  0x00000288ce224c60: ;   {metadata(method data for {method} {0x00000288e7470da0} 'run' '(Ljava/util/Map;Ljava/util/Set;Ljava/util/Map;Lai/onnxruntime/OrtSession$RunOptions;)Lai/onnxruntime/OrtSession$Result;' in 'ai/onnxruntime/OrtSession')}
  0x00000288ce224c60: 48be f882 | ade7 8802 | 0000 8b40 | 0849 ba00 | 0000 8088 | 0200 0049 | 03c2 483b | 86a0 0600 
  0x00000288ce224c80: 0075 0d48 | 8386 a806 | 0000 01e9 | 6000 0000 | 483b 86b0 | 0600 0075 | 0d48 8386 | b806 0000 
  0x00000288ce224ca0: 01e9 4a00 | 0000 4883 | bea0 0600 | 0000 7517 | 4889 86a0 | 0600 0048 | c786 a806 | 0000 0100 
  0x00000288ce224cc0: 0000 e929 | 0000 0048 | 83be b006 | 0000 0075 | 1748 8986 | b006 0000 | 48c7 86b8 | 0600 0001 
  0x00000288ce224ce0: 0000 00e9 | 0800 0000 | 4883 8690 | 0600 0001 | 488b 9424 

  0x00000288ce224cf4: ;*invokeinterface next {reexecute=0 rethrow=0 return_oop=0}
                      ; - ai.onnxruntime.OrtSession::run@204 (line 377)
  0x00000288ce224cf4: 1801 0000 | 0f1f 4400 | 0048 b850 | 5719 8088 

  0x00000288ce224d04: ;   {virtual_call}
  0x00000288ce224d04: 0200 00e8 

  0x00000288ce224d08: ; ImmutableOopMap {[216]=Oop [224]=Oop [232]=Oop [240]=Oop [248]=Oop [264]=Oop [272]=Oop [280]=Oop }
                      ;*invokeinterface next {reexecute=0 rethrow=0 return_oop=0}
                      ; - ai.onnxruntime.OrtSession::run@204 (line 377)
  0x00000288ce224d08: b4bb f9ff 

  0x00000288ce224d0c: ;   {other}
  0x00000288ce224d0c: 0f1f 8400 

  0x00000288ce224d10: ;*invokeinterface next {reexecute=0 rethrow=0 return_oop=0}
                      ; - ai.onnxruntime.OrtSession::run@204 (line 377)
  0x00000288ce224d10: fc13 0008 | 4885 c075 

  0x00000288ce224d18: ;   {metadata(method data for {method} {0x00000288e7470da0} 'run' '(Ljava/util/Map;Ljava/util/Set;Ljava/util/Map;Lai/onnxruntime/OrtSession$RunOptions;)Lai/onnxruntime/OrtSession$Result;' in 'ai/onnxruntime/OrtSession')}
  0x00000288ce224d18: 1648 bff8 | 82ad e788 | 0200 0080 | 8fc1 0600 | 0001 e9e7 

  0x00000288ce224d2c: ;   {metadata('java/util/Map$Entry')}
  0x00000288ce224d2c: 0000 0048 | bb48 1501 | 8088 0200 | 008b 7808 | 49ba 0000 | 0080 8802 | 0000 4903 | fa48 3b5f 
  0x00000288ce224d4c: 200f 841a | 0000 0048 | 3bfb 0f84 | 1100 0000 

  0x00000288ce224d5c: ;   {runtime_call slow_subtype_check Runtime1 stub}
  0x00000288ce224d5c: 5753 e81d | 1a04 075f | 5f85 ff0f | 848d 0000 

  0x00000288ce224d6c: ;   {metadata(method data for {method} {0x00000288e7470da0} 'run' '(Ljava/util/Map;Ljava/util/Set;Ljava/util/Map;Lai/onnxruntime/OrtSession$RunOptions;)Lai/onnxruntime/OrtSession$Result;' in 'ai/onnxruntime/OrtSession')}
  0x00000288ce224d6c: 0048 bff8 | 82ad e788 | 0200 008b | 5808 49ba | 0000 0080 | 8802 0000 | 4903 da48 | 3b9f d806 
  0x00000288ce224d8c: 0000 750d | 4883 87e0 | 0600 0001 | e979 0000 | 0048 3b9f | e806 0000 | 750d 4883 | 87f0 0600 
  0x00000288ce224dac: 0001 e963 | 0000 0048 | 83bf d806 | 0000 0075 | 1748 899f | d806 0000 | 48c7 87e0 | 0600 0001 
  0x00000288ce224dcc: 0000 00e9 | 4200 0000 | 4883 bfe8 | 0600 0000 | 7517 4889 | 9fe8 0600 | 0048 c787 | f006 0000 
  0x00000288ce224dec: 0100 0000 | e921 0000 | 00e9 1c00 

  0x00000288ce224df8: ;   {metadata(method data for {method} {0x00000288e7470da0} 'run' '(Ljava/util/Map;Ljava/util/Set;Ljava/util/Map;Lai/onnxruntime/OrtSession$RunOptions;)Lai/onnxruntime/OrtSession$Result;' in 'ai/onnxruntime/OrtSession')}
  0x00000288ce224df8: 0000 48bf | f882 ade7 | 8802 0000 | 4883 afc8 | 0600 0001 | e914 4600 | 00e9 0000 | 0000 488b 
  0x00000288ce224e18: ;*checkcast {reexecute=0 rethrow=0 return_oop=0}
                      ; - ai.onnxruntime.OrtSession::run@209 (line 377)
  0x00000288ce224e18: f048 89b4 | 2430 0100 | 0048 8b94 | 24d8 0000 | 008b 7a2c 

  0x00000288ce224e2c: ;*getfield inputNames {reexecute=0 rethrow=0 return_oop=0}
                      ; - ai.onnxruntime.OrtSession::run@215 (line 378)
  0x00000288ce224e2c: 48c1 e703 

  0x00000288ce224e30: ; implicit exception: dispatches to 0x00000288ce22942e
  0x00000288ce224e30: 483b 0648 

  0x00000288ce224e34: ;   {metadata(method data for {method} {0x00000288e7470da0} 'run' '(Ljava/util/Map;Ljava/util/Set;Ljava/util/Map;Lai/onnxruntime/OrtSession$RunOptions;)Lai/onnxruntime/OrtSession$Result;' in 'ai/onnxruntime/OrtSession')}
  0x00000288ce224e34: 8bde 48b8 | f882 ade7 | 8802 0000 | 8b5b 0849 | ba00 0000 | 8088 0200 | 0049 03da | 483b 9810 
  0x00000288ce224e54: 0700 0075 | 0d48 8380 | 1807 0000 | 01e9 6000 | 0000 483b | 9820 0700 | 0075 0d48 | 8380 2807 
  0x00000288ce224e74: 0000 01e9 | 4a00 0000 | 4883 b810 | 0700 0000 | 7517 4889 | 9810 0700 | 0048 c780 | 1807 0000 
  0x00000288ce224e94: 0100 0000 | e929 0000 | 0048 83b8 | 2007 0000 | 0075 1748 | 8998 2007 | 0000 48c7 | 8028 0700 
  0x00000288ce224eb4: 0001 0000 | 00e9 0800 | 0000 4883 | 8000 0700 | 0001 488b 

  0x00000288ce224ec8: ;*invokeinterface getKey {reexecute=0 rethrow=0 return_oop=0}
                      ; - ai.onnxruntime.OrtSession::run@220 (line 378)
  0x00000288ce224ec8: d648 89bc | 2428 0100 | 000f 1f40 | 0048 b810 | 0014 8088 

  0x00000288ce224edc: ;   {virtual_call}
  0x00000288ce224edc: 0200 00e8 

  0x00000288ce224ee0: ; ImmutableOopMap {[216]=Oop [224]=Oop [232]=Oop [240]=Oop [248]=Oop [264]=Oop [272]=Oop [280]=Oop [296]=Oop [304]=Oop }
                      ;*invokeinterface getKey {reexecute=0 rethrow=0 return_oop=0}
                      ; - ai.onnxruntime.OrtSession::run@220 (line 378)
  0x00000288ce224ee0: 3c6f 6707 

  0x00000288ce224ee4: ;   {other}
  0x00000288ce224ee4: 0f1f 8400 

  0x00000288ce224ee8: ;*invokeinterface getKey {reexecute=0 rethrow=0 return_oop=0}
                      ; - ai.onnxruntime.OrtSession::run@220 (line 378)
  0x00000288ce224ee8: d415 0009 | 488b bc24 | 2801 0000 

  0x00000288ce224ef4: ; implicit exception: dispatches to 0x00000288ce229433
  0x00000288ce224ef4: 483b 074c 

  0x00000288ce224ef8: ;   {metadata(method data for {method} {0x00000288e7470da0} 'run' '(Ljava/util/Map;Ljava/util/Set;Ljava/util/Map;Lai/onnxruntime/OrtSession$RunOptions;)Lai/onnxruntime/OrtSession$Result;' in 'ai/onnxruntime/OrtSession')}
  0x00000288ce224ef8: 8bc7 48ba | f882 ade7 | 8802 0000 | 458b 4008 | 49ba 0000 | 0080 8802 | 0000 4d03 | c24c 3b82 
  0x00000288ce224f18: 4807 0000 | 750d 4883 | 8250 0700 | 0001 e960 | 0000 004c | 3b82 5807 | 0000 750d | 4883 8260 
  0x00000288ce224f38: 0700 0001 | e94a 0000 | 0048 83ba | 4807 0000 | 0075 174c | 8982 4807 | 0000 48c7 | 8250 0700 
  0x00000288ce224f58: 0001 0000 | 00e9 2900 | 0000 4883 | ba58 0700 | 0000 7517 | 4c89 8258 | 0700 0048 | c782 6007 
  0x00000288ce224f78: 0000 0100 | 0000 e908 | 0000 0048 | 8382 3807 | 0000 014c | 8bc0 488b 

  0x00000288ce224f90: ;*invokeinterface contains {reexecute=0 rethrow=0 return_oop=0}
                      ; - ai.onnxruntime.OrtSession::run@225 (line 378)
  0x00000288ce224f90: d70f 1f40 | 0048 b880 | 7d0f 8088 

  0x00000288ce224f9c: ;   {virtual_call}
  0x00000288ce224f9c: 0200 00e8 

  0x00000288ce224fa0: ; ImmutableOopMap {[216]=Oop [224]=Oop [232]=Oop [240]=Oop [248]=Oop [264]=Oop [272]=Oop [280]=Oop [304]=Oop }
                      ;*invokeinterface contains {reexecute=0 rethrow=0 return_oop=0}
                      ; - ai.onnxruntime.OrtSession::run@225 (line 378)
  0x00000288ce224fa0: 9c70 efff 

  0x00000288ce224fa4: ;   {other}
  0x00000288ce224fa4: 0f1f 8400 

  0x00000288ce224fa8: ;*invokeinterface contains {reexecute=0 rethrow=0 return_oop=0}
                      ; - ai.onnxruntime.OrtSession::run@225 (line 378)
  0x00000288ce224fa8: 9416 000a 

  0x00000288ce224fac: ;   {metadata(method data for {method} {0x00000288e7470da0} 'run' '(Ljava/util/Map;Ljava/util/Set;Ljava/util/Map;Lai/onnxruntime/OrtSession$RunOptions;)Lai/onnxruntime/OrtSession$Result;' in 'ai/onnxruntime/OrtSession')}
  0x00000288ce224fac: 85c0 48ba | f882 ade7 | 8802 0000 | 48c7 c670 | 0700 0074 | 0748 c7c6 | 8007 0000 | 488b 3c32 
  0x00000288ce224fcc: 488d 7f01 | 4889 3c32 | 0f84 3a32 

  0x00000288ce224fd8: ;*ifeq {reexecute=0 rethrow=0 return_oop=0}
                      ; - ai.onnxruntime.OrtSession::run@230 (line 378)
  0x00000288ce224fd8: 0000 488b | 9424 3001 

  0x00000288ce224fe0: ;   {metadata(method data for {method} {0x00000288e7470da0} 'run' '(Ljava/util/Map;Ljava/util/Set;Ljava/util/Map;Lai/onnxruntime/OrtSession$RunOptions;)Lai/onnxruntime/OrtSession$Result;' in 'ai/onnxruntime/OrtSession')}
  0x00000288ce224fe0: 0000 48bb | f882 ade7 | 8802 0000 | 8b52 0849 | ba00 0000 | 8088 0200 | 0049 03d2 | 483b 93a0 
  0x00000288ce225000: 0700 0075 | 0d48 8383 | a807 0000 | 01e9 6000 | 0000 483b | 93b0 0700 | 0075 0d48 | 8383 b807 
  0x00000288ce225020: 0000 01e9 | 4a00 0000 | 4883 bba0 | 0700 0000 | 7517 4889 | 93a0 0700 | 0048 c783 | a807 0000 
  0x00000288ce225040: 0100 0000 | e929 0000 | 0048 83bb | b007 0000 | 0075 1748 | 8993 b007 | 0000 48c7 | 83b8 0700 
  0x00000288ce225060: 0001 0000 | 00e9 0800 | 0000 4883 | 8390 0700 | 0001 488b | 9424 3001 

  0x00000288ce225078: ;*invokeinterface getKey {reexecute=0 rethrow=0 return_oop=0}
                      ; - ai.onnxruntime.OrtSession::run@239 (line 379)
  0x00000288ce225078: 0000 6666 | 9048 b810 | 0014 8088 

  0x00000288ce225084: ;   {virtual_call}
  0x00000288ce225084: 0200 00e8 

  0x00000288ce225088: ; ImmutableOopMap {[216]=Oop [224]=Oop [232]=Oop [240]=Oop [248]=Oop [264]=Oop [272]=Oop [280]=Oop [304]=Oop }
                      ;*invokeinterface getKey {reexecute=0 rethrow=0 return_oop=0}
                      ; - ai.onnxruntime.OrtSession::run@239 (line 379)
  0x00000288ce225088: 946d 6707 

  0x00000288ce22508c: ;   {other}
  0x00000288ce22508c: 0f1f 8400 

  0x00000288ce225090: ;*invokeinterface getKey {reexecute=0 rethrow=0 return_oop=0}
                      ; - ai.onnxruntime.OrtSession::run@239 (line 379)
  0x00000288ce225090: 7c17 000b | 4885 c075 

  0x00000288ce225098: ;   {metadata(method data for {method} {0x00000288e7470da0} 'run' '(Ljava/util/Map;Ljava/util/Set;Ljava/util/Map;Lai/onnxruntime/OrtSession$RunOptions;)Lai/onnxruntime/OrtSession$Result;' in 'ai/onnxruntime/OrtSession')}
  0x00000288ce225098: 1648 bff8 | 82ad e788 | 0200 0080 | 8fc1 0700 | 0001 e9cc 

  0x00000288ce2250ac: ;   {metadata('java/lang/String')}
  0x00000288ce2250ac: 0000 0048 | bb70 ea00 | 8088 0200 | 008b 7008 | 49ba 0000 | 0080 8802 | 0000 4903 | f248 3bde 
  0x00000288ce2250cc: 0f85 8d00 

  0x00000288ce2250d0: ;   {metadata(method data for {method} {0x00000288e7470da0} 'run' '(Ljava/util/Map;Ljava/util/Set;Ljava/util/Map;Lai/onnxruntime/OrtSession$RunOptions;)Lai/onnxruntime/OrtSession$Result;' in 'ai/onnxruntime/OrtSession')}
  0x00000288ce2250d0: 0000 48bf | f882 ade7 | 8802 0000 | 8b58 0849 | ba00 0000 | 8088 0200 | 0049 03da | 483b 9fd8 
  0x00000288ce2250f0: 0700 0075 | 0d48 8387 | e007 0000 | 01e9 7900 | 0000 483b | 9fe8 0700 | 0075 0d48 | 8387 f007 
  0x00000288ce225110: 0000 01e9 | 6300 0000 | 4883 bfd8 | 0700 0000 | 7517 4889 | 9fd8 0700 | 0048 c787 | e007 0000 
  0x00000288ce225130: 0100 0000 | e942 0000 | 0048 83bf | e807 0000 | 0075 1748 | 899f e807 | 0000 48c7 | 87f0 0700 
  0x00000288ce225150: 0001 0000 | 00e9 2100 | 0000 e91c 

  0x00000288ce22515c: ;   {metadata(method data for {method} {0x00000288e7470da0} 'run' '(Ljava/util/Map;Ljava/util/Set;Ljava/util/Map;Lai/onnxruntime/OrtSession$RunOptions;)Lai/onnxruntime/OrtSession$Result;' in 'ai/onnxruntime/OrtSession')}
  0x00000288ce22515c: 0000 0048 | bff8 82ad | e788 0200 | 0048 83af | c807 0000 | 01e9 c242 | 0000 e900 | 0000 0048 
  0x00000288ce22517c: ;*checkcast {reexecute=0 rethrow=0 return_oop=0}
                      ; - ai.onnxruntime.OrtSession::run@244 (line 379)
  0x00000288ce22517c: 8bd0 488b | 8424 0801 | 0000 8bb4 | 2420 0100 | 003b 700c | 0f83 ab42 | 0000 4885 

  0x00000288ce225198: ;   {metadata(method data for {method} {0x00000288e7470da0} 'run' '(Ljava/util/Map;Ljava/util/Set;Ljava/util/Map;Lai/onnxruntime/OrtSession$RunOptions;)Lai/onnxruntime/OrtSession$Result;' in 'ai/onnxruntime/OrtSession')}
  0x00000288ce225198: d275 1648 | bbf8 82ad | e788 0200 | 0080 8bf9 | 0700 0001 | e9f8 0000 | 008b 7808 | 49ba 0000 
  0x00000288ce2251b8: 0080 8802 | 0000 4903 | fa8b 5a08 | 49ba 0000 | 0080 8802 | 0000 4903 | da48 8bbf | e000 0000 
  0x00000288ce2251d8: 483b df0f | 8427 0000 | 008b 4f14 | 483b 3c0b | 0f84 1a00 | 0000 83f9 | 200f 859b | 0000 0053 
  0x00000288ce2251f8: ;   {runtime_call slow_subtype_check Runtime1 stub}
  0x00000288ce2251f8: 57e8 8215 | 0407 5b5f | 85ff 0f84 | 8a00 0000 

  0x00000288ce225208: ;   {metadata(method data for {method} {0x00000288e7470da0} 'run' '(Ljava/util/Map;Ljava/util/Set;Ljava/util/Map;Lai/onnxruntime/OrtSession$RunOptions;)Lai/onnxruntime/OrtSession$Result;' in 'ai/onnxruntime/OrtSession')}
  0x00000288ce225208: 48bb f882 | ade7 8802 | 0000 8b7a | 0849 ba00 | 0000 8088 | 0200 0049 | 03fa 483b | bb10 0800 
  0x00000288ce225228: 0075 0d48 | 8383 1808 | 0000 01e9 | 7100 0000 | 483b bb20 | 0800 0075 | 0d48 8383 | 2808 0000 
  0x00000288ce225248: 01e9 5b00 | 0000 4883 | bb10 0800 | 0000 7517 | 4889 bb10 | 0800 0048 | c783 1808 | 0000 0100 
  0x00000288ce225268: 0000 e93a | 0000 0048 | 83bb 2008 | 0000 0075 | 1748 89bb | 2008 0000 | 48c7 8328 | 0800 0001 
  0x00000288ce225288: 0000 00e9 | 1900 0000 

  0x00000288ce225290: ;   {metadata(method data for {method} {0x00000288e7470da0} 'run' '(Ljava/util/Map;Ljava/util/Set;Ljava/util/Map;Lai/onnxruntime/OrtSession$RunOptions;)Lai/onnxruntime/OrtSession$Result;' in 'ai/onnxruntime/OrtSession')}
  0x00000288ce225290: eb17 48bb | f882 ade7 | 8802 0000 | 4883 ab00 | 0800 0001 | e9ab 4100 | 0048 63fe | 488d 7cb8 
  0x00000288ce2252b0: 1041 0fbe | 5f40 85db | 0f85 9f41 | 0000 4c8b | d249 c1ea | 0344 8917 | 488b df48 | 33da 48c1 
  0x00000288ce2252d0: eb15 4883 | fb00 0f85 

  0x00000288ce2252d8: ;*aastore {reexecute=0 rethrow=0 return_oop=0}
                      ; - ai.onnxruntime.OrtSession::run@247 (line 379)
  0x00000288ce2252d8: 9f41 0000 | 488b 9424 | 3001 0000 

  0x00000288ce2252e4: ;   {metadata(method data for {method} {0x00000288e7470da0} 'run' '(Ljava/util/Map;Ljava/util/Set;Ljava/util/Map;Lai/onnxruntime/OrtSession$RunOptions;)Lai/onnxruntime/OrtSession$Result;' in 'ai/onnxruntime/OrtSession')}
  0x00000288ce2252e4: 48bf f882 | ade7 8802 | 0000 8b52 | 0849 ba00 | 0000 8088 | 0200 0049 | 03d2 483b | 9748 0800 
  0x00000288ce225304: 0075 0d48 | 8387 5008 | 0000 01e9 | 6000 0000 | 483b 9758 | 0800 0075 | 0d48 8387 | 6008 0000 
  0x00000288ce225324: 01e9 4a00 | 0000 4883 | bf48 0800 | 0000 7517 | 4889 9748 | 0800 0048 | c787 5008 | 0000 0100 
  0x00000288ce225344: 0000 e929 | 0000 0048 | 83bf 5808 | 0000 0075 | 1748 8997 | 5808 0000 | 48c7 8760 | 0800 0001 
  0x00000288ce225364: 0000 00e9 | 0800 0000 | 4883 8738 | 0800 0001 | 488b 9424 

  0x00000288ce225378: ;*invokeinterface getValue {reexecute=0 rethrow=0 return_oop=0}
                      ; - ai.onnxruntime.OrtSession::run@254 (line 380)
  0x00000288ce225378: 3001 0000 | 89b4 2420 | 0100 0066 | 9048 b810 | 0014 8088 

  0x00000288ce22538c: ;   {virtual_call}
  0x00000288ce22538c: 0200 00e8 

  0x00000288ce225390: ; ImmutableOopMap {[216]=Oop [224]=Oop [232]=Oop [240]=Oop [248]=Oop [264]=Oop [272]=Oop [280]=Oop [304]=Oop }
                      ;*invokeinterface getValue {reexecute=0 rethrow=0 return_oop=0}
                      ; - ai.onnxruntime.OrtSession::run@254 (line 380)
  0x00000288ce225390: 8c6d 6707 

  0x00000288ce225394: ;   {other}
  0x00000288ce225394: 0f1f 8400 

  0x00000288ce225398: ;*invokeinterface getValue {reexecute=0 rethrow=0 return_oop=0}
                      ; - ai.onnxruntime.OrtSession::run@254 (line 380)
  0x00000288ce225398: 841a 000c | 4885 c075 

  0x00000288ce2253a0: ;   {metadata(method data for {method} {0x00000288e7470da0} 'run' '(Ljava/util/Map;Ljava/util/Set;Ljava/util/Map;Lai/onnxruntime/OrtSession$RunOptions;)Lai/onnxruntime/OrtSession$Result;' in 'ai/onnxruntime/OrtSession')}
  0x00000288ce2253a0: 1648 bff8 | 82ad e788 | 0200 0080 | 8f69 0800 | 0001 e9cd 

  0x00000288ce2253b4: ;   {metadata('ai/onnxruntime/OnnxTensorLike')}
  0x00000288ce2253b4: 0000 0048 | bb00 140c | 8188 0200 | 008b 7808 | 49ba 0000 | 0080 8802 | 0000 4903 | fa48 3b5f 
  0x00000288ce2253d4: 380f 858d 

  0x00000288ce2253d8: ;   {metadata(method data for {method} {0x00000288e7470da0} 'run' '(Ljava/util/Map;Ljava/util/Set;Ljava/util/Map;Lai/onnxruntime/OrtSession$RunOptions;)Lai/onnxruntime/OrtSession$Result;' in 'ai/onnxruntime/OrtSession')}
  0x00000288ce2253d8: 0000 0048 | bff8 82ad | e788 0200 | 008b 5808 | 49ba 0000 | 0080 8802 | 0000 4903 | da48 3b9f 
  0x00000288ce2253f8: 8008 0000 | 750d 4883 | 8788 0800 | 0001 e979 | 0000 0048 | 3b9f 9008 | 0000 750d | 4883 8798 
  0x00000288ce225418: 0800 0001 | e963 0000 | 0048 83bf | 8008 0000 | 0075 1748 | 899f 8008 | 0000 48c7 | 8788 0800 
  0x00000288ce225438: 0001 0000 | 00e9 4200 | 0000 4883 | bf90 0800 | 0000 7517 | 4889 9f90 | 0800 0048 | c787 9808 
  0x00000288ce225458: 0000 0100 | 0000 e921 | 0000 00e9 | 1c00 0000 

  0x00000288ce225468: ;   {metadata(method data for {method} {0x00000288e7470da0} 'run' '(Ljava/util/Map;Ljava/util/Set;Ljava/util/Map;Lai/onnxruntime/OrtSession$RunOptions;)Lai/onnxruntime/OrtSession$Result;' in 'ai/onnxruntime/OrtSession')}
  0x00000288ce225468: 48bf f882 | ade7 8802 | 0000 4883 | af70 0800 | 0001 e914 | 4000 00e9 | 0000 0000 

  0x00000288ce225484: ;*checkcast {reexecute=0 rethrow=0 return_oop=0}
                      ; - ai.onnxruntime.OrtSession::run@259 (line 380)
  0x00000288ce225484: 488b d048 

  0x00000288ce225488: ;*invokevirtual getNativeHandle {reexecute=0 rethrow=0 return_oop=0}
                      ; - ai.onnxruntime.OrtSession::run@262 (line 380)
  0x00000288ce225488: 3b02 488b 

  0x00000288ce22548c: ;   {metadata(method data for {method} {0x00000288e7470da0} 'run' '(Ljava/util/Map;Ljava/util/Set;Ljava/util/Map;Lai/onnxruntime/OrtSession$RunOptions;)Lai/onnxruntime/OrtSession$Result;' in 'ai/onnxruntime/OrtSession')}
  0x00000288ce22548c: f248 bff8 | 82ad e788 | 0200 008b | 7608 49ba | 0000 0080 | 8802 0000 | 4903 f248 | 3bb7 b808 
  0x00000288ce2254ac: 0000 750d | 4883 87c0 | 0800 0001 | e960 0000 | 0048 3bb7 | c808 0000 | 750d 4883 | 87d0 0800 
  0x00000288ce2254cc: 0001 e94a | 0000 0048 | 83bf b808 | 0000 0075 | 1748 89b7 | b808 0000 | 48c7 87c0 | 0800 0001 
  0x00000288ce2254ec: 0000 00e9 | 2900 0000 | 4883 bfc8 | 0800 0000 | 7517 4889 | b7c8 0800 | 0048 c787 | d008 0000 
  0x00000288ce22550c: 0100 0000 | e908 0000 | 0048 8387 | a808 0000 | 0148 8b72 

  0x00000288ce225520: ;*getfield nativeHandle {reexecute=0 rethrow=0 return_oop=0}
                      ; - ai.onnxruntime.OnnxTensorLike::getNativeHandle@1 (line 54)
                      ; - ai.onnxruntime.OrtSession::run@262 (line 380)
  0x00000288ce225520: 1048 8b84 | 2410 0100 | 008b bc24 | 2001 0000 | 3b78 0c0f | 8368 3f00 | 0048 63d7 | 4889 74d0 
  0x00000288ce225540: ;*lastore {reexecute=0 rethrow=0 return_oop=0}
                      ; - ai.onnxruntime.OrtSession::run@265 (line 380)
  0x00000288ce225540: 1048 8bf7 

  0x00000288ce225544: ;   {metadata(method data for {method} {0x00000288e7470da0} 'run' '(Ljava/util/Map;Ljava/util/Set;Ljava/util/Map;Lai/onnxruntime/OrtSession$RunOptions;)Lai/onnxruntime/OrtSession$Result;' in 'ai/onnxruntime/OrtSession')}
  0x00000288ce225544: ffc6 48ba | f882 ade7 | 8802 0000 | ff82 e008 

  0x00000288ce225554: ;*goto {reexecute=0 rethrow=0 return_oop=0}
                      ; - ai.onnxruntime.OrtSession::run@269 (line 381)
                      ;   {metadata(method data for {method} {0x00000288e7470da0} 'run' '(Ljava/util/Map;Ljava/util/Set;Ljava/util/Map;Lai/onnxruntime/OrtSession$RunOptions;)Lai/onnxruntime/OrtSession$Result;' in 'ai/onnxruntime/OrtSession')}
  0x00000288ce225554: 0000 48ba | f882 ade7 | 8802 0000 | 8bba d000 | 0000 83c7 | 0289 bad0 | 0000 0081 | e7fe 3f00 
  0x00000288ce225574: 0085 ff0f | 8432 3f00 

  0x00000288ce22557c: ;*goto {reexecute=0 rethrow=0 return_oop=0}
                      ; - ai.onnxruntime.OrtSession::run@323 (line 386)
  0x00000288ce22557c: 004d 8b97 

  0x00000288ce225580: ; ImmutableOopMap {rax=Oop [216]=Oop [224]=Oop [232]=Oop [240]=Oop [248]=Oop [264]=Oop [272]=Oop [280]=Oop [304]=Oop }
                      ;*goto {reexecute=1 rethrow=0 return_oop=0}
                      ; - (reexecute) ai.onnxruntime.OrtSession::run@323 (line 386)
  0x00000288ce225580: 5004 0000 

  0x00000288ce225584: ;   {poll}
  0x00000288ce225584: 4185 0248 | baf8 82ad | e788 0200 | 00ff 82d8 | 0a00 0048 

  0x00000288ce225598: ;*goto {reexecute=0 rethrow=0 return_oop=0}
                      ; - ai.onnxruntime.OrtSession::run@323 (line 386)
  0x00000288ce225598: 8bfe 89bc | 2420 0100 | 0048 8b84 | 2418 0100 | 0048 3b00 

  0x00000288ce2255ac: ;   {metadata(method data for {method} {0x00000288e7470da0} 'run' '(Ljava/util/Map;Ljava/util/Set;Ljava/util/Map;Lai/onnxruntime/OrtSession$RunOptions;)Lai/onnxruntime/OrtSession$Result;' in 'ai/onnxruntime/OrtSession')}
  0x00000288ce2255ac: 488b c849 | b8f8 82ad | e788 0200 | 008b 4908 | 49ba 0000 | 0080 8802 | 0000 4903 | ca49 3b88 
  0x00000288ce2255cc: 4806 0000 | 750d 4983 | 8050 0600 | 0001 e960 | 0000 0049 | 3b88 5806 | 0000 750d | 4983 8060 
  0x00000288ce2255ec: 0600 0001 | e94a 0000 | 0049 83b8 | 4806 0000 | 0075 1749 | 8988 4806 | 0000 49c7 | 8050 0600 
  0x00000288ce22560c: 0001 0000 | 00e9 2900 | 0000 4983 | b858 0600 | 0000 7517 | 4989 8858 | 0600 0049 | c780 6006 
  0x00000288ce22562c: 0000 0100 | 0000 e908 | 0000 0049 | 8380 3806 | 0000 0148 

  0x00000288ce225640: ;*invokeinterface hasNext {reexecute=0 rethrow=0 return_oop=0}
                      ; - ai.onnxruntime.OrtSession::run@194 (line 377)
  0x00000288ce225640: 8bd0 6666 | 9048 b850 | 5719 8088 

  0x00000288ce22564c: ;   {virtual_call}
  0x00000288ce22564c: 0200 00e8 

  0x00000288ce225650: ; ImmutableOopMap {[216]=Oop [224]=Oop [232]=Oop [240]=Oop [248]=Oop [264]=Oop [272]=Oop [280]=Oop }
                      ;*invokeinterface hasNext {reexecute=0 rethrow=0 return_oop=0}
                      ; - ai.onnxruntime.OrtSession::run@194 (line 377)
  0x00000288ce225650: 4c76 f7ff 

  0x00000288ce225654: ;   {other}
  0x00000288ce225654: 0f1f 8400 

  0x00000288ce225658: ;*invokeinterface hasNext {reexecute=0 rethrow=0 return_oop=0}
                      ; - ai.onnxruntime.OrtSession::run@194 (line 377)
  0x00000288ce225658: 441d 000e 

  0x00000288ce22565c: ;   {metadata(method data for {method} {0x00000288e7470da0} 'run' '(Ljava/util/Map;Ljava/util/Set;Ljava/util/Map;Lai/onnxruntime/OrtSession$RunOptions;)Lai/onnxruntime/OrtSession$Result;' in 'ai/onnxruntime/OrtSession')}
  0x00000288ce22565c: 85c0 48ba | f882 ade7 | 8802 0000 | 48c7 c680 | 0600 0075 | 0748 c7c6 | 7006 0000 | 488b 3c32 
  0x00000288ce22567c: 488d 7f01 | 4889 3c32 | 0f85 cef5 

  0x00000288ce225688: ;*ifeq {reexecute=0 rethrow=0 return_oop=0}
                      ; - ai.onnxruntime.OrtSession::run@199 (line 377)
  0x00000288ce225688: ffff 4c8b | 8c24 e800 

  0x00000288ce225690: ;   {metadata(method data for {method} {0x00000288e7470da0} 'run' '(Ljava/util/Map;Ljava/util/Set;Ljava/util/Map;Lai/onnxruntime/OrtSession$RunOptions;)Lai/onnxruntime/OrtSession$Result;' in 'ai/onnxruntime/OrtSession')}
  0x00000288ce225690: 0000 48ba | f882 ade7 | 8802 0000 | 458b 4908 | 49ba 0000 | 0080 8802 | 0000 4d03 | ca4c 3b8a 
  0x00000288ce2256b0: 000b 0000 | 750d 4883 | 8208 0b00 | 0001 e960 | 0000 004c | 3b8a 100b | 0000 750d | 4883 8218 
  0x00000288ce2256d0: 0b00 0001 | e94a 0000 | 0048 83ba | 000b 0000 | 0075 174c | 898a 000b | 0000 48c7 | 8208 0b00 
  0x00000288ce2256f0: 0001 0000 | 00e9 2900 | 0000 4883 | ba10 0b00 | 0000 7517 | 4c89 8a10 | 0b00 0048 | c782 180b 
  0x00000288ce225710: 0000 0100 | 0000 e908 | 0000 0048 | 8382 f00a | 0000 0148 | 8b94 24e8 

  0x00000288ce225728: ;*invokeinterface size {reexecute=0 rethrow=0 return_oop=0}
                      ; - ai.onnxruntime.OrtSession::run@327 (line 387)
  0x00000288ce225728: 0000 0066 | 9048 b880 | 7d0f 8088 

  0x00000288ce225734: ;   {virtual_call}
  0x00000288ce225734: 0200 00e8 

  0x00000288ce225738: ; ImmutableOopMap {[216]=Oop [224]=Oop [232]=Oop [240]=Oop [248]=Oop [264]=Oop [272]=Oop [280]=Oop }
                      ;*invokeinterface size {reexecute=0 rethrow=0 return_oop=0}
                      ; - ai.onnxruntime.OrtSession::run@327 (line 387)
  0x00000288ce225738: 6460 fbff 

  0x00000288ce22573c: ;   {other}
  0x00000288ce22573c: 0f1f 8400 

  0x00000288ce225740: ;*invokeinterface size {reexecute=0 rethrow=0 return_oop=0}
                      ; - ai.onnxruntime.OrtSession::run@327 (line 387)
  0x00000288ce225740: 2c1e 000f | 488b bc24 | f000 0000 

  0x00000288ce22574c: ;   {metadata(method data for {method} {0x00000288e7470da0} 'run' '(Ljava/util/Map;Ljava/util/Set;Ljava/util/Map;Lai/onnxruntime/OrtSession$RunOptions;)Lai/onnxruntime/OrtSession$Result;' in 'ai/onnxruntime/OrtSession')}
  0x00000288ce22574c: 48ba f882 | ade7 8802 | 0000 8b7f | 0849 ba00 | 0000 8088 | 0200 0049 | 03fa 483b | ba38 0b00 
  0x00000288ce22576c: 0075 0d48 | 8382 400b | 0000 01e9 | 6000 0000 | 483b ba48 | 0b00 0075 | 0d48 8382 | 500b 0000 
  0x00000288ce22578c: 01e9 4a00 | 0000 4883 | ba38 0b00 | 0000 7517 | 4889 ba38 | 0b00 0048 | c782 400b | 0000 0100 
  0x00000288ce2257ac: 0000 e929 | 0000 0048 | 83ba 480b | 0000 0075 | 1748 89ba | 480b 0000 | 48c7 8250 | 0b00 0001 
  0x00000288ce2257cc: 0000 00e9 | 0800 0000 | 4883 8228 | 0b00 0001 | 488b 9424 

  0x00000288ce2257e0: ;*invokeinterface size {reexecute=0 rethrow=0 return_oop=0}
                      ; - ai.onnxruntime.OrtSession::run@333 (line 387)
  0x00000288ce2257e0: f000 0000 | 8984 2424 | 0100 0066 | 9048 b8e8 | 8e1d 8088 

  0x00000288ce2257f4: ;   {virtual_call}
  0x00000288ce2257f4: 0200 00e8 

  0x00000288ce2257f8: ; ImmutableOopMap {[216]=Oop [224]=Oop [232]=Oop [240]=Oop [248]=Oop [264]=Oop [272]=Oop [280]=Oop }
                      ;*invokeinterface size {reexecute=0 rethrow=0 return_oop=0}
                      ; - ai.onnxruntime.OrtSession::run@333 (line 387)
  0x00000288ce2257f8: 24fb 8307 

  0x00000288ce2257fc: ;   {other}
  0x00000288ce2257fc: 0f1f 8400 

  0x00000288ce225800: ;*invokeinterface size {reexecute=0 rethrow=0 return_oop=0}
                      ; - ai.onnxruntime.OrtSession::run@333 (line 387)
  0x00000288ce225800: ec1e 0010 | 8b9c 2424 | 0100 0003 

  0x00000288ce22580c: ;   {metadata('java/lang/String'[])}
  0x00000288ce22580c: d848 ba18 | ee00 8088 | 0200 0048 | 63db 488b | fb48 81fb | ffff ff00 | 0f87 ab3c | 0000 48c7 
  0x00000288ce22582c: c617 0000 | 0048 8d34 | 9e48 83e6 | f849 8b87 | b801 0000 | 488d 3430 | 493b b7c8 | 0100 000f 
  0x00000288ce22584c: 8784 3c00 | 0049 89b7 | b801 0000 | 482b f048 | c700 0100 | 0000 488b | ca49 ba00 | 0000 8088 
  0x00000288ce22586c: 0200 0049 | 2bca 8948 | 0889 580c | 4883 ee10 | 4885 f60f | 8411 0000 | 0048 33db | 48c1 ee03 
  0x00000288ce22588c: 4889 5cf0 | 0848 ffce 

  0x00000288ce225894: ;*anewarray {reexecute=0 rethrow=0 return_oop=0}
                      ; - ai.onnxruntime.OrtSession::run@339 (line 387)
  0x00000288ce225894: 75f6 4889 | 8424 3801 | 0000 448b 

  0x00000288ce2258a0: ;*arraylength {reexecute=0 rethrow=0 return_oop=0}
                      ; - ai.onnxruntime.OrtSession::run@346 (line 388)
  0x00000288ce2258a0: 400c 498b 

  0x00000288ce2258a4: ;   {metadata('ai/onnxruntime/OnnxValue'[])}
  0x00000288ce2258a4: d848 ba58 | 2c0c 8188 | 0200 0048 | 63db 488b | fb48 81fb | ffff ff00 | 0f87 1d3c | 0000 48c7 
  0x00000288ce2258c4: c617 0000 | 0048 8d34 | 9e48 83e6 | f849 8b87 | b801 0000 | 488d 3430 | 493b b7c8 | 0100 000f 
  0x00000288ce2258e4: 87f6 3b00 | 0049 89b7 | b801 0000 | 482b f048 | c700 0100 | 0000 488b | ca49 ba00 | 0000 8088 
  0x00000288ce225904: 0200 0049 | 2bca 8948 | 0889 580c | 4883 ee10 | 4885 f60f | 8411 0000 | 0048 33db | 48c1 ee03 
  0x00000288ce225924: 4889 5cf0 | 0848 ffce 

  0x00000288ce22592c: ;*anewarray {reexecute=0 rethrow=0 return_oop=0}
                      ; - ai.onnxruntime.OrtSession::run@347 (line 388)
  0x00000288ce22592c: 75f6 4889 | 8424 4001 | 0000 498b 

  0x00000288ce225938: ;   {metadata({type array long})}
  0x00000288ce225938: d848 baf8 | 2a00 8088 | 0200 0048 | 63db 488b | fb48 81fb | ffff ff00 | 0f87 933b | 0000 48c7 
  0x00000288ce225958: c617 0000 | 0048 8d34 | de48 83e6 | f849 8b87 | b801 0000 | 488d 3430 | 493b b7c8 | 0100 000f 
  0x00000288ce225978: 876c 3b00 | 0049 89b7 | b801 0000 | 482b f048 | c700 0100 | 0000 488b | ca49 ba00 | 0000 8088 
  0x00000288ce225998: 0200 0049 | 2bca 8948 | 0889 580c | 4883 ee10 | 4885 f60f | 8411 0000 | 0048 33db | 48c1 ee03 
  0x00000288ce2259b8: 4889 5cf0 | 0848 ffce 

  0x00000288ce2259c0: ;*newarray {reexecute=0 rethrow=0 return_oop=0}
                      ; - ai.onnxruntime.OrtSession::run@355 (line 389)
  0x00000288ce2259c0: 75f6 4889 | 8424 4801 | 0000 488b | bc24 f000 

  0x00000288ce2259d0: ;   {metadata(method data for {method} {0x00000288e7470da0} 'run' '(Ljava/util/Map;Ljava/util/Set;Ljava/util/Map;Lai/onnxruntime/OrtSession$RunOptions;)Lai/onnxruntime/OrtSession$Result;' in 'ai/onnxruntime/OrtSession')}
  0x00000288ce2259d0: 0000 48ba | f882 ade7 | 8802 0000 | 8b7f 0849 | ba00 0000 | 8088 0200 | 0049 03fa | 483b ba70 
  0x00000288ce2259f0: 0b00 0075 | 0d48 8382 | 780b 0000 | 01e9 6000 | 0000 483b | ba80 0b00 | 0075 0d48 | 8382 880b 
  0x00000288ce225a10: 0000 01e9 | 4a00 0000 | 4883 ba70 | 0b00 0000 | 7517 4889 | ba70 0b00 | 0048 c782 | 780b 0000 
  0x00000288ce225a30: 0100 0000 | e929 0000 | 0048 83ba | 800b 0000 | 0075 1748 | 89ba 800b | 0000 48c7 | 8288 0b00 
  0x00000288ce225a50: 0001 0000 | 00e9 0800 | 0000 4883 | 8260 0b00 | 0001 488b | 9424 f000 

  0x00000288ce225a68: ;*invokeinterface entrySet {reexecute=0 rethrow=0 return_oop=0}
                      ; - ai.onnxruntime.OrtSession::run@363 (line 391)
  0x00000288ce225a68: 0000 4489 | 8424 5001 | 0000 6666 | 9048 b8e8 | 8e1d 8088 

  0x00000288ce225a7c: ;   {virtual_call}
  0x00000288ce225a7c: 0200 00e8 

  0x00000288ce225a80: ; ImmutableOopMap {[216]=Oop [224]=Oop [232]=Oop [240]=Oop [248]=Oop [264]=Oop [272]=Oop [312]=Oop [320]=Oop [328]=Oop }
                      ;*invokeinterface entrySet {reexecute=0 rethrow=0 return_oop=0}
                      ; - ai.onnxruntime.OrtSession::run@363 (line 391)
  0x00000288ce225a80: bc95 fdff 

  0x00000288ce225a84: ;   {other}
  0x00000288ce225a84: 0f1f 8400 

  0x00000288ce225a88: ;*invokeinterface entrySet {reexecute=0 rethrow=0 return_oop=0}
                      ; - ai.onnxruntime.OrtSession::run@363 (line 391)
  0x00000288ce225a88: 7421 0011 

  0x00000288ce225a8c: ; implicit exception: dispatches to 0x00000288ce2294f3
  0x00000288ce225a8c: 483b 0048 

  0x00000288ce225a90: ;   {metadata(method data for {method} {0x00000288e7470da0} 'run' '(Ljava/util/Map;Ljava/util/Set;Ljava/util/Map;Lai/onnxruntime/OrtSession$RunOptions;)Lai/onnxruntime/OrtSession$Result;' in 'ai/onnxruntime/OrtSession')}
  0x00000288ce225a90: 8bd0 48be | f882 ade7 | 8802 0000 | 8b52 0849 | ba00 0000 | 8088 0200 | 0049 03d2 | 483b 96a8 
  0x00000288ce225ab0: 0b00 0075 | 0d48 8386 | b00b 0000 | 01e9 6000 | 0000 483b | 96b8 0b00 | 0075 0d48 | 8386 c00b 
  0x00000288ce225ad0: 0000 01e9 | 4a00 0000 | 4883 bea8 | 0b00 0000 | 7517 4889 | 96a8 0b00 | 0048 c786 | b00b 0000 
  0x00000288ce225af0: 0100 0000 | e929 0000 | 0048 83be | b80b 0000 | 0075 1748 | 8996 b80b | 0000 48c7 | 86c0 0b00 
  0x00000288ce225b10: 0001 0000 | 00e9 0800 | 0000 4883 | 8698 0b00 | 0001 488b 

  0x00000288ce225b24: ;*invokeinterface iterator {reexecute=0 rethrow=0 return_oop=0}
                      ; - ai.onnxruntime.OrtSession::run@368 (line 391)
  0x00000288ce225b24: d048 b8d8 | 741d 8088 

  0x00000288ce225b2c: ;   {virtual_call}
  0x00000288ce225b2c: 0200 00e8 

  0x00000288ce225b30: ; ImmutableOopMap {[216]=Oop [224]=Oop [232]=Oop [240]=Oop [248]=Oop [264]=Oop [272]=Oop [312]=Oop [320]=Oop [328]=Oop }
                      ;*invokeinterface iterator {reexecute=0 rethrow=0 return_oop=0}
                      ; - ai.onnxruntime.OrtSession::run@368 (line 391)
  0x00000288ce225b30: 0c91 fdff 

  0x00000288ce225b34: ;   {other}
  0x00000288ce225b34: 0f1f 8400 

  0x00000288ce225b38: ;*invokeinterface iterator {reexecute=0 rethrow=0 return_oop=0}
                      ; - ai.onnxruntime.OrtSession::run@368 (line 391)
  0x00000288ce225b38: 2422 0012 | 4889 8424 | 5801 0000 | be00 0000 | 0089 b424 | 5401 0000 | e919 0c00 

  0x00000288ce225b54: ;*aload {reexecute=0 rethrow=0 return_oop=0}
                      ; - ai.onnxruntime.OrtSession::run@375 (line 391)
  0x00000288ce225b54: 0066 6690 | 488b 8424 | 5801 0000 

  0x00000288ce225b60: ;   {metadata(method data for {method} {0x00000288e7470da0} 'run' '(Ljava/util/Map;Ljava/util/Set;Ljava/util/Map;Lai/onnxruntime/OrtSession$RunOptions;)Lai/onnxruntime/OrtSession$Result;' in 'ai/onnxruntime/OrtSession')}
  0x00000288ce225b60: 48be f882 | ade7 8802 | 0000 8b40 | 0849 ba00 | 0000 8088 | 0200 0049 | 03c2 483b | 8638 0c00 
  0x00000288ce225b80: 0075 0d48 | 8386 400c | 0000 01e9 | 6000 0000 | 483b 8648 | 0c00 0075 | 0d48 8386 | 500c 0000 
  0x00000288ce225ba0: 01e9 4a00 | 0000 4883 | be38 0c00 | 0000 7517 | 4889 8638 | 0c00 0048 | c786 400c | 0000 0100 
  0x00000288ce225bc0: 0000 e929 | 0000 0048 | 83be 480c | 0000 0075 | 1748 8986 | 480c 0000 | 48c7 8650 | 0c00 0001 
  0x00000288ce225be0: 0000 00e9 | 0800 0000 | 4883 8628 | 0c00 0001 | 488b 9424 

  0x00000288ce225bf4: ;*invokeinterface next {reexecute=0 rethrow=0 return_oop=0}
                      ; - ai.onnxruntime.OrtSession::run@387 (line 391)
  0x00000288ce225bf4: 5801 0000 | 0f1f 4400 | 0048 b8ff | ffff ffff 

  0x00000288ce225c04: ;   {virtual_call}
  0x00000288ce225c04: ffff ffe8 

  0x00000288ce225c08: ; ImmutableOopMap {[216]=Oop [224]=Oop [232]=Oop [240]=Oop [248]=Oop [264]=Oop [272]=Oop [312]=Oop [320]=Oop [328]=Oop [344]=Oop }
                      ;*invokeinterface next {reexecute=0 rethrow=0 return_oop=0}
                      ; - ai.onnxruntime.OrtSession::run@387 (line 391)
  0x00000288ce225c08: 7491 f606 

  0x00000288ce225c0c: ;   {other}
  0x00000288ce225c0c: 0f1f 8400 

  0x00000288ce225c10: ;*invokeinterface next {reexecute=0 rethrow=0 return_oop=0}
                      ; - ai.onnxruntime.OrtSession::run@387 (line 391)
  0x00000288ce225c10: fc22 0013 | 4885 c075 

  0x00000288ce225c18: ;   {metadata(method data for {method} {0x00000288e7470da0} 'run' '(Ljava/util/Map;Ljava/util/Set;Ljava/util/Map;Lai/onnxruntime/OrtSession$RunOptions;)Lai/onnxruntime/OrtSession$Result;' in 'ai/onnxruntime/OrtSession')}
  0x00000288ce225c18: 1648 bff8 | 82ad e788 | 0200 0080 | 8f59 0c00 | 0001 e9e7 

  0x00000288ce225c2c: ;   {metadata('java/util/Map$Entry')}
  0x00000288ce225c2c: 0000 0048 | bb48 1501 | 8088 0200 | 008b 7808 | 49ba 0000 | 0080 8802 | 0000 4903 | fa48 3b5f 
  0x00000288ce225c4c: 200f 841a | 0000 0048 | 3bfb 0f84 | 1100 0000 

  0x00000288ce225c5c: ;   {runtime_call slow_subtype_check Runtime1 stub}
  0x00000288ce225c5c: 5753 e81d | 0b04 075f | 5f85 ff0f | 848d 0000 

  0x00000288ce225c6c: ;   {metadata(method data for {method} {0x00000288e7470da0} 'run' '(Ljava/util/Map;Ljava/util/Set;Ljava/util/Map;Lai/onnxruntime/OrtSession$RunOptions;)Lai/onnxruntime/OrtSession$Result;' in 'ai/onnxruntime/OrtSession')}
  0x00000288ce225c6c: 0048 bff8 | 82ad e788 | 0200 008b | 5808 49ba | 0000 0080 | 8802 0000 | 4903 da48 | 3b9f 700c 
  0x00000288ce225c8c: 0000 750d | 4883 8778 | 0c00 0001 | e979 0000 | 0048 3b9f | 800c 0000 | 750d 4883 | 8788 0c00 
  0x00000288ce225cac: 0001 e963 | 0000 0048 | 83bf 700c | 0000 0075 | 1748 899f | 700c 0000 | 48c7 8778 | 0c00 0001 
  0x00000288ce225ccc: 0000 00e9 | 4200 0000 | 4883 bf80 | 0c00 0000 | 7517 4889 | 9f80 0c00 | 0048 c787 | 880c 0000 
  0x00000288ce225cec: 0100 0000 | e921 0000 | 00e9 1c00 

  0x00000288ce225cf8: ;   {metadata(method data for {method} {0x00000288e7470da0} 'run' '(Ljava/util/Map;Ljava/util/Set;Ljava/util/Map;Lai/onnxruntime/OrtSession$RunOptions;)Lai/onnxruntime/OrtSession$Result;' in 'ai/onnxruntime/OrtSession')}
  0x00000288ce225cf8: 0000 48bf | f882 ade7 | 8802 0000 | 4883 af60 | 0c00 0001 | e9e7 3700 | 00e9 0000 | 0000 488b 
  0x00000288ce225d18: ;*checkcast {reexecute=0 rethrow=0 return_oop=0}
                      ; - ai.onnxruntime.OrtSession::run@392 (line 391)
  0x00000288ce225d18: f048 89b4 | 2468 0100 | 0048 8b94 | 24d8 0000 | 008b 7a30 

  0x00000288ce225d2c: ;*getfield outputNames {reexecute=0 rethrow=0 return_oop=0}
                      ; - ai.onnxruntime.OrtSession::run@398 (line 392)
  0x00000288ce225d2c: 48c1 e703 

  0x00000288ce225d30: ; implicit exception: dispatches to 0x00000288ce229501
  0x00000288ce225d30: 483b 0648 

  0x00000288ce225d34: ;   {metadata(method data for {method} {0x00000288e7470da0} 'run' '(Ljava/util/Map;Ljava/util/Set;Ljava/util/Map;Lai/onnxruntime/OrtSession$RunOptions;)Lai/onnxruntime/OrtSession$Result;' in 'ai/onnxruntime/OrtSession')}
  0x00000288ce225d34: 8bde 48b8 | f882 ade7 | 8802 0000 | 8b5b 0849 | ba00 0000 | 8088 0200 | 0049 03da | 483b 98a8 
  0x00000288ce225d54: 0c00 0075 | 0d48 8380 | b00c 0000 | 01e9 6000 | 0000 483b | 98b8 0c00 | 0075 0d48 | 8380 c00c 
  0x00000288ce225d74: 0000 01e9 | 4a00 0000 | 4883 b8a8 | 0c00 0000 | 7517 4889 | 98a8 0c00 | 0048 c780 | b00c 0000 
  0x00000288ce225d94: 0100 0000 | e929 0000 | 0048 83b8 | b80c 0000 | 0075 1748 | 8998 b80c | 0000 48c7 | 80c0 0c00 
  0x00000288ce225db4: 0001 0000 | 00e9 0800 | 0000 4883 | 8098 0c00 | 0001 488b 

  0x00000288ce225dc8: ;*invokeinterface getKey {reexecute=0 rethrow=0 return_oop=0}
                      ; - ai.onnxruntime.OrtSession::run@403 (line 392)
  0x00000288ce225dc8: d648 89bc | 2460 0100 | 000f 1f40 | 0048 b8ff | ffff ffff 

  0x00000288ce225ddc: ;   {virtual_call}
  0x00000288ce225ddc: ffff ffe8 

  0x00000288ce225de0: ; ImmutableOopMap {[216]=Oop [224]=Oop [232]=Oop [240]=Oop [248]=Oop [264]=Oop [272]=Oop [312]=Oop [320]=Oop [328]=Oop [344]=Oop [352]=Oop [360]=Oop }
                      ;*invokeinterface getKey {reexecute=0 rethrow=0 return_oop=0}
                      ; - ai.onnxruntime.OrtSession::run@403 (line 392)
  0x00000288ce225de0: 9c8f f606 

  0x00000288ce225de4: ;   {other}
  0x00000288ce225de4: 0f1f 8400 

  0x00000288ce225de8: ;*invokeinterface getKey {reexecute=0 rethrow=0 return_oop=0}
                      ; - ai.onnxruntime.OrtSession::run@403 (line 392)
  0x00000288ce225de8: d424 0014 | 488b bc24 | 6001 0000 

  0x00000288ce225df4: ; implicit exception: dispatches to 0x00000288ce229506
  0x00000288ce225df4: 483b 074c 

  0x00000288ce225df8: ;   {metadata(method data for {method} {0x00000288e7470da0} 'run' '(Ljava/util/Map;Ljava/util/Set;Ljava/util/Map;Lai/onnxruntime/OrtSession$RunOptions;)Lai/onnxruntime/OrtSession$Result;' in 'ai/onnxruntime/OrtSession')}
  0x00000288ce225df8: 8bc7 48ba | f882 ade7 | 8802 0000 | 458b 4008 | 49ba 0000 | 0080 8802 | 0000 4d03 | c24c 3b82 
  0x00000288ce225e18: e00c 0000 | 750d 4883 | 82e8 0c00 | 0001 e960 | 0000 004c | 3b82 f00c | 0000 750d | 4883 82f8 
  0x00000288ce225e38: 0c00 0001 | e94a 0000 | 0048 83ba | e00c 0000 | 0075 174c | 8982 e00c | 0000 48c7 | 82e8 0c00 
  0x00000288ce225e58: 0001 0000 | 00e9 2900 | 0000 4883 | baf0 0c00 | 0000 7517 | 4c89 82f0 | 0c00 0048 | c782 f80c 
  0x00000288ce225e78: 0000 0100 | 0000 e908 | 0000 0048 | 8382 d00c | 0000 014c | 8bc0 488b 

  0x00000288ce225e90: ;*invokeinterface contains {reexecute=0 rethrow=0 return_oop=0}
                      ; - ai.onnxruntime.OrtSession::run@408 (line 392)
  0x00000288ce225e90: d70f 1f40 | 0048 b8ff | ffff ffff 

  0x00000288ce225e9c: ;   {virtual_call}
  0x00000288ce225e9c: ffff ffe8 

  0x00000288ce225ea0: ; ImmutableOopMap {[216]=Oop [224]=Oop [232]=Oop [240]=Oop [248]=Oop [264]=Oop [272]=Oop [312]=Oop [320]=Oop [328]=Oop [344]=Oop [360]=Oop }
                      ;*invokeinterface contains {reexecute=0 rethrow=0 return_oop=0}
                      ; - ai.onnxruntime.OrtSession::run@408 (line 392)
  0x00000288ce225ea0: dc8e f606 

  0x00000288ce225ea4: ;   {other}
  0x00000288ce225ea4: 0f1f 8400 

  0x00000288ce225ea8: ;*invokeinterface contains {reexecute=0 rethrow=0 return_oop=0}
                      ; - ai.onnxruntime.OrtSession::run@408 (line 392)
  0x00000288ce225ea8: 9425 0015 

  0x00000288ce225eac: ;   {metadata(method data for {method} {0x00000288e7470da0} 'run' '(Ljava/util/Map;Ljava/util/Set;Ljava/util/Map;Lai/onnxruntime/OrtSession$RunOptions;)Lai/onnxruntime/OrtSession$Result;' in 'ai/onnxruntime/OrtSession')}
  0x00000288ce225eac: 85c0 48ba | f882 ade7 | 8802 0000 | 48c7 c608 | 0d00 0074 | 0748 c7c6 | 180d 0000 | 488b 3c32 
  0x00000288ce225ecc: 488d 7f01 | 4889 3c32 | 0f84 421c 

  0x00000288ce225ed8: ;*ifeq {reexecute=0 rethrow=0 return_oop=0}
                      ; - ai.onnxruntime.OrtSession::run@413 (line 392)
  0x00000288ce225ed8: 0000 488b | 9424 6801 

  0x00000288ce225ee0: ;   {metadata(method data for {method} {0x00000288e7470da0} 'run' '(Ljava/util/Map;Ljava/util/Set;Ljava/util/Map;Lai/onnxruntime/OrtSession$RunOptions;)Lai/onnxruntime/OrtSession$Result;' in 'ai/onnxruntime/OrtSession')}
  0x00000288ce225ee0: 0000 48b9 | f882 ade7 | 8802 0000 | 8b52 0849 | ba00 0000 | 8088 0200 | 0049 03d2 | 483b 9138 
  0x00000288ce225f00: 0d00 0075 | 0d48 8381 | 400d 0000 | 01e9 6000 | 0000 483b | 9148 0d00 | 0075 0d48 | 8381 500d 
  0x00000288ce225f20: 0000 01e9 | 4a00 0000 | 4883 b938 | 0d00 0000 | 7517 4889 | 9138 0d00 | 0048 c781 | 400d 0000 
  0x00000288ce225f40: 0100 0000 | e929 0000 | 0048 83b9 | 480d 0000 | 0075 1748 | 8991 480d | 0000 48c7 | 8150 0d00 
  0x00000288ce225f60: 0001 0000 | 00e9 0800 | 0000 4883 | 8128 0d00 | 0001 488b | 9424 6801 

  0x00000288ce225f78: ;*invokeinterface getKey {reexecute=0 rethrow=0 return_oop=0}
                      ; - ai.onnxruntime.OrtSession::run@422 (line 393)
  0x00000288ce225f78: 0000 6666 | 9048 b8ff | ffff ffff 

  0x00000288ce225f84: ;   {virtual_call}
  0x00000288ce225f84: ffff ffe8 

  0x00000288ce225f88: ; ImmutableOopMap {[216]=Oop [224]=Oop [232]=Oop [240]=Oop [248]=Oop [264]=Oop [272]=Oop [312]=Oop [320]=Oop [328]=Oop [344]=Oop [360]=Oop }
                      ;*invokeinterface getKey {reexecute=0 rethrow=0 return_oop=0}
                      ; - ai.onnxruntime.OrtSession::run@422 (line 393)
  0x00000288ce225f88: f48d f606 

  0x00000288ce225f8c: ;   {other}
  0x00000288ce225f8c: 0f1f 8400 

  0x00000288ce225f90: ;*invokeinterface getKey {reexecute=0 rethrow=0 return_oop=0}
                      ; - ai.onnxruntime.OrtSession::run@422 (line 393)
  0x00000288ce225f90: 7c26 0016 | 4885 c075 

  0x00000288ce225f98: ;   {metadata(method data for {method} {0x00000288e7470da0} 'run' '(Ljava/util/Map;Ljava/util/Set;Ljava/util/Map;Lai/onnxruntime/OrtSession$RunOptions;)Lai/onnxruntime/OrtSession$Result;' in 'ai/onnxruntime/OrtSession')}
  0x00000288ce225f98: 1648 bff8 | 82ad e788 | 0200 0080 | 8f59 0d00 | 0001 e9cc 

  0x00000288ce225fac: ;   {metadata('java/lang/String')}
  0x00000288ce225fac: 0000 0048 | bb70 ea00 | 8088 0200 | 008b 7008 | 49ba 0000 | 0080 8802 | 0000 4903 | f248 3bde 
  0x00000288ce225fcc: 0f85 8d00 

  0x00000288ce225fd0: ;   {metadata(method data for {method} {0x00000288e7470da0} 'run' '(Ljava/util/Map;Ljava/util/Set;Ljava/util/Map;Lai/onnxruntime/OrtSession$RunOptions;)Lai/onnxruntime/OrtSession$Result;' in 'ai/onnxruntime/OrtSession')}
  0x00000288ce225fd0: 0000 48bf | f882 ade7 | 8802 0000 | 8b58 0849 | ba00 0000 | 8088 0200 | 0049 03da | 483b 9f70 
  0x00000288ce225ff0: 0d00 0075 | 0d48 8387 | 780d 0000 | 01e9 7900 | 0000 483b | 9f80 0d00 | 0075 0d48 | 8387 880d 
  0x00000288ce226010: 0000 01e9 | 6300 0000 | 4883 bf70 | 0d00 0000 | 7517 4889 | 9f70 0d00 | 0048 c787 | 780d 0000 
  0x00000288ce226030: 0100 0000 | e942 0000 | 0048 83bf | 800d 0000 | 0075 1748 | 899f 800d | 0000 48c7 | 8788 0d00 
  0x00000288ce226050: 0001 0000 | 00e9 2100 | 0000 e91c 

  0x00000288ce22605c: ;   {metadata(method data for {method} {0x00000288e7470da0} 'run' '(Ljava/util/Map;Ljava/util/Set;Ljava/util/Map;Lai/onnxruntime/OrtSession$RunOptions;)Lai/onnxruntime/OrtSession$Result;' in 'ai/onnxruntime/OrtSession')}
  0x00000288ce22605c: 0000 0048 | bff8 82ad | e788 0200 | 0048 83af | 600d 0000 | 01e9 9534 | 0000 e900 | 0000 0048 
  0x00000288ce22607c: ;*checkcast {reexecute=0 rethrow=0 return_oop=0}
                      ; - ai.onnxruntime.OrtSession::run@427 (line 393)
  0x00000288ce22607c: 8bd0 488b | 8424 3801 | 0000 8bb4 | 2454 0100 | 003b 700c | 0f83 7e34 | 0000 4885 

  0x00000288ce226098: ;   {metadata(method data for {method} {0x00000288e7470da0} 'run' '(Ljava/util/Map;Ljava/util/Set;Ljava/util/Map;Lai/onnxruntime/OrtSession$RunOptions;)Lai/onnxruntime/OrtSession$Result;' in 'ai/onnxruntime/OrtSession')}
  0x00000288ce226098: d275 1648 | bbf8 82ad | e788 0200 | 0080 8b91 | 0d00 0001 | e9f8 0000 | 008b 7808 | 49ba 0000 
  0x00000288ce2260b8: 0080 8802 | 0000 4903 | fa8b 5a08 | 49ba 0000 | 0080 8802 | 0000 4903 | da48 8bbf | e000 0000 
  0x00000288ce2260d8: 483b df0f | 8427 0000 | 008b 4f14 | 483b 3c0b | 0f84 1a00 | 0000 83f9 | 200f 859b | 0000 0053 
  0x00000288ce2260f8: ;   {runtime_call slow_subtype_check Runtime1 stub}
  0x00000288ce2260f8: 57e8 8206 | 0407 5b5f | 85ff 0f84 | 8a00 0000 

  0x00000288ce226108: ;   {metadata(method data for {method} {0x00000288e7470da0} 'run' '(Ljava/util/Map;Ljava/util/Set;Ljava/util/Map;Lai/onnxruntime/OrtSession$RunOptions;)Lai/onnxruntime/OrtSession$Result;' in 'ai/onnxruntime/OrtSession')}
  0x00000288ce226108: 48bb f882 | ade7 8802 | 0000 8b7a | 0849 ba00 | 0000 8088 | 0200 0049 | 03fa 483b | bba8 0d00 
  0x00000288ce226128: 0075 0d48 | 8383 b00d | 0000 01e9 | 7100 0000 | 483b bbb8 | 0d00 0075 | 0d48 8383 | c00d 0000 
  0x00000288ce226148: 01e9 5b00 | 0000 4883 | bba8 0d00 | 0000 7517 | 4889 bba8 | 0d00 0048 | c783 b00d | 0000 0100 
  0x00000288ce226168: 0000 e93a | 0000 0048 | 83bb b80d | 0000 0075 | 1748 89bb | b80d 0000 | 48c7 83c0 | 0d00 0001 
  0x00000288ce226188: 0000 00e9 | 1900 0000 

  0x00000288ce226190: ;   {metadata(method data for {method} {0x00000288e7470da0} 'run' '(Ljava/util/Map;Ljava/util/Set;Ljava/util/Map;Lai/onnxruntime/OrtSession$RunOptions;)Lai/onnxruntime/OrtSession$Result;' in 'ai/onnxruntime/OrtSession')}
  0x00000288ce226190: eb17 48bb | f882 ade7 | 8802 0000 | 4883 ab98 | 0d00 0001 | e97e 3300 | 0048 63fe | 488d 7cb8 
  0x00000288ce2261b0: 1041 0fbe | 5f40 85db | 0f85 7233 | 0000 4c8b | d249 c1ea | 0344 8917 | 488b df48 | 33da 48c1 
  0x00000288ce2261d0: eb15 4883 | fb00 0f85 

  0x00000288ce2261d8: ;*aastore {reexecute=0 rethrow=0 return_oop=0}
                      ; - ai.onnxruntime.OrtSession::run@430 (line 393)
  0x00000288ce2261d8: 7233 0000 | 488b 9424 | 6801 0000 

  0x00000288ce2261e4: ;   {metadata(method data for {method} {0x00000288e7470da0} 'run' '(Ljava/util/Map;Ljava/util/Set;Ljava/util/Map;Lai/onnxruntime/OrtSession$RunOptions;)Lai/onnxruntime/OrtSession$Result;' in 'ai/onnxruntime/OrtSession')}
  0x00000288ce2261e4: 48bf f882 | ade7 8802 | 0000 8b52 | 0849 ba00 | 0000 8088 | 0200 0049 | 03d2 483b | 97e0 0d00 
  0x00000288ce226204: 0075 0d48 | 8387 e80d | 0000 01e9 | 6000 0000 | 483b 97f0 | 0d00 0075 | 0d48 8387 | f80d 0000 
  0x00000288ce226224: 01e9 4a00 | 0000 4883 | bfe0 0d00 | 0000 7517 | 4889 97e0 | 0d00 0048 | c787 e80d | 0000 0100 
  0x00000288ce226244: 0000 e929 | 0000 0048 | 83bf f00d | 0000 0075 | 1748 8997 | f00d 0000 | 48c7 87f8 | 0d00 0001 
  0x00000288ce226264: 0000 00e9 | 0800 0000 | 4883 87d0 | 0d00 0001 | 488b 9424 

  0x00000288ce226278: ;*invokeinterface getValue {reexecute=0 rethrow=0 return_oop=0}
                      ; - ai.onnxruntime.OrtSession::run@437 (line 394)
  0x00000288ce226278: 6801 0000 | 89b4 2454 | 0100 0066 | 9048 b8ff | ffff ffff 

  0x00000288ce22628c: ;   {virtual_call}
  0x00000288ce22628c: ffff ffe8 

  0x00000288ce226290: ; ImmutableOopMap {[216]=Oop [224]=Oop [232]=Oop [240]=Oop [248]=Oop [264]=Oop [272]=Oop [312]=Oop [320]=Oop [328]=Oop [344]=Oop [360]=Oop }
                      ;*invokeinterface getValue {reexecute=0 rethrow=0 return_oop=0}
                      ; - ai.onnxruntime.OrtSession::run@437 (line 394)
  0x00000288ce226290: ec8a f606 

  0x00000288ce226294: ;   {other}
  0x00000288ce226294: 0f1f 8400 

  0x00000288ce226298: ;*invokeinterface getValue {reexecute=0 rethrow=0 return_oop=0}
                      ; - ai.onnxruntime.OrtSession::run@437 (line 394)
  0x00000288ce226298: 8429 0017 | 4885 c075 

  0x00000288ce2262a0: ;   {metadata(method data for {method} {0x00000288e7470da0} 'run' '(Ljava/util/Map;Ljava/util/Set;Ljava/util/Map;Lai/onnxruntime/OrtSession$RunOptions;)Lai/onnxruntime/OrtSession$Result;' in 'ai/onnxruntime/OrtSession')}
  0x00000288ce2262a0: 1648 bff8 | 82ad e788 | 0200 0080 | 8f01 0e00 | 0001 e9e7 

  0x00000288ce2262b4: ;   {metadata('ai/onnxruntime/OnnxValue')}
  0x00000288ce2262b4: 0000 0048 | bb00 120c | 8188 0200 | 008b 7808 | 49ba 0000 | 0080 8802 | 0000 4903 | fa48 3b5f 
  0x00000288ce2262d4: 200f 841a | 0000 0048 | 3bfb 0f84 | 1100 0000 

  0x00000288ce2262e4: ;   {runtime_call slow_subtype_check Runtime1 stub}
  0x00000288ce2262e4: 5753 e895 | 0404 075f | 5f85 ff0f | 848d 0000 

  0x00000288ce2262f4: ;   {metadata(method data for {method} {0x00000288e7470da0} 'run' '(Ljava/util/Map;Ljava/util/Set;Ljava/util/Map;Lai/onnxruntime/OrtSession$RunOptions;)Lai/onnxruntime/OrtSession$Result;' in 'ai/onnxruntime/OrtSession')}
  0x00000288ce2262f4: 0048 bff8 | 82ad e788 | 0200 008b | 5808 49ba | 0000 0080 | 8802 0000 | 4903 da48 | 3b9f 180e 
  0x00000288ce226314: 0000 750d | 4883 8720 | 0e00 0001 | e979 0000 | 0048 3b9f | 280e 0000 | 750d 4883 | 8730 0e00 
  0x00000288ce226334: 0001 e963 | 0000 0048 | 83bf 180e | 0000 0075 | 1748 899f | 180e 0000 | 48c7 8720 | 0e00 0001 
  0x00000288ce226354: 0000 00e9 | 4200 0000 | 4883 bf28 | 0e00 0000 | 7517 4889 | 9f28 0e00 | 0048 c787 | 300e 0000 
  0x00000288ce226374: 0100 0000 | e921 0000 | 00e9 1c00 

  0x00000288ce226380: ;   {metadata(method data for {method} {0x00000288e7470da0} 'run' '(Ljava/util/Map;Ljava/util/Set;Ljava/util/Map;Lai/onnxruntime/OrtSession$RunOptions;)Lai/onnxruntime/OrtSession$Result;' in 'ai/onnxruntime/OrtSession')}
  0x00000288ce226380: 0000 48bf | f882 ade7 | 8802 0000 | 4883 af08 | 0e00 0001 | e9cd 3100 | 00e9 0000 | 0000 488b 
  0x00000288ce2263a0: ;*checkcast {reexecute=0 rethrow=0 return_oop=0}
                      ; - ai.onnxruntime.OrtSession::run@442 (line 394)
  0x00000288ce2263a0: d048 8b84 | 2440 0100 | 008b b424 | 5401 0000 | 3b70 0c0f | 83b6 3100 | 0048 85d2 

  0x00000288ce2263bc: ;   {metadata(method data for {method} {0x00000288e7470da0} 'run' '(Ljava/util/Map;Ljava/util/Set;Ljava/util/Map;Lai/onnxruntime/OrtSession$RunOptions;)Lai/onnxruntime/OrtSession$Result;' in 'ai/onnxruntime/OrtSession')}
  0x00000288ce2263bc: 7516 48bb | f882 ade7 | 8802 0000 | 808b 390e | 0000 01e9 | f800 0000 

  0x00000288ce2263d4: ; implicit exception: dispatches to 0x00000288ce22957d
  0x00000288ce2263d4: 8b78 0849 | ba00 0000 | 8088 0200 | 0049 03fa | 8b5a 0849 | ba00 0000 | 8088 0200 | 0049 03da 
  0x00000288ce2263f4: 488b bfe0 | 0000 0048 | 3bdf 0f84 | 2700 0000 | 8b4f 1448 | 3b3c 0b0f | 841a 0000 | 0083 f920 
  0x00000288ce226414: 0f85 9b00 | 0000 5357 

  0x00000288ce22641c: ;   {runtime_call slow_subtype_check Runtime1 stub}
  0x00000288ce22641c: e85f 0304 | 075b 5f85 | ff0f 848a 

  0x00000288ce226428: ;   {metadata(method data for {method} {0x00000288e7470da0} 'run' '(Ljava/util/Map;Ljava/util/Set;Ljava/util/Map;Lai/onnxruntime/OrtSession$RunOptions;)Lai/onnxruntime/OrtSession$Result;' in 'ai/onnxruntime/OrtSession')}
  0x00000288ce226428: 0000 0048 | bbf8 82ad | e788 0200 | 008b 7a08 | 49ba 0000 | 0080 8802 | 0000 4903 | fa48 3bbb 
  0x00000288ce226448: 500e 0000 | 750d 4883 | 8358 0e00 | 0001 e971 | 0000 0048 | 3bbb 600e | 0000 750d | 4883 8368 
  0x00000288ce226468: 0e00 0001 | e95b 0000 | 0048 83bb | 500e 0000 | 0075 1748 | 89bb 500e | 0000 48c7 | 8358 0e00 
  0x00000288ce226488: 0001 0000 | 00e9 3a00 | 0000 4883 | bb60 0e00 | 0000 7517 | 4889 bb60 | 0e00 0048 | c783 680e 
  0x00000288ce2264a8: 0000 0100 | 0000 e919 | 0000 00eb 

  0x00000288ce2264b4: ;   {metadata(method data for {method} {0x00000288e7470da0} 'run' '(Ljava/util/Map;Ljava/util/Set;Ljava/util/Map;Lai/onnxruntime/OrtSession$RunOptions;)Lai/onnxruntime/OrtSession$Result;' in 'ai/onnxruntime/OrtSession')}
  0x00000288ce2264b4: 1748 bbf8 | 82ad e788 | 0200 0048 | 83ab 400e | 0000 01e9 | b630 0000 | 4863 fe48 | 8d7c b810 
  0x00000288ce2264d4: 410f be5f | 4085 db0f | 85aa 3000 | 004c 8bd2 | 49c1 ea03 | 4489 1748 | 8bdf 4833 | da48 c1eb 
  0x00000288ce2264f4: 1548 83fb | 000f 85aa 

  0x00000288ce2264fc: ;*aastore {reexecute=0 rethrow=0 return_oop=0}
                      ; - ai.onnxruntime.OrtSession::run@445 (line 394)
  0x00000288ce2264fc: 3000 0048 | 8b94 2468 

  0x00000288ce226504: ;   {metadata(method data for {method} {0x00000288e7470da0} 'run' '(Ljava/util/Map;Ljava/util/Set;Ljava/util/Map;Lai/onnxruntime/OrtSession$RunOptions;)Lai/onnxruntime/OrtSession$Result;' in 'ai/onnxruntime/OrtSession')}
  0x00000288ce226504: 0100 0048 | bff8 82ad | e788 0200 | 008b 5208 | 49ba 0000 | 0080 8802 | 0000 4903 | d248 3b97 
  0x00000288ce226524: 880e 0000 | 750d 4883 | 8790 0e00 | 0001 e960 | 0000 0048 | 3b97 980e | 0000 750d | 4883 87a0 
  0x00000288ce226544: 0e00 0001 | e94a 0000 | 0048 83bf | 880e 0000 | 0075 1748 | 8997 880e | 0000 48c7 | 8790 0e00 
  0x00000288ce226564: 0001 0000 | 00e9 2900 | 0000 4883 | bf98 0e00 | 0000 7517 | 4889 9798 | 0e00 0048 | c787 a00e 
  0x00000288ce226584: 0000 0100 | 0000 e908 | 0000 0048 | 8387 780e | 0000 0148 | 8b94 2468 

  0x00000288ce22659c: ;*invokeinterface getValue {reexecute=0 rethrow=0 return_oop=0}
                      ; - ai.onnxruntime.OrtSession::run@452 (line 395)
  0x00000288ce22659c: 0100 0089 | b424 5401 | 0000 0f1f | 8000 0000 | 0048 b8ff | ffff ffff 

  0x00000288ce2265b4: ;   {virtual_call}
  0x00000288ce2265b4: ffff ffe8 

  0x00000288ce2265b8: ; ImmutableOopMap {[216]=Oop [224]=Oop [232]=Oop [240]=Oop [248]=Oop [264]=Oop [272]=Oop [312]=Oop [320]=Oop [328]=Oop [344]=Oop [360]=Oop }
                      ;*invokeinterface getValue {reexecute=0 rethrow=0 return_oop=0}
                      ; - ai.onnxruntime.OrtSession::run@452 (line 395)
  0x00000288ce2265b8: c487 f606 

  0x00000288ce2265bc: ;   {other}
  0x00000288ce2265bc: 0f1f 8400 

  0x00000288ce2265c0: ;*invokeinterface getValue {reexecute=0 rethrow=0 return_oop=0}
                      ; - ai.onnxruntime.OrtSession::run@452 (line 395)
  0x00000288ce2265c0: ac2c 0018 | 4885 c075 

  0x00000288ce2265c8: ;   {metadata(method data for {method} {0x00000288e7470da0} 'run' '(Ljava/util/Map;Ljava/util/Set;Ljava/util/Map;Lai/onnxruntime/OrtSession$RunOptions;)Lai/onnxruntime/OrtSession$Result;' in 'ai/onnxruntime/OrtSession')}
  0x00000288ce2265c8: 1648 bff8 | 82ad e788 | 0200 0080 | 8fa9 0e00 | 0001 e9e7 

  0x00000288ce2265dc: ;   {metadata('ai/onnxruntime/OnnxValue')}
  0x00000288ce2265dc: 0000 0048 | bb00 120c | 8188 0200 | 008b 7808 | 49ba 0000 | 0080 8802 | 0000 4903 | fa48 3b5f 
  0x00000288ce2265fc: 200f 841a | 0000 0048 | 3bfb 0f84 | 1100 0000 

  0x00000288ce22660c: ;   {runtime_call slow_subtype_check Runtime1 stub}
  0x00000288ce22660c: 5753 e86d | 0104 075f | 5f85 ff0f | 848d 0000 

  0x00000288ce22661c: ;   {metadata(method data for {method} {0x00000288e7470da0} 'run' '(Ljava/util/Map;Ljava/util/Set;Ljava/util/Map;Lai/onnxruntime/OrtSession$RunOptions;)Lai/onnxruntime/OrtSession$Result;' in 'ai/onnxruntime/OrtSession')}
  0x00000288ce22661c: 0048 bff8 | 82ad e788 | 0200 008b | 5808 49ba | 0000 0080 | 8802 0000 | 4903 da48 | 3b9f c00e 
  0x00000288ce22663c: 0000 750d | 4883 87c8 | 0e00 0001 | e979 0000 | 0048 3b9f | d00e 0000 | 750d 4883 | 87d8 0e00 
  0x00000288ce22665c: 0001 e963 | 0000 0048 | 83bf c00e | 0000 0075 | 1748 899f | c00e 0000 | 48c7 87c8 | 0e00 0001 
  0x00000288ce22667c: 0000 00e9 | 4200 0000 | 4883 bfd0 | 0e00 0000 | 7517 4889 | 9fd0 0e00 | 0048 c787 | d80e 0000 
  0x00000288ce22669c: 0100 0000 | e921 0000 | 00e9 1c00 

  0x00000288ce2266a8: ;   {metadata(method data for {method} {0x00000288e7470da0} 'run' '(Ljava/util/Map;Ljava/util/Set;Ljava/util/Map;Lai/onnxruntime/OrtSession$RunOptions;)Lai/onnxruntime/OrtSession$Result;' in 'ai/onnxruntime/OrtSession')}
  0x00000288ce2266a8: 0000 48bf | f882 ade7 | 8802 0000 | 4883 afb0 | 0e00 0001 | e900 2f00 | 00e9 0000 | 0000 488b 
  0x00000288ce2266c8: ;*checkcast {reexecute=0 rethrow=0 return_oop=0}
                      ; - ai.onnxruntime.OrtSession::run@457 (line 395)
                      ;   {metadata(method data for {method} {0x00000288e7470da0} 'run' '(Ljava/util/Map;Ljava/util/Set;Ljava/util/Map;Lai/onnxruntime/OrtSession$RunOptions;)Lai/onnxruntime/OrtSession$Result;' in 'ai/onnxruntime/OrtSession')}
  0x00000288ce2266c8: d048 bef8 | 82ad e788 | 0200 0048 | 8386 e80e | 0000 010f 

  0x00000288ce2266dc: ;   {static_call}
  0x00000288ce2266dc: 1f40 00e8 

  0x00000288ce2266e0: ; ImmutableOopMap {[216]=Oop [224]=Oop [232]=Oop [240]=Oop [248]=Oop [264]=Oop [272]=Oop [312]=Oop [320]=Oop [328]=Oop [344]=Oop [360]=Oop }
                      ;*invokestatic getHandle {reexecute=0 rethrow=0 return_oop=0}
                      ; - ai.onnxruntime.OrtSession::run@460 (line 395)
  0x00000288ce2266e0: 9c89 f606 

  0x00000288ce2266e4: ;   {other}
  0x00000288ce2266e4: 0f1f 8400 

  0x00000288ce2266e8: ;*invokestatic getHandle {reexecute=0 rethrow=0 return_oop=0}
                      ; - ai.onnxruntime.OrtSession::run@460 (line 395)
  0x00000288ce2266e8: d42d 0019 | 488b bc24 | 4801 0000 | 8bb4 2454 | 0100 003b | 770c 0f83 | c62e 0000 | 4863 d648 
  0x00000288ce226708: ;*lastore {reexecute=0 rethrow=0 return_oop=0}
                      ; - ai.onnxruntime.OrtSession::run@463 (line 395)
  0x00000288ce226708: 8944 d710 

  0x00000288ce22670c: ;   {metadata(method data for {method} {0x00000288e7470da0} 'run' '(Ljava/util/Map;Ljava/util/Set;Ljava/util/Map;Lai/onnxruntime/OrtSession$RunOptions;)Lai/onnxruntime/OrtSession$Result;' in 'ai/onnxruntime/OrtSession')}
  0x00000288ce22670c: ffc6 48ba | f882 ade7 | 8802 0000 | ff82 f80e 

  0x00000288ce22671c: ;*goto {reexecute=0 rethrow=0 return_oop=0}
                      ; - ai.onnxruntime.OrtSession::run@467 (line 396)
                      ;   {metadata(method data for {method} {0x00000288e7470da0} 'run' '(Ljava/util/Map;Ljava/util/Set;Ljava/util/Map;Lai/onnxruntime/OrtSession$RunOptions;)Lai/onnxruntime/OrtSession$Result;' in 'ai/onnxruntime/OrtSession')}
  0x00000288ce22671c: 0000 48ba | f882 ade7 | 8802 0000 | 8b9a d000 | 0000 83c3 | 0289 9ad0 | 0000 0081 | e3fe 3f00 
  0x00000288ce22673c: 0085 db0f | 8493 2e00 

  0x00000288ce226744: ;*goto {reexecute=0 rethrow=0 return_oop=0}
                      ; - ai.onnxruntime.OrtSession::run@521 (line 401)
  0x00000288ce226744: 004d 8b97 

  0x00000288ce226748: ; ImmutableOopMap {rdi=Oop [216]=Oop [224]=Oop [232]=Oop [240]=Oop [248]=Oop [264]=Oop [272]=Oop [312]=Oop [320]=Oop [328]=Oop [344]=Oop [360]=Oop }
                      ;*goto {reexecute=1 rethrow=0 return_oop=0}
                      ; - (reexecute) ai.onnxruntime.OrtSession::run@521 (line 401)
  0x00000288ce226748: 5004 0000 

  0x00000288ce22674c: ;   {poll}
  0x00000288ce22674c: 4185 0248 | baf8 82ad | e788 0200 | 00ff 82f0 

  0x00000288ce22675c: ;*goto {reexecute=0 rethrow=0 return_oop=0}
                      ; - ai.onnxruntime.OrtSession::run@521 (line 401)
  0x00000288ce22675c: 1000 0089 | b424 5401 | 0000 488b | 8424 5801 | 0000 483b | 004c 8bc0 

  0x00000288ce226774: ;   {metadata(method data for {method} {0x00000288e7470da0} 'run' '(Ljava/util/Map;Ljava/util/Set;Ljava/util/Map;Lai/onnxruntime/OrtSession$RunOptions;)Lai/onnxruntime/OrtSession$Result;' in 'ai/onnxruntime/OrtSession')}
  0x00000288ce226774: 49b9 f882 | ade7 8802 | 0000 458b | 4008 49ba | 0000 0080 | 8802 0000 | 4d03 c24d | 3b81 e00b 
  0x00000288ce226794: 0000 750d | 4983 81e8 | 0b00 0001 | e960 0000 | 004d 3b81 | f00b 0000 | 750d 4983 | 81f8 0b00 
  0x00000288ce2267b4: 0001 e94a | 0000 0049 | 83b9 e00b | 0000 0075 | 174d 8981 | e00b 0000 | 49c7 81e8 | 0b00 0001 
  0x00000288ce2267d4: 0000 00e9 | 2900 0000 | 4983 b9f0 | 0b00 0000 | 7517 4d89 | 81f0 0b00 | 0049 c781 | f80b 0000 
  0x00000288ce2267f4: 0100 0000 | e908 0000 | 0049 8381 | d00b 0000 

  0x00000288ce226804: ;*invokeinterface hasNext {reexecute=0 rethrow=0 return_oop=0}
                      ; - ai.onnxruntime.OrtSession::run@377 (line 391)
  0x00000288ce226804: 0148 8bd0 | 0f1f 4400 | 0048 b878 | 2607 8188 

  0x00000288ce226814: ;   {virtual_call}
  0x00000288ce226814: 0200 00e8 

  0x00000288ce226818: ; ImmutableOopMap {[216]=Oop [224]=Oop [232]=Oop [240]=Oop [248]=Oop [264]=Oop [272]=Oop [312]=Oop [320]=Oop [328]=Oop [344]=Oop }
                      ;*invokeinterface hasNext {reexecute=0 rethrow=0 return_oop=0}
                      ; - ai.onnxruntime.OrtSession::run@377 (line 391)
  0x00000288ce226818: 047b 8107 

  0x00000288ce22681c: ;   {other}
  0x00000288ce22681c: 0f1f 8400 

  0x00000288ce226820: ;*invokeinterface hasNext {reexecute=0 rethrow=0 return_oop=0}
                      ; - ai.onnxruntime.OrtSession::run@377 (line 391)
  0x00000288ce226820: 0c2f 001b 

  0x00000288ce226824: ;   {metadata(method data for {method} {0x00000288e7470da0} 'run' '(Ljava/util/Map;Ljava/util/Set;Ljava/util/Map;Lai/onnxruntime/OrtSession$RunOptions;)Lai/onnxruntime/OrtSession$Result;' in 'ai/onnxruntime/OrtSession')}
  0x00000288ce226824: 85c0 48ba | f882 ade7 | 8802 0000 | 48c7 c618 | 0c00 0075 | 0748 c7c6 | 080c 0000 | 488b 3c32 
  0x00000288ce226844: 488d 7f01 | 4889 3c32 | 0f85 06f3 

  0x00000288ce226850: ;*ifeq {reexecute=0 rethrow=0 return_oop=0}
                      ; - ai.onnxruntime.OrtSession::run@382 (line 391)
  0x00000288ce226850: ffff 4c8b | 8c24 e800 

  0x00000288ce226858: ;   {metadata(method data for {method} {0x00000288e7470da0} 'run' '(Ljava/util/Map;Ljava/util/Set;Ljava/util/Map;Lai/onnxruntime/OrtSession$RunOptions;)Lai/onnxruntime/OrtSession$Result;' in 'ai/onnxruntime/OrtSession')}
  0x00000288ce226858: 0000 48ba | f882 ade7 | 8802 0000 | 458b 4908 | 49ba 0000 | 0080 8802 | 0000 4d03 | ca4c 3b8a 
  0x00000288ce226878: 1811 0000 | 750d 4883 | 8220 1100 | 0001 e960 | 0000 004c | 3b8a 2811 | 0000 750d | 4883 8230 
  0x00000288ce226898: 1100 0001 | e94a 0000 | 0048 83ba | 1811 0000 | 0075 174c | 898a 1811 | 0000 48c7 | 8220 1100 
  0x00000288ce2268b8: 0001 0000 | 00e9 2900 | 0000 4883 | ba28 1100 | 0000 7517 | 4c89 8a28 | 1100 0048 | c782 3011 
  0x00000288ce2268d8: 0000 0100 | 0000 e908 | 0000 0048 | 8382 0811 | 0000 0148 | 8b94 24e8 

  0x00000288ce2268f0: ;*invokeinterface iterator {reexecute=0 rethrow=0 return_oop=0}
                      ; - ai.onnxruntime.OrtSession::run@525 (line 402)
  0x00000288ce2268f0: 0000 0066 | 9048 b880 | 7d0f 8088 

  0x00000288ce2268fc: ;   {virtual_call}
  0x00000288ce2268fc: 0200 00e8 

  0x00000288ce226900: ; ImmutableOopMap {[216]=Oop [224]=Oop [232]=Oop [240]=Oop [248]=Oop [264]=Oop [272]=Oop [312]=Oop [320]=Oop [328]=Oop [344]=Oop }
                      ;*invokeinterface iterator {reexecute=0 rethrow=0 return_oop=0}
                      ; - ai.onnxruntime.OrtSession::run@525 (line 402)
  0x00000288ce226900: 5c59 afff 

  0x00000288ce226904: ;   {other}
  0x00000288ce226904: 0f1f 8400 

  0x00000288ce226908: ;*invokeinterface iterator {reexecute=0 rethrow=0 return_oop=0}
                      ; - ai.onnxruntime.OrtSession::run@525 (line 402)
  0x00000288ce226908: f42f 001c | 4889 8424 | 7001 0000 | 8bb4 2454 | 0100 0089 | b424 7801 | 0000 e95b 

  0x00000288ce226924: ;*aload {reexecute=0 rethrow=0 return_oop=0}
                      ; - ai.onnxruntime.OrtSession::run@532 (line 402)
  0x00000288ce226924: 0500 0090 | 488b 8424 | 7001 0000 

  0x00000288ce226930: ;   {metadata(method data for {method} {0x00000288e7470da0} 'run' '(Ljava/util/Map;Ljava/util/Set;Ljava/util/Map;Lai/onnxruntime/OrtSession$RunOptions;)Lai/onnxruntime/OrtSession$Result;' in 'ai/onnxruntime/OrtSession')}
  0x00000288ce226930: 48be f882 | ade7 8802 | 0000 8b40 | 0849 ba00 | 0000 8088 | 0200 0049 | 03c2 483b | 86a8 1100 
  0x00000288ce226950: 0075 0d48 | 8386 b011 | 0000 01e9 | 6000 0000 | 483b 86b8 | 1100 0075 | 0d48 8386 | c011 0000 
  0x00000288ce226970: 01e9 4a00 | 0000 4883 | bea8 1100 | 0000 7517 | 4889 86a8 | 1100 0048 | c786 b011 | 0000 0100 
  0x00000288ce226990: 0000 e929 | 0000 0048 | 83be b811 | 0000 0075 | 1748 8986 | b811 0000 | 48c7 86c0 | 1100 0001 
  0x00000288ce2269b0: 0000 00e9 | 0800 0000 | 4883 8698 | 1100 0001 | 488b 9424 

  0x00000288ce2269c4: ;*invokeinterface next {reexecute=0 rethrow=0 return_oop=0}
                      ; - ai.onnxruntime.OrtSession::run@544 (line 402)
  0x00000288ce2269c4: 7001 0000 | 0f1f 4400 | 0048 b830 | 2407 8188 

  0x00000288ce2269d4: ;   {virtual_call}
  0x00000288ce2269d4: 0200 00e8 

  0x00000288ce2269d8: ; ImmutableOopMap {[216]=Oop [224]=Oop [232]=Oop [240]=Oop [248]=Oop [264]=Oop [272]=Oop [312]=Oop [320]=Oop [328]=Oop [368]=Oop }
                      ;*invokeinterface next {reexecute=0 rethrow=0 return_oop=0}
                      ; - ai.onnxruntime.OrtSession::run@544 (line 402)
  0x00000288ce2269d8: e414 fdff 

  0x00000288ce2269dc: ;   {other}
  0x00000288ce2269dc: 0f1f 8400 

  0x00000288ce2269e0: ;*invokeinterface next {reexecute=0 rethrow=0 return_oop=0}
                      ; - ai.onnxruntime.OrtSession::run@544 (line 402)
  0x00000288ce2269e0: cc30 001d | 4885 c075 

  0x00000288ce2269e8: ;   {metadata(method data for {method} {0x00000288e7470da0} 'run' '(Ljava/util/Map;Ljava/util/Set;Ljava/util/Map;Lai/onnxruntime/OrtSession$RunOptions;)Lai/onnxruntime/OrtSession$Result;' in 'ai/onnxruntime/OrtSession')}
  0x00000288ce2269e8: 1648 baf8 | 82ad e788 | 0200 0080 | 8ac9 1100 | 0001 e9cd 

  0x00000288ce2269fc: ;   {metadata('java/lang/String')}
  0x00000288ce2269fc: 0000 0048 | bf70 ea00 | 8088 0200 | 0044 8b40 | 0849 ba00 | 0000 8088 | 0200 004d | 03c2 493b 
  0x00000288ce226a1c: f80f 858d 

  0x00000288ce226a20: ;   {metadata(method data for {method} {0x00000288e7470da0} 'run' '(Ljava/util/Map;Ljava/util/Set;Ljava/util/Map;Lai/onnxruntime/OrtSession$RunOptions;)Lai/onnxruntime/OrtSession$Result;' in 'ai/onnxruntime/OrtSession')}
  0x00000288ce226a20: 0000 0048 | baf8 82ad | e788 0200 | 008b 7808 | 49ba 0000 | 0080 8802 | 0000 4903 | fa48 3bba 
  0x00000288ce226a40: e011 0000 | 750d 4883 | 82e8 1100 | 0001 e979 | 0000 0048 | 3bba f011 | 0000 750d | 4883 82f8 
  0x00000288ce226a60: 1100 0001 | e963 0000 | 0048 83ba | e011 0000 | 0075 1748 | 89ba e011 | 0000 48c7 | 82e8 1100 
  0x00000288ce226a80: 0001 0000 | 00e9 4200 | 0000 4883 | baf0 1100 | 0000 7517 | 4889 baf0 | 1100 0048 | c782 f811 
  0x00000288ce226aa0: 0000 0100 | 0000 e921 | 0000 00e9 | 1c00 0000 

  0x00000288ce226ab0: ;   {metadata(method data for {method} {0x00000288e7470da0} 'run' '(Ljava/util/Map;Ljava/util/Set;Ljava/util/Map;Lai/onnxruntime/OrtSession$RunOptions;)Lai/onnxruntime/OrtSession$Result;' in 'ai/onnxruntime/OrtSession')}
  0x00000288ce226ab0: 48ba f882 | ade7 8802 | 0000 4883 | aad0 1100 | 0001 e937 | 2b00 00e9 | 0000 0000 

  0x00000288ce226acc: ;*checkcast {reexecute=0 rethrow=0 return_oop=0}
                      ; - ai.onnxruntime.OrtSession::run@549 (line 402)
  0x00000288ce226acc: 488b f048 | 89b4 2480 | 0100 0048 | 8b94 24d8 | 0000 008b | 7a30 48c1 

  0x00000288ce226ae4: ;*getfield outputNames {reexecute=0 rethrow=0 return_oop=0}
                      ; - ai.onnxruntime.OrtSession::run@555 (line 403)
  0x00000288ce226ae4: e703 483b | 074c 8bc7 

  0x00000288ce226aec: ;   {metadata(method data for {method} {0x00000288e7470da0} 'run' '(Ljava/util/Map;Ljava/util/Set;Ljava/util/Map;Lai/onnxruntime/OrtSession$RunOptions;)Lai/onnxruntime/OrtSession$Result;' in 'ai/onnxruntime/OrtSession')}
  0x00000288ce226aec: 48bb f882 | ade7 8802 | 0000 458b | 4008 49ba | 0000 0080 | 8802 0000 | 4d03 c24c | 3b83 1812 
  0x00000288ce226b0c: 0000 750d | 4883 8320 | 1200 0001 | e960 0000 | 004c 3b83 | 2812 0000 | 750d 4883 | 8330 1200 
  0x00000288ce226b2c: 0001 e94a | 0000 0048 | 83bb 1812 | 0000 0075 | 174c 8983 | 1812 0000 | 48c7 8320 | 1200 0001 
  0x00000288ce226b4c: 0000 00e9 | 2900 0000 | 4883 bb28 | 1200 0000 | 7517 4c89 | 8328 1200 | 0048 c783 | 3012 0000 
  0x00000288ce226b6c: 0100 0000 | e908 0000 | 0048 8383 | 0812 0000 | 014c 8bc6 

  0x00000288ce226b80: ;*invokeinterface contains {reexecute=0 rethrow=0 return_oop=0}
                      ; - ai.onnxruntime.OrtSession::run@560 (line 403)
  0x00000288ce226b80: 488b d766 | 9048 b880 | 7d0f 8088 

  0x00000288ce226b8c: ;   {virtual_call}
  0x00000288ce226b8c: 0200 00e8 

  0x00000288ce226b90: ; ImmutableOopMap {[216]=Oop [224]=Oop [232]=Oop [240]=Oop [248]=Oop [264]=Oop [272]=Oop [312]=Oop [320]=Oop [328]=Oop [368]=Oop [384]=Oop }
                      ;*invokeinterface contains {reexecute=0 rethrow=0 return_oop=0}
                      ; - ai.onnxruntime.OrtSession::run@560 (line 403)
  0x00000288ce226b90: ac54 efff 

  0x00000288ce226b94: ;   {other}
  0x00000288ce226b94: 0f1f 8400 

  0x00000288ce226b98: ;*invokeinterface contains {reexecute=0 rethrow=0 return_oop=0}
                      ; - ai.onnxruntime.OrtSession::run@560 (line 403)
  0x00000288ce226b98: 8432 001e 

  0x00000288ce226b9c: ;   {metadata(method data for {method} {0x00000288e7470da0} 'run' '(Ljava/util/Map;Ljava/util/Set;Ljava/util/Map;Lai/onnxruntime/OrtSession$RunOptions;)Lai/onnxruntime/OrtSession$Result;' in 'ai/onnxruntime/OrtSession')}
  0x00000288ce226b9c: 85c0 49b8 | f882 ade7 | 8802 0000 | 48c7 c240 | 1200 0074 | 0748 c7c2 | 5012 0000 | 498b 3410 
  0x00000288ce226bbc: 488d 7601 | 4989 3410 | 0f84 f209 

  0x00000288ce226bc8: ;*ifeq {reexecute=0 rethrow=0 return_oop=0}
                      ; - ai.onnxruntime.OrtSession::run@565 (line 403)
  0x00000288ce226bc8: 0000 488b | bc24 f000 

  0x00000288ce226bd0: ;   {metadata(method data for {method} {0x00000288e7470da0} 'run' '(Ljava/util/Map;Ljava/util/Set;Ljava/util/Map;Lai/onnxruntime/OrtSession$RunOptions;)Lai/onnxruntime/OrtSession$Result;' in 'ai/onnxruntime/OrtSession')}
  0x00000288ce226bd0: 0000 49b8 | f882 ade7 | 8802 0000 | 8b7f 0849 | ba00 0000 | 8088 0200 | 0049 03fa | 493b b870 
  0x00000288ce226bf0: 1200 0075 | 0d49 8380 | 7812 0000 | 01e9 6000 | 0000 493b | b880 1200 | 0075 0d49 | 8380 8812 
  0x00000288ce226c10: 0000 01e9 | 4a00 0000 | 4983 b870 | 1200 0000 | 7517 4989 | b870 1200 | 0049 c780 | 7812 0000 
  0x00000288ce226c30: 0100 0000 | e929 0000 | 0049 83b8 | 8012 0000 | 0075 1749 | 89b8 8012 | 0000 49c7 | 8088 1200 
  0x00000288ce226c50: 0001 0000 | 00e9 0800 | 0000 4983 | 8060 1200 | 0001 4c8b | 8424 8001 | 0000 488b | 9424 f000 
  0x00000288ce226c70: ;*invokeinterface containsKey {reexecute=0 rethrow=0 return_oop=0}
                      ; - ai.onnxruntime.OrtSession::run@571 (line 404)
  0x00000288ce226c70: 0000 6666 | 9048 b8e8 | 8e1d 8088 

  0x00000288ce226c7c: ;   {virtual_call}
  0x00000288ce226c7c: 0200 00e8 

  0x00000288ce226c80: ; ImmutableOopMap {[216]=Oop [224]=Oop [232]=Oop [240]=Oop [248]=Oop [264]=Oop [272]=Oop [312]=Oop [320]=Oop [328]=Oop [368]=Oop [384]=Oop }
                      ;*invokeinterface containsKey {reexecute=0 rethrow=0 return_oop=0}
                      ; - ai.onnxruntime.OrtSession::run@571 (line 404)
  0x00000288ce226c80: 1ce3 9107 

  0x00000288ce226c84: ;   {other}
  0x00000288ce226c84: 0f1f 8400 

  0x00000288ce226c88: ;*invokeinterface containsKey {reexecute=0 rethrow=0 return_oop=0}
                      ; - ai.onnxruntime.OrtSession::run@571 (line 404)
  0x00000288ce226c88: 7433 001f 

  0x00000288ce226c8c: ;   {metadata(method data for {method} {0x00000288e7470da0} 'run' '(Ljava/util/Map;Ljava/util/Set;Ljava/util/Map;Lai/onnxruntime/OrtSession$RunOptions;)Lai/onnxruntime/OrtSession$Result;' in 'ai/onnxruntime/OrtSession')}
  0x00000288ce226c8c: 85c0 48ba | f882 ade7 | 8802 0000 | 48c7 c698 | 1200 0075 | 0748 c7c6 | a812 0000 | 488b 3c32 
  0x00000288ce226cac: 488d 7f01 | 4889 3c32 | 0f85 e004 

  0x00000288ce226cb8: ;*ifne {reexecute=0 rethrow=0 return_oop=0}
                      ; - ai.onnxruntime.OrtSession::run@576 (line 404)
  0x00000288ce226cb8: 0000 488b | 9c24 8001 | 0000 8bb4 | 2478 0100 | 0048 8b84 | 2438 0100 | 003b 700c | 0f83 3229 
  0x00000288ce226cd8: 0000 4885 

  0x00000288ce226cdc: ;   {metadata(method data for {method} {0x00000288e7470da0} 'run' '(Ljava/util/Map;Ljava/util/Set;Ljava/util/Map;Lai/onnxruntime/OrtSession$RunOptions;)Lai/onnxruntime/OrtSession$Result;' in 'ai/onnxruntime/OrtSession')}
  0x00000288ce226cdc: db75 1648 | bff8 82ad | e788 0200 | 0080 8fb1 | 1200 0001 | e9f8 0000 | 008b 5008 | 49ba 0000 
  0x00000288ce226cfc: 0080 8802 | 0000 4903 | d28b 7b08 | 49ba 0000 | 0080 8802 | 0000 4903 | fa48 8b92 | e000 0000 
  0x00000288ce226d1c: 483b fa0f | 8427 0000 | 008b 4a14 | 483b 140f | 0f84 1a00 | 0000 83f9 | 200f 859b | 0000 0057 
  0x00000288ce226d3c: ;   {runtime_call slow_subtype_check Runtime1 stub}
  0x00000288ce226d3c: 52e8 3efa | 0307 5f5a | 85d2 0f84 | 8a00 0000 

  0x00000288ce226d4c: ;   {metadata(method data for {method} {0x00000288e7470da0} 'run' '(Ljava/util/Map;Ljava/util/Set;Ljava/util/Map;Lai/onnxruntime/OrtSession$RunOptions;)Lai/onnxruntime/OrtSession$Result;' in 'ai/onnxruntime/OrtSession')}
  0x00000288ce226d4c: 48bf f882 | ade7 8802 | 0000 8b53 | 0849 ba00 | 0000 8088 | 0200 0049 | 03d2 483b | 97c8 1200 
  0x00000288ce226d6c: 0075 0d48 | 8387 d012 | 0000 01e9 | 7100 0000 | 483b 97d8 | 1200 0075 | 0d48 8387 | e012 0000 
  0x00000288ce226d8c: 01e9 5b00 | 0000 4883 | bfc8 1200 | 0000 7517 | 4889 97c8 | 1200 0048 | c787 d012 | 0000 0100 
  0x00000288ce226dac: 0000 e93a | 0000 0048 | 83bf d812 | 0000 0075 | 1748 8997 | d812 0000 | 48c7 87e0 | 1200 0001 
  0x00000288ce226dcc: 0000 00e9 | 1900 0000 

  0x00000288ce226dd4: ;   {metadata(method data for {method} {0x00000288e7470da0} 'run' '(Ljava/util/Map;Ljava/util/Set;Ljava/util/Map;Lai/onnxruntime/OrtSession$RunOptions;)Lai/onnxruntime/OrtSession$Result;' in 'ai/onnxruntime/OrtSession')}
  0x00000288ce226dd4: eb17 48bf | f882 ade7 | 8802 0000 | 4883 afb8 | 1200 0001 | e932 2800 | 0048 63d6 | 488d 5490 
  0x00000288ce226df4: 1041 0fbe | 7f40 85ff | 0f85 2628 | 0000 4c8b | d349 c1ea | 0344 8912 | 488b fa48 | 33fb 48c1 
  0x00000288ce226e14: ef15 4883 | ff00 0f85 

  0x00000288ce226e1c: ;*aastore {reexecute=0 rethrow=0 return_oop=0}
                      ; - ai.onnxruntime.OrtSession::run@585 (line 405)
  0x00000288ce226e1c: 2628 0000 

  0x00000288ce226e20: ;   {metadata(method data for {method} {0x00000288e7470da0} 'run' '(Ljava/util/Map;Ljava/util/Set;Ljava/util/Map;Lai/onnxruntime/OrtSession$RunOptions;)Lai/onnxruntime/OrtSession$Result;' in 'ai/onnxruntime/OrtSession')}
  0x00000288ce226e20: ffc6 48ba | f882 ade7 | 8802 0000 | ff82 f012 

  0x00000288ce226e30: ;*goto {reexecute=0 rethrow=0 return_oop=0}
                      ; - ai.onnxruntime.OrtSession::run@589 (line 408)
                      ;   {metadata(method data for {method} {0x00000288e7470da0} 'run' '(Ljava/util/Map;Ljava/util/Set;Ljava/util/Map;Lai/onnxruntime/OrtSession$RunOptions;)Lai/onnxruntime/OrtSession$Result;' in 'ai/onnxruntime/OrtSession')}
  0x00000288ce226e30: 0000 48ba | f882 ade7 | 8802 0000 | 8bba d000 | 0000 83c7 | 0289 bad0 | 0000 0081 | e7fe 3f00 
  0x00000288ce226e50: 0085 ff0f | 8405 2800 

  0x00000288ce226e58: ;*goto {reexecute=0 rethrow=0 return_oop=0}
                      ; - ai.onnxruntime.OrtSession::run@668 (line 419)
  0x00000288ce226e58: 004d 8b97 

  0x00000288ce226e5c: ; ImmutableOopMap {rbx=Oop rax=Oop [216]=Oop [224]=Oop [232]=Oop [240]=Oop [248]=Oop [264]=Oop [272]=Oop [312]=Oop [320]=Oop [328]=Oop [368]=Oop [384]=Oop }
                      ;*goto {reexecute=1 rethrow=0 return_oop=0}
                      ; - (reexecute) ai.onnxruntime.OrtSession::run@668 (line 419)
  0x00000288ce226e5c: 5004 0000 

  0x00000288ce226e60: ;   {poll}
  0x00000288ce226e60: 4185 0248 | baf8 82ad | e788 0200 | 00ff 8278 

  0x00000288ce226e70: ;*goto {reexecute=0 rethrow=0 return_oop=0}
                      ; - ai.onnxruntime.OrtSession::run@668 (line 419)
  0x00000288ce226e70: 1500 0089 | b424 7801 | 0000 488b | 8424 7001 | 0000 483b | 0048 8bc8 

  0x00000288ce226e88: ;   {metadata(method data for {method} {0x00000288e7470da0} 'run' '(Ljava/util/Map;Ljava/util/Set;Ljava/util/Map;Lai/onnxruntime/OrtSession$RunOptions;)Lai/onnxruntime/OrtSession$Result;' in 'ai/onnxruntime/OrtSession')}
  0x00000288ce226e88: 49b8 f882 | ade7 8802 | 0000 8b49 | 0849 ba00 | 0000 8088 | 0200 0049 | 03ca 493b | 8850 1100 
  0x00000288ce226ea8: 0075 0d49 | 8380 5811 | 0000 01e9 | 6000 0000 | 493b 8860 | 1100 0075 | 0d49 8380 | 6811 0000 
  0x00000288ce226ec8: 01e9 4a00 | 0000 4983 | b850 1100 | 0000 7517 | 4989 8850 | 1100 0049 | c780 5811 | 0000 0100 
  0x00000288ce226ee8: 0000 e929 | 0000 0049 | 83b8 6011 | 0000 0075 | 1749 8988 | 6011 0000 | 49c7 8068 | 1100 0001 
  0x00000288ce226f08: 0000 00e9 | 0800 0000 | 4983 8040 | 1100 0001 

  0x00000288ce226f18: ;*invokeinterface hasNext {reexecute=0 rethrow=0 return_oop=0}
                      ; - ai.onnxruntime.OrtSession::run@534 (line 402)
  0x00000288ce226f18: 488b d066 | 9048 b830 | 2407 8188 

  0x00000288ce226f24: ;   {virtual_call}
  0x00000288ce226f24: 0200 00e8 

  0x00000288ce226f28: ; ImmutableOopMap {[216]=Oop [224]=Oop [232]=Oop [240]=Oop [248]=Oop [264]=Oop [272]=Oop [312]=Oop [320]=Oop [328]=Oop [368]=Oop }
                      ;*invokeinterface hasNext {reexecute=0 rethrow=0 return_oop=0}
                      ; - ai.onnxruntime.OrtSession::run@534 (line 402)
  0x00000288ce226f28: 74fb faff 

  0x00000288ce226f2c: ;   {other}
  0x00000288ce226f2c: 0f1f 8400 

  0x00000288ce226f30: ;*invokeinterface hasNext {reexecute=0 rethrow=0 return_oop=0}
                      ; - ai.onnxruntime.OrtSession::run@534 (line 402)
  0x00000288ce226f30: 1c36 0021 

  0x00000288ce226f34: ;   {metadata(method data for {method} {0x00000288e7470da0} 'run' '(Ljava/util/Map;Ljava/util/Set;Ljava/util/Map;Lai/onnxruntime/OrtSession$RunOptions;)Lai/onnxruntime/OrtSession$Result;' in 'ai/onnxruntime/OrtSession')}
  0x00000288ce226f34: 85c0 48ba | f882 ade7 | 8802 0000 | 48c7 c688 | 1100 0075 | 0748 c7c6 | 7811 0000 | 488b 3c32 
  0x00000288ce226f54: 488d 7f01 | 4889 3c32 | 0f85 c6f9 

  0x00000288ce226f60: ;*ifeq {reexecute=0 rethrow=0 return_oop=0}
                      ; - ai.onnxruntime.OrtSession::run@539 (line 402)
  0x00000288ce226f60: ffff 8bb4 | 2478 0100 | 0048 8b84 | 2438 0100 | 0048 8bbc | 24f8 0000 | 0048 85ff 

  0x00000288ce226f7c: ;   {metadata(method data for {method} {0x00000288e7470da0} 'run' '(Ljava/util/Map;Ljava/util/Set;Ljava/util/Map;Lai/onnxruntime/OrtSession$RunOptions;)Lai/onnxruntime/OrtSession$Result;' in 'ai/onnxruntime/OrtSession')}
  0x00000288ce226f7c: 48ba f882 | ade7 8802 | 0000 48c7 | c390 1500 | 0075 0748 | c7c3 a015 | 0000 488b | 0c1a 488d 
  0x00000288ce226f9c: 4901 4889 | 0c1a 0f85 

  0x00000288ce226fa4: ;*ifnonnull {reexecute=0 rethrow=0 return_oop=0}
                      ; - ai.onnxruntime.OrtSession::run@673 (line 420)
  0x00000288ce226fa4: 3e00 0000 

  0x00000288ce226fa8: ;   {metadata(method data for {method} {0x00000288e7470da0} 'run' '(Ljava/util/Map;Ljava/util/Set;Ljava/util/Map;Lai/onnxruntime/OrtSession$RunOptions;)Lai/onnxruntime/OrtSession$Result;' in 'ai/onnxruntime/OrtSession')}
  0x00000288ce226fa8: 48ba f882 | ade7 8802 | 0000 ff82 | b015 0000 | 48c7 c300 | 0000 0048 | 899c 2488 | 0100 0089 
  0x00000288ce226fc8: b424 7801 | 0000 4c8b | ac24 4001 | 0000 448b | 8424 5001 | 0000 4c8b | d8e9 4900 

  0x00000288ce226fe4: ;*goto {reexecute=0 rethrow=0 return_oop=0}
                      ; - ai.onnxruntime.OrtSession::run@677 (line 420)
  0x00000288ce226fe4: 0000 89b4 | 2478 0100 

  0x00000288ce226fec: ;*invokevirtual getNativeHandle {reexecute=0 rethrow=0 return_oop=0}
                      ; - ai.onnxruntime.OrtSession::run@682 (line 420)
  0x00000288ce226fec: 0048 8bd7 | 0f1f 4400 | 0048 b8ff | ffff ffff 

  0x00000288ce226ffc: ;   {virtual_call}
  0x00000288ce226ffc: ffff ffe8 

  0x00000288ce227000: ; ImmutableOopMap {[216]=Oop [224]=Oop [232]=Oop [240]=Oop [248]=Oop [264]=Oop [272]=Oop [312]=Oop [320]=Oop [328]=Oop [368]=Oop }
                      ;*invokevirtual getNativeHandle {reexecute=0 rethrow=0 return_oop=0}
                      ; - ai.onnxruntime.OrtSession::run@682 (line 420)
  0x00000288ce227000: 7c7d f606 

  0x00000288ce227004: ;   {other}
  0x00000288ce227004: 0f1f 8400 

  0x00000288ce227008: ;*invokevirtual getNativeHandle {reexecute=0 rethrow=0 return_oop=0}
                      ; - ai.onnxruntime.OrtSession::run@682 (line 420)
  0x00000288ce227008: f436 0022 

  0x00000288ce22700c: ;*lstore {reexecute=0 rethrow=0 return_oop=0}
                      ; - ai.onnxruntime.OrtSession::run@685 (line 420)
  0x00000288ce22700c: 488b d848 | 899c 2488 | 0100 004c | 8bac 2440 | 0100 0044 | 8b84 2450 | 0100 004c | 8b9c 2438 
  0x00000288ce22702c: 0100 0048 | 8b84 2408 | 0100 0048 | 8b94 24d8 

  0x00000288ce22703c: ;   {oop(a 'java/lang/Class'{0x0000000708377758} = 'ai/onnxruntime/OnnxRuntime')}
  0x00000288ce22703c: 0000 0049 | b958 7737 | 0807 0000 | 0049 8bb9 

  0x00000288ce22704c: ;*getstatic ortApiHandle {reexecute=0 rethrow=0 return_oop=0}
                      ; - ai.onnxruntime.OrtSession::run@688 (line 421)
  0x00000288ce22704c: b800 0000 

  0x00000288ce227050: ;*getfield nativeHandle {reexecute=0 rethrow=0 return_oop=0}
                      ; - ai.onnxruntime.OrtSession::run@692 (line 421)
  0x00000288ce227050: 4c8b 4a10 | 8b72 2848 

  0x00000288ce227058: ;*getfield allocator {reexecute=0 rethrow=0 return_oop=0}
                      ; - ai.onnxruntime.OrtSession::run@696 (line 421)
  0x00000288ce227058: c1e6 0348 

  0x00000288ce22705c: ;*getfield handle {reexecute=0 rethrow=0 return_oop=0}
                      ; - ai.onnxruntime.OrtSession::run@699 (line 421)
  0x00000288ce22705c: 8b4e 108b 

  0x00000288ce227060: ;*arraylength {reexecute=0 rethrow=0 return_oop=0}
                      ; - ai.onnxruntime.OrtSession::run@708 (line 421)
  0x00000288ce227060: 700c 488b 

  0x00000288ce227064: ;   {metadata(method data for {method} {0x00000288e7470da0} 'run' '(Ljava/util/Map;Ljava/util/Set;Ljava/util/Map;Lai/onnxruntime/OrtSession$RunOptions;)Lai/onnxruntime/OrtSession$Result;' in 'ai/onnxruntime/OrtSession')}
  0x00000288ce227064: da48 baf8 | 82ad e788 | 0200 0048 | 8382 0016 | 0000 0148 | 63d6 4963 | d84c 8bc7 | 488b f948 
  0x00000288ce227084: 8bf0 488b | 8c24 1001 | 0000 4889 | 1424 4c89 | 5c24 0848 | 895c 2410 | 4c89 6c24 | 1848 8b9c 
  0x00000288ce2270a4: 2448 0100 | 0048 895c | 2420 4c8b | b424 8801 | 0000 4c89 | 7424 2848 | 8b94 24d8 

  0x00000288ce2270c0: ;*invokespecial run {reexecute=0 rethrow=0 return_oop=0}
                      ; - ai.onnxruntime.OrtSession::run@722 (line 422)
  0x00000288ce2270c0: 0000 004c | 89b4 2488 | 0100 000f 

  0x00000288ce2270cc: ;   {optimized virtual_call}
  0x00000288ce2270cc: 1f40 00e8 

  0x00000288ce2270d0: ; ImmutableOopMap {[216]=Oop [224]=Oop [232]=Oop [240]=Oop [248]=Oop [264]=Oop [272]=Oop [312]=Oop [320]=Oop [328]=Oop }
                      ;*invokespecial run {reexecute=0 rethrow=0 return_oop=0}
                      ; - ai.onnxruntime.OrtSession::run@722 (line 422)
  0x00000288ce2270d0: 0cd8 9107 

  0x00000288ce2270d4: ;   {other}
  0x00000288ce2270d4: 0f1f 8400 

  0x00000288ce2270d8: ;*invokespecial run {reexecute=0 rethrow=0 return_oop=0}
                      ; - ai.onnxruntime.OrtSession::run@722 (line 422)
  0x00000288ce2270d8: c437 0023 

  0x00000288ce2270dc: ;   {metadata('ai/onnxruntime/OrtSession$Result')}
  0x00000288ce2270dc: 48ba 5830 | 0c81 8802 | 0000 488b | d849 8b87 | b801 0000 | 488d 7820 | 493b bfc8 | 0100 000f 
  0x00000288ce2270fc: 8788 2500 | 0049 89bf | b801 0000 | 48c7 0001 | 0000 0048 | 8bca 49ba | 0000 0080 | 8802 0000 
  0x00000288ce22711c: 492b ca89 | 4808 4833 | c989 480c | 4833 c948 | 8948 1048 

  0x00000288ce227130: ;*new {reexecute=0 rethrow=0 return_oop=0}
                      ; - ai.onnxruntime.OrtSession::run@727 (line 434)
  0x00000288ce227130: 8948 184c 

  0x00000288ce227134: ;   {metadata(method data for {method} {0x00000288e7470da0} 'run' '(Ljava/util/Map;Ljava/util/Set;Ljava/util/Map;Lai/onnxruntime/OrtSession$RunOptions;)Lai/onnxruntime/OrtSession$Result;' in 'ai/onnxruntime/OrtSession')}
  0x00000288ce227134: 8bc0 49b9 | f882 ade7 | 8802 0000 | 4983 8110 | 1600 0001 | 4c8b 8424 | 3801 0000 | 4c8b 8c24 
  0x00000288ce227154: 4001 0000 | 488b fb48 

  0x00000288ce22715c: ;*invokespecial <init> {reexecute=0 rethrow=0 return_oop=0}
                      ; - ai.onnxruntime.OrtSession::run@737 (line 434)
  0x00000288ce22715c: 8bd0 4889 | 9c24 9801 | 0000 4889 | 8424 9001 

  0x00000288ce22716c: ;   {optimized virtual_call}
  0x00000288ce22716c: 0000 90e8 

  0x00000288ce227170: ; ImmutableOopMap {[216]=Oop [224]=Oop [232]=Oop [240]=Oop [248]=Oop [264]=Oop [272]=Oop [312]=Oop [320]=Oop [328]=Oop [400]=Oop [408]=Oop }
                      ;*invokespecial <init> {reexecute=0 rethrow=0 return_oop=0}
                      ; - ai.onnxruntime.OrtSession::run@737 (line 434)
  0x00000288ce227170: 6c80 feff 

  0x00000288ce227174: ;   {other}
  0x00000288ce227174: 0f1f 8400 

  0x00000288ce227178: ;*invokespecial <init> {reexecute=0 rethrow=0 return_oop=0}
                      ; - ai.onnxruntime.OrtSession::run@737 (line 434)
  0x00000288ce227178: 6438 0024 | 488b 8424 | 9001 0000 | 4881 c480 | 0200 005d 

  0x00000288ce22718c: ;   {poll_return}
  0x00000288ce22718c: 493b a748 | 0400 000f | 87fd 2400 

  0x00000288ce227198: ;*areturn {reexecute=0 rethrow=0 return_oop=0}
                      ; - ai.onnxruntime.OrtSession::run@740 (line 434)
  0x00000288ce227198: 00c3 660f | 1f44 0000 

  0x00000288ce2271a0: ;   {no_reloc}
  0x00000288ce2271a0: e916 2500 | 0000 0000 | 0000 80ba | 3101 0000 | 040f 8513 | 2500 0049 | 8b87 b801 | 0000 488d 
  0x00000288ce2271c0: 7828 493b | bfc8 0100 | 000f 87fb | 2400 0049 | 89bf b801 | 0000 48c7 | 0001 0000 | 0048 8bca 
  0x00000288ce2271e0: 49ba 0000 | 0080 8802 | 0000 492b | ca89 4808 | 4833 c989 | 480c 4833 | c948 8948 | 1048 8948 
  0x00000288ce227200: 1848 8948 

  0x00000288ce227204: ;*new {reexecute=0 rethrow=0 return_oop=0}
                      ; - ai.onnxruntime.OrtSession::run@592 (line 410)
                      ;   {metadata('java/lang/StringBuilder')}
  0x00000288ce227204: 2048 ba38 | 8200 8088 | 0200 0048 | 8984 24a8 | 0100 0049 | 8b87 b801 | 0000 488d | 7818 493b 
  0x00000288ce227224: bfc8 0100 | 000f 87a8 | 2400 0049 | 89bf b801 | 0000 48c7 | 0001 0000 | 0048 8bca | 49ba 0000 
  0x00000288ce227244: 0080 8802 | 0000 492b | ca89 4808 | 4833 c989 | 480c 4833 | c948 8948 

  0x00000288ce22725c: ;*new {reexecute=0 rethrow=0 return_oop=0}
                      ; - ai.onnxruntime.OrtSession::run@596 (line 410)
  0x00000288ce22725c: 104c 8bc0 

  0x00000288ce227260: ;   {metadata(method data for {method} {0x00000288e7470da0} 'run' '(Ljava/util/Map;Ljava/util/Set;Ljava/util/Map;Lai/onnxruntime/OrtSession$RunOptions;)Lai/onnxruntime/OrtSession$Result;' in 'ai/onnxruntime/OrtSession')}
  0x00000288ce227260: 48ba f882 | ade7 8802 | 0000 4883 | 8208 1300 

  0x00000288ce227270: ;   {metadata(method data for {method} {0x0000028880463b88} '<init>' '()V' in 'java/lang/StringBuilder')}
  0x00000288ce227270: 0001 49b8 | c0db 00e7 | 8802 0000 | 418b 90cc | 0000 0083 | c202 4189 | 90cc 0000 | 0081 e2fe 
  0x00000288ce227290: ff1f 0085 | d20f 8449 | 2400 004c 

  0x00000288ce22729c: ;   {metadata(method data for {method} {0x0000028880463b88} '<init>' '()V' in 'java/lang/StringBuilder')}
  0x00000288ce22729c: 8bc0 48ba | c0db 00e7 | 8802 0000 | 4883 8210 | 0100 0001 | 41b8 1000 | 0000 488b 

  0x00000288ce2272b8: ;*invokespecial <init> {reexecute=0 rethrow=0 return_oop=0}
                      ; - java.lang.StringBuilder::<init>@3 (line 106)
                      ; - ai.onnxruntime.OrtSession::run@600 (line 410)
  0x00000288ce2272b8: d048 8984 | 24a0 0100 | 0066 0f1f 

  0x00000288ce2272c4: ;   {optimized virtual_call}
  0x00000288ce2272c4: 4400 00e8 

  0x00000288ce2272c8: ; ImmutableOopMap {[216]=Oop [224]=Oop [232]=Oop [240]=Oop [248]=Oop [264]=Oop [272]=Oop [312]=Oop [320]=Oop [328]=Oop [368]=Oop [384]=Oop [416]=Oop [424]=Oop }
                      ;*invokespecial <init> {reexecute=0 rethrow=0 return_oop=0}
                      ; - java.lang.StringBuilder::<init>@3 (line 106)
                      ; - ai.onnxruntime.OrtSession::run@600 (line 410)
  0x00000288ce2272c8: b477 f606 

  0x00000288ce2272cc: ;   {other}
  0x00000288ce2272cc: 0f1f 8400 

  0x00000288ce2272d0: ;*invokespecial <init> {reexecute=0 rethrow=0 return_oop=0}
                      ; - java.lang.StringBuilder::<init>@3 (line 106)
                      ; - ai.onnxruntime.OrtSession::run@600 (line 410)
  0x00000288ce2272d0: bc39 0025 | 488b 8424 | a001 0000 

  0x00000288ce2272dc: ;   {metadata(method data for {method} {0x00000288e7470da0} 'run' '(Ljava/util/Map;Ljava/util/Set;Ljava/util/Map;Lai/onnxruntime/OrtSession$RunOptions;)Lai/onnxruntime/OrtSession$Result;' in 'ai/onnxruntime/OrtSession')}
  0x00000288ce2272dc: 49b8 f882 | ade7 8802 | 0000 4983 | 8018 1300 

  0x00000288ce2272ec: ;   {metadata(method data for {method} {0x0000028880463978} 'append' '(Ljava/lang/String;)Ljava/lang/StringBuilder;' in 'java/lang/StringBuilder')}
  0x00000288ce2272ec: 0001 49b8 | b0de 00e7 | 8802 0000 | 418b 90cc | 0000 0083 | c202 4189 | 90cc 0000 | 0081 e2fe 
  0x00000288ce22730c: ff1f 0085 | d20f 84ee | 2300 0048 | 8b84 24a0 

  0x00000288ce22731c: ;   {metadata(method data for {method} {0x0000028880463978} 'append' '(Ljava/lang/String;)Ljava/lang/StringBuilder;' in 'java/lang/StringBuilder')}
  0x00000288ce22731c: 0100 0049 | b8b0 de00 | e788 0200 | 0049 8380 | 1001 0000 

  0x00000288ce227330: ;   {oop("Output '"{0x000000070dc7b030})}
  0x00000288ce227330: 0149 b830 | b0c7 0d07 | 0000 0048 | 8b94 24a0 

  0x00000288ce227340: ;*invokespecial append {reexecute=0 rethrow=0 return_oop=0}
                      ; - java.lang.StringBuilder::append@2 (line 179)
                      ; - ai.onnxruntime.OrtSession::run@605 (line 410)
  0x00000288ce227340: 0100 000f 

  0x00000288ce227344: ;   {optimized virtual_call}
  0x00000288ce227344: 1f40 00e8 

  0x00000288ce227348: ; ImmutableOopMap {[216]=Oop [224]=Oop [232]=Oop [240]=Oop [248]=Oop [264]=Oop [272]=Oop [312]=Oop [320]=Oop [328]=Oop [368]=Oop [384]=Oop [416]=Oop [424]=Oop }
                      ;*invokespecial append {reexecute=0 rethrow=0 return_oop=0}
                      ; - java.lang.StringBuilder::append@2 (line 179)
                      ; - ai.onnxruntime.OrtSession::run@605 (line 410)
  0x00000288ce227348: 3477 f606 

  0x00000288ce22734c: ;   {other}
  0x00000288ce22734c: 0f1f 8400 

  0x00000288ce227350: ;*invokespecial append {reexecute=0 rethrow=0 return_oop=0}
                      ; - java.lang.StringBuilder::append@2 (line 179)
                      ; - ai.onnxruntime.OrtSession::run@605 (line 410)
  0x00000288ce227350: 3c3a 0026 | 488b 8424 | a001 0000 

  0x00000288ce22735c: ;   {metadata(method data for {method} {0x00000288e7470da0} 'run' '(Ljava/util/Map;Ljava/util/Set;Ljava/util/Map;Lai/onnxruntime/OrtSession$RunOptions;)Lai/onnxruntime/OrtSession$Result;' in 'ai/onnxruntime/OrtSession')}
  0x00000288ce22735c: 49b8 f882 | ade7 8802 | 0000 4983 | 8050 1300 

  0x00000288ce22736c: ;   {metadata(method data for {method} {0x0000028880463978} 'append' '(Ljava/lang/String;)Ljava/lang/StringBuilder;' in 'java/lang/StringBuilder')}
  0x00000288ce22736c: 0001 49b8 | b0de 00e7 | 8802 0000 | 418b 90cc | 0000 0083 | c202 4189 | 90cc 0000 | 0081 e2fe 
  0x00000288ce22738c: ff1f 0085 | d20f 848f | 2300 0048 | 8b84 24a0 

  0x00000288ce22739c: ;   {metadata(method data for {method} {0x0000028880463978} 'append' '(Ljava/lang/String;)Ljava/lang/StringBuilder;' in 'java/lang/StringBuilder')}
  0x00000288ce22739c: 0100 0049 | b8b0 de00 | e788 0200 | 0049 8380 | 1001 0000 | 014c 8b84 | 2480 0100 | 0048 8b94 
  0x00000288ce2273bc: 24a0 0100 

  0x00000288ce2273c0: ;*invokespecial append {reexecute=0 rethrow=0 return_oop=0}
                      ; - java.lang.StringBuilder::append@2 (line 179)
                      ; - ai.onnxruntime.OrtSession::run@610 (line 410)
  0x00000288ce2273c0: 0066 0f1f 

  0x00000288ce2273c4: ;   {optimized virtual_call}
  0x00000288ce2273c4: 4400 00e8 

  0x00000288ce2273c8: ; ImmutableOopMap {[216]=Oop [224]=Oop [232]=Oop [240]=Oop [248]=Oop [264]=Oop [272]=Oop [312]=Oop [320]=Oop [328]=Oop [368]=Oop [384]=Oop [416]=Oop [424]=Oop }
                      ;*invokespecial append {reexecute=0 rethrow=0 return_oop=0}
                      ; - java.lang.StringBuilder::append@2 (line 179)
                      ; - ai.onnxruntime.OrtSession::run@610 (line 410)
  0x00000288ce2273c8: b476 f606 

  0x00000288ce2273cc: ;   {other}
  0x00000288ce2273cc: 0f1f 8400 

  0x00000288ce2273d0: ;*invokespecial append {reexecute=0 rethrow=0 return_oop=0}
                      ; - java.lang.StringBuilder::append@2 (line 179)
                      ; - ai.onnxruntime.OrtSession::run@610 (line 410)
  0x00000288ce2273d0: bc3a 0027 | 488b 8424 | a001 0000 

  0x00000288ce2273dc: ;   {metadata(method data for {method} {0x00000288e7470da0} 'run' '(Ljava/util/Map;Ljava/util/Set;Ljava/util/Map;Lai/onnxruntime/OrtSession$RunOptions;)Lai/onnxruntime/OrtSession$Result;' in 'ai/onnxruntime/OrtSession')}
  0x00000288ce2273dc: 49b8 f882 | ade7 8802 | 0000 4983 | 8088 1300 

  0x00000288ce2273ec: ;   {metadata(method data for {method} {0x0000028880463978} 'append' '(Ljava/lang/String;)Ljava/lang/StringBuilder;' in 'java/lang/StringBuilder')}
  0x00000288ce2273ec: 0001 49b8 | b0de 00e7 | 8802 0000 | 418b 90cc | 0000 0083 | c202 4189 | 90cc 0000 | 0081 e2fe 
  0x00000288ce22740c: ff1f 0085 | d20f 8430 | 2300 0048 | 8b84 24a0 

  0x00000288ce22741c: ;   {metadata(method data for {method} {0x0000028880463978} 'append' '(Ljava/lang/String;)Ljava/lang/StringBuilder;' in 'java/lang/StringBuilder')}
  0x00000288ce22741c: 0100 0049 | b8b0 de00 | e788 0200 | 0049 8380 | 1001 0000 

  0x00000288ce227430: ;   {oop("' was found in both the requested outputs and the pinned outputs"{0x000000070dc7afc8})}
  0x00000288ce227430: 0149 b8c8 | afc7 0d07 | 0000 0048 | 8b94 24a0 

  0x00000288ce227440: ;*invokespecial append {reexecute=0 rethrow=0 return_oop=0}
                      ; - java.lang.StringBuilder::append@2 (line 179)
                      ; - ai.onnxruntime.OrtSession::run@615 (line 410)
  0x00000288ce227440: 0100 000f 

  0x00000288ce227444: ;   {optimized virtual_call}
  0x00000288ce227444: 1f40 00e8 

  0x00000288ce227448: ; ImmutableOopMap {[216]=Oop [224]=Oop [232]=Oop [240]=Oop [248]=Oop [264]=Oop [272]=Oop [312]=Oop [320]=Oop [328]=Oop [368]=Oop [384]=Oop [416]=Oop [424]=Oop }
                      ;*invokespecial append {reexecute=0 rethrow=0 return_oop=0}
                      ; - java.lang.StringBuilder::append@2 (line 179)
                      ; - ai.onnxruntime.OrtSession::run@615 (line 410)
  0x00000288ce227448: 3476 f606 

  0x00000288ce22744c: ;   {other}
  0x00000288ce22744c: 0f1f 8400 

  0x00000288ce227450: ;*invokespecial append {reexecute=0 rethrow=0 return_oop=0}
                      ; - java.lang.StringBuilder::append@2 (line 179)
                      ; - ai.onnxruntime.OrtSession::run@615 (line 410)
  0x00000288ce227450: 3c3b 0028 | 488b 8424 | a001 0000 

  0x00000288ce22745c: ;   {metadata(method data for {method} {0x00000288e7470da0} 'run' '(Ljava/util/Map;Ljava/util/Set;Ljava/util/Map;Lai/onnxruntime/OrtSession$RunOptions;)Lai/onnxruntime/OrtSession$Result;' in 'ai/onnxruntime/OrtSession')}
  0x00000288ce22745c: 48ba f882 | ade7 8802 | 0000 4883 | 82c0 1300 

  0x00000288ce22746c: ;   {metadata(method data for {method} {0x0000028880008b50} 'toString' '()Ljava/lang/String;' in 'java/lang/StringBuilder')}
  0x00000288ce22746c: 0001 48ba | 58e7 00e7 | 8802 0000 | 8bb2 cc00 | 0000 83c6 | 0289 b2cc | 0000 0081 | e6fe ff1f 
  0x00000288ce22748c: 0085 f60f | 84d3 2200 

  0x00000288ce227494: ;   {metadata('java/lang/String')}
  0x00000288ce227494: 0048 ba70 | ea00 8088 | 0200 0049 | 8b87 b801 | 0000 488d | 7818 493b | bfc8 0100 | 000f 87d2 
  0x00000288ce2274b4: 2200 0049 | 89bf b801 | 0000 48c7 | 0001 0000 | 0048 8bca | 49ba 0000 | 0080 8802 | 0000 492b 
  0x00000288ce2274d4: ca89 4808 | 4833 c989 | 480c 4833 | c948 8948 

  0x00000288ce2274e4: ;*new {reexecute=0 rethrow=0 return_oop=0}
                      ; - java.lang.StringBuilder::toString@0 (line 475)
                      ; - ai.onnxruntime.OrtSession::run@618 (line 410)
  0x00000288ce2274e4: 104c 8bc0 

  0x00000288ce2274e8: ;   {metadata(method data for {method} {0x0000028880008b50} 'toString' '()Ljava/lang/String;' in 'java/lang/StringBuilder')}
  0x00000288ce2274e8: 49b9 58e7 | 00e7 8802 | 0000 4983 | 8110 0100 

  0x00000288ce2274f8: ;   {metadata(method data for {method} {0x0000028880457cb0} '<init>' '(Ljava/lang/StringBuilder;)V' in 'java/lang/String')}
  0x00000288ce2274f8: 0001 49b8 | 00e9 00e7 | 8802 0000 | 458b 88cc | 0000 0041 | 83c1 0245 | 8988 cc00 | 0000 4181 
  0x00000288ce227518: e1fe ff1f | 0045 85c9 | 0f84 7022 | 0000 4c8b 

  0x00000288ce227528: ;   {metadata(method data for {method} {0x0000028880457cb0} '<init>' '(Ljava/lang/StringBuilder;)V' in 'java/lang/String')}
  0x00000288ce227528: c049 b900 | e900 e788 | 0200 0049 | 8381 1001 | 0000 014c | 8b84 24a0 

  0x00000288ce227540: ;   {oop(nullptr)}
  0x00000288ce227540: 0100 0049 | b900 0000 | 0000 0000 

  0x00000288ce22754c: ;*invokespecial <init> {reexecute=0 rethrow=0 return_oop=0}
                      ; - java.lang.String::<init>@3 (line 1507)
                      ; - java.lang.StringBuilder::toString@5 (line 475)
                      ; - ai.onnxruntime.OrtSession::run@618 (line 410)
  0x00000288ce22754c: 0048 8bd0 | 4889 8424 | b001 0000 | 0f1f 8000 

  0x00000288ce22755c: ;   {optimized virtual_call}
  0x00000288ce22755c: 0000 00e8 

  0x00000288ce227560: ; ImmutableOopMap {[216]=Oop [224]=Oop [232]=Oop [240]=Oop [248]=Oop [264]=Oop [272]=Oop [312]=Oop [320]=Oop [328]=Oop [368]=Oop [384]=Oop [416]=Oop [424]=Oop [432]=Oop }
                      ;*invokespecial <init> {reexecute=0 rethrow=0 return_oop=0}
                      ; - java.lang.String::<init>@3 (line 1507)
                      ; - java.lang.StringBuilder::toString@5 (line 475)
                      ; - ai.onnxruntime.OrtSession::run@618 (line 410)
  0x00000288ce227560: 1c75 f606 

  0x00000288ce227564: ;   {other}
  0x00000288ce227564: 0f1f 8400 

  0x00000288ce227568: ;*invokespecial <init> {reexecute=0 rethrow=0 return_oop=0}
                      ; - java.lang.String::<init>@3 (line 1507)
                      ; - java.lang.StringBuilder::toString@5 (line 475)
                      ; - ai.onnxruntime.OrtSession::run@618 (line 410)
  0x00000288ce227568: 543c 0029 | 488b 8424 | a801 0000 

  0x00000288ce227574: ;   {metadata(method data for {method} {0x00000288e7470da0} 'run' '(Ljava/util/Map;Ljava/util/Set;Ljava/util/Map;Lai/onnxruntime/OrtSession$RunOptions;)Lai/onnxruntime/OrtSession$Result;' in 'ai/onnxruntime/OrtSession')}
  0x00000288ce227574: 49b8 f882 | ade7 8802 | 0000 4983 | 80f8 1300 | 0001 4c8b | 8424 b001 | 0000 488b | 9424 a801 
  0x00000288ce227594: ;*invokespecial <init> {reexecute=0 rethrow=0 return_oop=0}
                      ; - ai.onnxruntime.OrtSession::run@621 (line 410)
                      ;   {optimized virtual_call}
  0x00000288ce227594: 0000 90e8 

  0x00000288ce227598: ; ImmutableOopMap {[216]=Oop [224]=Oop [232]=Oop [240]=Oop [248]=Oop [264]=Oop [272]=Oop [312]=Oop [320]=Oop [328]=Oop [368]=Oop [384]=Oop [424]=Oop }
                      ;*invokespecial <init> {reexecute=0 rethrow=0 return_oop=0}
                      ; - ai.onnxruntime.OrtSession::run@621 (line 410)
  0x00000288ce227598: e474 f606 

  0x00000288ce22759c: ;   {other}
  0x00000288ce22759c: 0f1f 8400 

  0x00000288ce2275a0: ;*invokespecial <init> {reexecute=0 rethrow=0 return_oop=0}
                      ; - ai.onnxruntime.OrtSession::run@621 (line 410)
  0x00000288ce2275a0: 8c3c 002a | 488b 8424 

  0x00000288ce2275a8: ; ImmutableOopMap {rax=Oop [216]=Oop [224]=Oop [232]=Oop [240]=Oop [248]=Oop [264]=Oop [272]=Oop [312]=Oop [320]=Oop [328]=Oop [368]=Oop [384]=Oop }
                      ;*athrow {reexecute=1 rethrow=0 return_oop=0}
                      ; - (reexecute) ai.onnxruntime.OrtSession::run@624 (line 410)
  0x00000288ce2275a8: a801 0000 

  0x00000288ce2275ac: ;   {section_word}
  0x00000288ce2275ac: 48ba ac75 | 22ce 8802 

  0x00000288ce2275b4: ;   {runtime_call handle_exception_nofpu Runtime1 stub}
  0x00000288ce2275b4: 0000 e8c5 

  0x00000288ce2275b8: ;*athrow {reexecute=0 rethrow=0 return_oop=0}
                      ; - ai.onnxruntime.OrtSession::run@624 (line 410)
  0x00000288ce2275b8: df03 0790 | 0f1f 4000 

  0x00000288ce2275c0: ;   {no_reloc}
  0x00000288ce2275c0: e901 2200 | 0000 0000 | 0000 80ba | 3101 0000 | 040f 85fe | 2100 0049 | 8b87 b801 | 0000 488d 
  0x00000288ce2275e0: 7828 493b | bfc8 0100 | 000f 87e6 | 2100 0049 | 89bf b801 | 0000 48c7 | 0001 0000 | 0048 8bca 
  0x00000288ce227600: 49ba 0000 | 0080 8802 | 0000 492b | ca89 4808 | 4833 c989 | 480c 4833 | c948 8948 | 1048 8948 
  0x00000288ce227620: 1848 8948 

  0x00000288ce227624: ;*new {reexecute=0 rethrow=0 return_oop=0}
                      ; - ai.onnxruntime.OrtSession::run@625 (line 416)
                      ;   {metadata('java/lang/StringBuilder')}
  0x00000288ce227624: 2048 ba38 | 8200 8088 | 0200 0048 | 8984 24c0 | 0100 0049 | 8b87 b801 | 0000 488d | 7818 493b 
  0x00000288ce227644: bfc8 0100 | 000f 8793 | 2100 0049 | 89bf b801 | 0000 48c7 | 0001 0000 | 0048 8bca | 49ba 0000 
  0x00000288ce227664: 0080 8802 | 0000 492b | ca89 4808 | 4833 c989 | 480c 4833 | c948 8948 

  0x00000288ce22767c: ;*new {reexecute=0 rethrow=0 return_oop=0}
                      ; - ai.onnxruntime.OrtSession::run@629 (line 416)
  0x00000288ce22767c: 104c 8bc0 

  0x00000288ce227680: ;   {metadata(method data for {method} {0x00000288e7470da0} 'run' '(Ljava/util/Map;Ljava/util/Set;Ljava/util/Map;Lai/onnxruntime/OrtSession$RunOptions;)Lai/onnxruntime/OrtSession$Result;' in 'ai/onnxruntime/OrtSession')}
  0x00000288ce227680: 48ba f882 | ade7 8802 | 0000 4883 | 8208 1400 

  0x00000288ce227690: ;   {metadata(method data for {method} {0x0000028880463b88} '<init>' '()V' in 'java/lang/StringBuilder')}
  0x00000288ce227690: 0001 49b8 | c0db 00e7 | 8802 0000 | 418b 90cc | 0000 0083 | c202 4189 | 90cc 0000 | 0081 e2fe 
  0x00000288ce2276b0: ff1f 0085 | d20f 8434 | 2100 004c 

  0x00000288ce2276bc: ;   {metadata(method data for {method} {0x0000028880463b88} '<init>' '()V' in 'java/lang/StringBuilder')}
  0x00000288ce2276bc: 8bc0 48ba | c0db 00e7 | 8802 0000 | 4883 8210 | 0100 0001 | 41b8 1000 | 0000 488b 

  0x00000288ce2276d8: ;*invokespecial <init> {reexecute=0 rethrow=0 return_oop=0}
                      ; - java.lang.StringBuilder::<init>@3 (line 106)
                      ; - ai.onnxruntime.OrtSession::run@633 (line 416)
  0x00000288ce2276d8: d048 8984 | 24b8 0100 | 0066 0f1f 

  0x00000288ce2276e4: ;   {optimized virtual_call}
  0x00000288ce2276e4: 4400 00e8 

  0x00000288ce2276e8: ; ImmutableOopMap {[216]=Oop [224]=Oop [232]=Oop [240]=Oop [248]=Oop [264]=Oop [272]=Oop [312]=Oop [320]=Oop [328]=Oop [368]=Oop [384]=Oop [440]=Oop [448]=Oop }
                      ;*invokespecial <init> {reexecute=0 rethrow=0 return_oop=0}
                      ; - java.lang.StringBuilder::<init>@3 (line 106)
                      ; - ai.onnxruntime.OrtSession::run@633 (line 416)
  0x00000288ce2276e8: 9473 f606 

  0x00000288ce2276ec: ;   {other}
  0x00000288ce2276ec: 0f1f 8400 

  0x00000288ce2276f0: ;*invokespecial <init> {reexecute=0 rethrow=0 return_oop=0}
                      ; - java.lang.StringBuilder::<init>@3 (line 106)
                      ; - ai.onnxruntime.OrtSession::run@633 (line 416)
  0x00000288ce2276f0: dc3d 002c | 488b 8424 | b801 0000 

  0x00000288ce2276fc: ;   {metadata(method data for {method} {0x00000288e7470da0} 'run' '(Ljava/util/Map;Ljava/util/Set;Ljava/util/Map;Lai/onnxruntime/OrtSession$RunOptions;)Lai/onnxruntime/OrtSession$Result;' in 'ai/onnxruntime/OrtSession')}
  0x00000288ce2276fc: 49b8 f882 | ade7 8802 | 0000 4983 | 8018 1400 

  0x00000288ce22770c: ;   {metadata(method data for {method} {0x0000028880463978} 'append' '(Ljava/lang/String;)Ljava/lang/StringBuilder;' in 'java/lang/StringBuilder')}
  0x00000288ce22770c: 0001 49b8 | b0de 00e7 | 8802 0000 | 418b 90cc | 0000 0083 | c202 4189 | 90cc 0000 | 0081 e2fe 
  0x00000288ce22772c: ff1f 0085 | d20f 84d9 | 2000 0048 | 8b84 24b8 

  0x00000288ce22773c: ;   {metadata(method data for {method} {0x0000028880463978} 'append' '(Ljava/lang/String;)Ljava/lang/StringBuilder;' in 'java/lang/StringBuilder')}
  0x00000288ce22773c: 0100 0049 | b8b0 de00 | e788 0200 | 0049 8380 | 1001 0000 

  0x00000288ce227750: ;   {oop("Unknown output name "{0x000000070dc7b060})}
  0x00000288ce227750: 0149 b860 | b0c7 0d07 | 0000 0048 | 8b94 24b8 

  0x00000288ce227760: ;*invokespecial append {reexecute=0 rethrow=0 return_oop=0}
                      ; - java.lang.StringBuilder::append@2 (line 179)
                      ; - ai.onnxruntime.OrtSession::run@638 (line 416)
  0x00000288ce227760: 0100 000f 

  0x00000288ce227764: ;   {optimized virtual_call}
  0x00000288ce227764: 1f40 00e8 

  0x00000288ce227768: ; ImmutableOopMap {[216]=Oop [224]=Oop [232]=Oop [240]=Oop [248]=Oop [264]=Oop [272]=Oop [312]=Oop [320]=Oop [328]=Oop [368]=Oop [384]=Oop [440]=Oop [448]=Oop }
                      ;*invokespecial append {reexecute=0 rethrow=0 return_oop=0}
                      ; - java.lang.StringBuilder::append@2 (line 179)
                      ; - ai.onnxruntime.OrtSession::run@638 (line 416)
  0x00000288ce227768: 1473 f606 

  0x00000288ce22776c: ;   {other}
  0x00000288ce22776c: 0f1f 8400 

  0x00000288ce227770: ;*invokespecial append {reexecute=0 rethrow=0 return_oop=0}
                      ; - java.lang.StringBuilder::append@2 (line 179)
                      ; - ai.onnxruntime.OrtSession::run@638 (line 416)
  0x00000288ce227770: 5c3e 002d | 488b 8424 | b801 0000 

  0x00000288ce22777c: ;   {metadata(method data for {method} {0x00000288e7470da0} 'run' '(Ljava/util/Map;Ljava/util/Set;Ljava/util/Map;Lai/onnxruntime/OrtSession$RunOptions;)Lai/onnxruntime/OrtSession$Result;' in 'ai/onnxruntime/OrtSession')}
  0x00000288ce22777c: 49b8 f882 | ade7 8802 | 0000 4983 | 8050 1400 

  0x00000288ce22778c: ;   {metadata(method data for {method} {0x0000028880463978} 'append' '(Ljava/lang/String;)Ljava/lang/StringBuilder;' in 'java/lang/StringBuilder')}
  0x00000288ce22778c: 0001 49b8 | b0de 00e7 | 8802 0000 | 418b 90cc | 0000 0083 | c202 4189 | 90cc 0000 | 0081 e2fe 
  0x00000288ce2277ac: ff1f 0085 | d20f 847a | 2000 0048 | 8b84 24b8 

  0x00000288ce2277bc: ;   {metadata(method data for {method} {0x0000028880463978} 'append' '(Ljava/lang/String;)Ljava/lang/StringBuilder;' in 'java/lang/StringBuilder')}
  0x00000288ce2277bc: 0100 0049 | b8b0 de00 | e788 0200 | 0049 8380 | 1001 0000 | 014c 8b84 | 2480 0100 | 0048 8b94 
  0x00000288ce2277dc: 24b8 0100 

  0x00000288ce2277e0: ;*invokespecial append {reexecute=0 rethrow=0 return_oop=0}
                      ; - java.lang.StringBuilder::append@2 (line 179)
                      ; - ai.onnxruntime.OrtSession::run@643 (line 416)
  0x00000288ce2277e0: 0066 0f1f 

  0x00000288ce2277e4: ;   {optimized virtual_call}
  0x00000288ce2277e4: 4400 00e8 

  0x00000288ce2277e8: ; ImmutableOopMap {[216]=Oop [224]=Oop [232]=Oop [240]=Oop [248]=Oop [264]=Oop [272]=Oop [312]=Oop [320]=Oop [328]=Oop [368]=Oop [384]=Oop [440]=Oop [448]=Oop }
                      ;*invokespecial append {reexecute=0 rethrow=0 return_oop=0}
                      ; - java.lang.StringBuilder::append@2 (line 179)
                      ; - ai.onnxruntime.OrtSession::run@643 (line 416)
  0x00000288ce2277e8: 9472 f606 

  0x00000288ce2277ec: ;   {other}
  0x00000288ce2277ec: 0f1f 8400 

  0x00000288ce2277f0: ;*invokespecial append {reexecute=0 rethrow=0 return_oop=0}
                      ; - java.lang.StringBuilder::append@2 (line 179)
                      ; - ai.onnxruntime.OrtSession::run@643 (line 416)
  0x00000288ce2277f0: dc3e 002e | 488b 8424 | b801 0000 

  0x00000288ce2277fc: ;   {metadata(method data for {method} {0x00000288e7470da0} 'run' '(Ljava/util/Map;Ljava/util/Set;Ljava/util/Map;Lai/onnxruntime/OrtSession$RunOptions;)Lai/onnxruntime/OrtSession$Result;' in 'ai/onnxruntime/OrtSession')}
  0x00000288ce2277fc: 49b8 f882 | ade7 8802 | 0000 4983 | 8088 1400 

  0x00000288ce22780c: ;   {metadata(method data for {method} {0x0000028880463978} 'append' '(Ljava/lang/String;)Ljava/lang/StringBuilder;' in 'java/lang/StringBuilder')}
  0x00000288ce22780c: 0001 49b8 | b0de 00e7 | 8802 0000 | 418b 90cc | 0000 0083 | c202 4189 | 90cc 0000 | 0081 e2fe 
  0x00000288ce22782c: ff1f 0085 | d20f 841b | 2000 0048 | 8b84 24b8 

  0x00000288ce22783c: ;   {metadata(method data for {method} {0x0000028880463978} 'append' '(Ljava/lang/String;)Ljava/lang/StringBuilder;' in 'java/lang/StringBuilder')}
  0x00000288ce22783c: 0100 0049 | b8b0 de00 | e788 0200 | 0049 8380 | 1001 0000 

  0x00000288ce227850: ;   {oop(", expected one of "{0x000000070dc7b0a0})}
  0x00000288ce227850: 0149 b8a0 | b0c7 0d07 | 0000 0048 | 8b94 24b8 

  0x00000288ce227860: ;*invokespecial append {reexecute=0 rethrow=0 return_oop=0}
                      ; - java.lang.StringBuilder::append@2 (line 179)
                      ; - ai.onnxruntime.OrtSession::run@648 (line 416)
  0x00000288ce227860: 0100 000f 

  0x00000288ce227864: ;   {optimized virtual_call}
  0x00000288ce227864: 1f40 00e8 

  0x00000288ce227868: ; ImmutableOopMap {[216]=Oop [224]=Oop [232]=Oop [240]=Oop [248]=Oop [264]=Oop [272]=Oop [312]=Oop [320]=Oop [328]=Oop [368]=Oop [384]=Oop [440]=Oop [448]=Oop }
                      ;*invokespecial append {reexecute=0 rethrow=0 return_oop=0}
                      ; - java.lang.StringBuilder::append@2 (line 179)
                      ; - ai.onnxruntime.OrtSession::run@648 (line 416)
  0x00000288ce227868: 1472 f606 

  0x00000288ce22786c: ;   {other}
  0x00000288ce22786c: 0f1f 8400 

  0x00000288ce227870: ;*invokespecial append {reexecute=0 rethrow=0 return_oop=0}
                      ; - java.lang.StringBuilder::append@2 (line 179)
                      ; - ai.onnxruntime.OrtSession::run@648 (line 416)
  0x00000288ce227870: 5c3f 002f | 488b 9424 | d800 0000 | 8b72 3048 

  0x00000288ce227880: ;*getfield outputNames {reexecute=0 rethrow=0 return_oop=0}
                      ; - ai.onnxruntime.OrtSession::run@652 (line 416)
  0x00000288ce227880: c1e6 0348 | 3b06 488b 

  0x00000288ce227888: ;   {metadata(method data for {method} {0x00000288e7470da0} 'run' '(Ljava/util/Map;Ljava/util/Set;Ljava/util/Map;Lai/onnxruntime/OrtSession$RunOptions;)Lai/onnxruntime/OrtSession$Result;' in 'ai/onnxruntime/OrtSession')}
  0x00000288ce227888: fe48 bbf8 | 82ad e788 | 0200 008b | 7f08 49ba | 0000 0080 | 8802 0000 | 4903 fa48 | 3bbb d014 
  0x00000288ce2278a8: 0000 750d | 4883 83d8 | 1400 0001 | e960 0000 | 0048 3bbb | e014 0000 | 750d 4883 | 83e8 1400 
  0x00000288ce2278c8: 0001 e94a | 0000 0048 | 83bb d014 | 0000 0075 | 1748 89bb | d014 0000 | 48c7 83d8 | 1400 0001 
  0x00000288ce2278e8: 0000 00e9 | 2900 0000 | 4883 bbe0 | 1400 0000 | 7517 4889 | bbe0 1400 | 0048 c783 | e814 0000 
  0x00000288ce227908: 0100 0000 | e908 0000 | 0048 8383 | c014 0000 

  0x00000288ce227918: ;*invokevirtual toString {reexecute=0 rethrow=0 return_oop=0}
                      ; - ai.onnxruntime.OrtSession::run@655 (line 417)
  0x00000288ce227918: 0148 8bd6 | 9048 b8ff | ffff ffff 

  0x00000288ce227924: ;   {virtual_call}
  0x00000288ce227924: ffff ffe8 

  0x00000288ce227928: ; ImmutableOopMap {[216]=Oop [224]=Oop [232]=Oop [240]=Oop [248]=Oop [264]=Oop [272]=Oop [312]=Oop [320]=Oop [328]=Oop [368]=Oop [384]=Oop [440]=Oop [448]=Oop }
                      ;*invokevirtual toString {reexecute=0 rethrow=0 return_oop=0}
                      ; - ai.onnxruntime.OrtSession::run@655 (line 417)
  0x00000288ce227928: 5474 f606 

  0x00000288ce22792c: ;   {other}
  0x00000288ce22792c: 0f1f 8400 

  0x00000288ce227930: ;*invokevirtual toString {reexecute=0 rethrow=0 return_oop=0}
                      ; - ai.onnxruntime.OrtSession::run@655 (line 417)
  0x00000288ce227930: 1c40 0030 | 4c8b 8424 | b801 0000 

  0x00000288ce22793c: ;   {metadata(method data for {method} {0x00000288e7470da0} 'run' '(Ljava/util/Map;Ljava/util/Set;Ljava/util/Map;Lai/onnxruntime/OrtSession$RunOptions;)Lai/onnxruntime/OrtSession$Result;' in 'ai/onnxruntime/OrtSession')}
  0x00000288ce22793c: 48ba f882 | ade7 8802 | 0000 4883 | 82f8 1400 

  0x00000288ce22794c: ;   {metadata(method data for {method} {0x0000028880463978} 'append' '(Ljava/lang/String;)Ljava/lang/StringBuilder;' in 'java/lang/StringBuilder')}
  0x00000288ce22794c: 0001 49b8 | b0de 00e7 | 8802 0000 | 418b 90cc | 0000 0083 | c202 4189 | 90cc 0000 | 0081 e2fe 
  0x00000288ce22796c: ff1f 0085 | d20f 8401 | 1f00 004c | 8b84 24b8 

  0x00000288ce22797c: ;   {metadata(method data for {method} {0x0000028880463978} 'append' '(Ljava/lang/String;)Ljava/lang/StringBuilder;' in 'java/lang/StringBuilder')}
  0x00000288ce22797c: 0100 0048 | bab0 de00 | e788 0200 | 0048 8382 | 1001 0000 | 014c 8bc0 | 488b 9424 

  0x00000288ce227998: ;*invokespecial append {reexecute=0 rethrow=0 return_oop=0}
                      ; - java.lang.StringBuilder::append@2 (line 179)
                      ; - ai.onnxruntime.OrtSession::run@658 (line 417)
  0x00000288ce227998: b801 0000 | 4889 8424 | c801 0000 

  0x00000288ce2279a4: ;   {optimized virtual_call}
  0x00000288ce2279a4: 6666 90e8 

  0x00000288ce2279a8: ; ImmutableOopMap {[216]=Oop [224]=Oop [232]=Oop [240]=Oop [248]=Oop [264]=Oop [272]=Oop [312]=Oop [320]=Oop [328]=Oop [368]=Oop [384]=Oop [440]=Oop [448]=Oop [456]=Oop }
                      ;*invokespecial append {reexecute=0 rethrow=0 return_oop=0}
                      ; - java.lang.StringBuilder::append@2 (line 179)
                      ; - ai.onnxruntime.OrtSession::run@658 (line 417)
  0x00000288ce2279a8: d470 f606 

  0x00000288ce2279ac: ;   {other}
  0x00000288ce2279ac: 0f1f 8400 

  0x00000288ce2279b0: ;*invokespecial append {reexecute=0 rethrow=0 return_oop=0}
                      ; - java.lang.StringBuilder::append@2 (line 179)
                      ; - ai.onnxruntime.OrtSession::run@658 (line 417)
  0x00000288ce2279b0: 9c40 0031 | 488b 8424 | b801 0000 

  0x00000288ce2279bc: ;   {metadata(method data for {method} {0x00000288e7470da0} 'run' '(Ljava/util/Map;Ljava/util/Set;Ljava/util/Map;Lai/onnxruntime/OrtSession$RunOptions;)Lai/onnxruntime/OrtSession$Result;' in 'ai/onnxruntime/OrtSession')}
  0x00000288ce2279bc: 48ba f882 | ade7 8802 | 0000 4883 | 8230 1500 

  0x00000288ce2279cc: ;   {metadata(method data for {method} {0x0000028880008b50} 'toString' '()Ljava/lang/String;' in 'java/lang/StringBuilder')}
  0x00000288ce2279cc: 0001 48ba | 58e7 00e7 | 8802 0000 | 8bb2 cc00 | 0000 83c6 | 0289 b2cc | 0000 0081 | e6fe ff1f 
  0x00000288ce2279ec: 0085 f60f | 84a4 1e00 

  0x00000288ce2279f4: ;   {metadata('java/lang/String')}
  0x00000288ce2279f4: 0048 ba70 | ea00 8088 | 0200 0049 | 8b87 b801 | 0000 488d | 7818 493b | bfc8 0100 | 000f 87a3 
  0x00000288ce227a14: 1e00 0049 | 89bf b801 | 0000 48c7 | 0001 0000 | 0048 8bca | 49ba 0000 | 0080 8802 | 0000 492b 
  0x00000288ce227a34: ca89 4808 | 4833 c989 | 480c 4833 | c948 8948 

  0x00000288ce227a44: ;*new {reexecute=0 rethrow=0 return_oop=0}
                      ; - java.lang.StringBuilder::toString@0 (line 475)
                      ; - ai.onnxruntime.OrtSession::run@661 (line 417)
  0x00000288ce227a44: 104c 8bc0 

  0x00000288ce227a48: ;   {metadata(method data for {method} {0x0000028880008b50} 'toString' '()Ljava/lang/String;' in 'java/lang/StringBuilder')}
  0x00000288ce227a48: 49b9 58e7 | 00e7 8802 | 0000 4983 | 8110 0100 

  0x00000288ce227a58: ;   {metadata(method data for {method} {0x0000028880457cb0} '<init>' '(Ljava/lang/StringBuilder;)V' in 'java/lang/String')}
  0x00000288ce227a58: 0001 49b8 | 00e9 00e7 | 8802 0000 | 458b 88cc | 0000 0041 | 83c1 0245 | 8988 cc00 | 0000 4181 
  0x00000288ce227a78: e1fe ff1f | 0045 85c9 | 0f84 411e | 0000 4c8b 

  0x00000288ce227a88: ;   {metadata(method data for {method} {0x0000028880457cb0} '<init>' '(Ljava/lang/StringBuilder;)V' in 'java/lang/String')}
  0x00000288ce227a88: c049 b900 | e900 e788 | 0200 0049 | 8381 1001 | 0000 014c | 8b84 24b8 

  0x00000288ce227aa0: ;   {oop(nullptr)}
  0x00000288ce227aa0: 0100 0049 | b900 0000 | 0000 0000 

  0x00000288ce227aac: ;*invokespecial <init> {reexecute=0 rethrow=0 return_oop=0}
                      ; - java.lang.String::<init>@3 (line 1507)
                      ; - java.lang.StringBuilder::toString@5 (line 475)
                      ; - ai.onnxruntime.OrtSession::run@661 (line 417)
  0x00000288ce227aac: 0048 8bd0 | 4889 8424 | d001 0000 | 0f1f 8000 

  0x00000288ce227abc: ;   {optimized virtual_call}
  0x00000288ce227abc: 0000 00e8 

  0x00000288ce227ac0: ; ImmutableOopMap {[216]=Oop [224]=Oop [232]=Oop [240]=Oop [248]=Oop [264]=Oop [272]=Oop [312]=Oop [320]=Oop [328]=Oop [368]=Oop [384]=Oop [440]=Oop [448]=Oop [464]=Oop }
                      ;*invokespecial <init> {reexecute=0 rethrow=0 return_oop=0}
                      ; - java.lang.String::<init>@3 (line 1507)
                      ; - java.lang.StringBuilder::toString@5 (line 475)
                      ; - ai.onnxruntime.OrtSession::run@661 (line 417)
  0x00000288ce227ac0: bc6f f606 

  0x00000288ce227ac4: ;   {other}
  0x00000288ce227ac4: 0f1f 8400 

  0x00000288ce227ac8: ;*invokespecial <init> {reexecute=0 rethrow=0 return_oop=0}
                      ; - java.lang.String::<init>@3 (line 1507)
                      ; - java.lang.StringBuilder::toString@5 (line 475)
                      ; - ai.onnxruntime.OrtSession::run@661 (line 417)
  0x00000288ce227ac8: b441 0032 | 488b 8424 | c001 0000 

  0x00000288ce227ad4: ;   {metadata(method data for {method} {0x00000288e7470da0} 'run' '(Ljava/util/Map;Ljava/util/Set;Ljava/util/Map;Lai/onnxruntime/OrtSession$RunOptions;)Lai/onnxruntime/OrtSession$Result;' in 'ai/onnxruntime/OrtSession')}
  0x00000288ce227ad4: 49b8 f882 | ade7 8802 | 0000 4983 | 8068 1500 | 0001 4c8b | 8424 d001 | 0000 488b | 9424 c001 
  0x00000288ce227af4: ;*invokespecial <init> {reexecute=0 rethrow=0 return_oop=0}
                      ; - ai.onnxruntime.OrtSession::run@664 (line 417)
                      ;   {optimized virtual_call}
  0x00000288ce227af4: 0000 90e8 

  0x00000288ce227af8: ; ImmutableOopMap {[216]=Oop [224]=Oop [232]=Oop [240]=Oop [248]=Oop [264]=Oop [272]=Oop [312]=Oop [320]=Oop [328]=Oop [368]=Oop [384]=Oop [448]=Oop }
                      ;*invokespecial <init> {reexecute=0 rethrow=0 return_oop=0}
                      ; - ai.onnxruntime.OrtSession::run@664 (line 417)
  0x00000288ce227af8: 846f f606 

  0x00000288ce227afc: ;   {other}
  0x00000288ce227afc: 0f1f 8400 

  0x00000288ce227b00: ;*invokespecial <init> {reexecute=0 rethrow=0 return_oop=0}
                      ; - ai.onnxruntime.OrtSession::run@664 (line 417)
  0x00000288ce227b00: ec41 0033 | 488b 8424 

  0x00000288ce227b08: ; ImmutableOopMap {rax=Oop [216]=Oop [224]=Oop [232]=Oop [240]=Oop [248]=Oop [264]=Oop [272]=Oop [312]=Oop [320]=Oop [328]=Oop [368]=Oop [384]=Oop }
                      ;*athrow {reexecute=1 rethrow=0 return_oop=0}
                      ; - (reexecute) ai.onnxruntime.OrtSession::run@667 (line 417)
  0x00000288ce227b08: c001 0000 

  0x00000288ce227b0c: ;   {section_word}
  0x00000288ce227b0c: 48ba 0c7b | 22ce 8802 

  0x00000288ce227b14: ;   {runtime_call handle_exception_nofpu Runtime1 stub}
  0x00000288ce227b14: 0000 e865 

  0x00000288ce227b18: ;*athrow {reexecute=0 rethrow=0 return_oop=0}
                      ; - ai.onnxruntime.OrtSession::run@667 (line 417)
  0x00000288ce227b18: da03 0790 | 0f1f 4000 

  0x00000288ce227b20: ;   {no_reloc}
  0x00000288ce227b20: e9d2 1d00 | 0000 0000 | 0000 80ba | 3101 0000 | 040f 85cf | 1d00 0049 | 8b87 b801 | 0000 488d 
  0x00000288ce227b40: 7828 493b | bfc8 0100 | 000f 87b7 | 1d00 0049 | 89bf b801 | 0000 48c7 | 0001 0000 | 0048 8bca 
  0x00000288ce227b60: 49ba 0000 | 0080 8802 | 0000 492b | ca89 4808 | 4833 c989 | 480c 4833 | c948 8948 | 1048 8948 
  0x00000288ce227b80: 1848 8948 

  0x00000288ce227b84: ;*new {reexecute=0 rethrow=0 return_oop=0}
                      ; - ai.onnxruntime.OrtSession::run@470 (line 398)
                      ;   {metadata('java/lang/StringBuilder')}
  0x00000288ce227b84: 2048 ba38 | 8200 8088 | 0200 0048 | 8984 24d8 | 0100 0049 | 8b87 b801 | 0000 488d | 7818 493b 
  0x00000288ce227ba4: bfc8 0100 | 000f 8764 | 1d00 0049 | 89bf b801 | 0000 48c7 | 0001 0000 | 0048 8bca | 49ba 0000 
  0x00000288ce227bc4: 0080 8802 | 0000 492b | ca89 4808 | 4833 c989 | 480c 4833 | c948 8948 

  0x00000288ce227bdc: ;*new {reexecute=0 rethrow=0 return_oop=0}
                      ; - ai.onnxruntime.OrtSession::run@474 (line 398)
  0x00000288ce227bdc: 1048 8bd0 

  0x00000288ce227be0: ;   {metadata(method data for {method} {0x00000288e7470da0} 'run' '(Ljava/util/Map;Ljava/util/Set;Ljava/util/Map;Lai/onnxruntime/OrtSession$RunOptions;)Lai/onnxruntime/OrtSession$Result;' in 'ai/onnxruntime/OrtSession')}
  0x00000288ce227be0: 48be f882 | ade7 8802 | 0000 4883 | 8610 0f00 

  0x00000288ce227bf0: ;   {metadata(method data for {method} {0x0000028880463b88} '<init>' '()V' in 'java/lang/StringBuilder')}
  0x00000288ce227bf0: 0001 48ba | c0db 00e7 | 8802 0000 | 8bb2 cc00 | 0000 83c6 | 0289 b2cc | 0000 0081 | e6fe ff1f 
  0x00000288ce227c10: 0085 f60f | 8407 1d00 | 0048 8bd0 

  0x00000288ce227c1c: ;   {metadata(method data for {method} {0x0000028880463b88} '<init>' '()V' in 'java/lang/StringBuilder')}
  0x00000288ce227c1c: 48be c0db | 00e7 8802 | 0000 4883 | 8610 0100 | 0001 41b8 | 1000 0000 

  0x00000288ce227c34: ;*invokespecial <init> {reexecute=0 rethrow=0 return_oop=0}
                      ; - java.lang.StringBuilder::<init>@3 (line 106)
                      ; - ai.onnxruntime.OrtSession::run@478 (line 398)
  0x00000288ce227c34: 488b d048 | 8984 24e0 

  0x00000288ce227c3c: ;   {optimized virtual_call}
  0x00000288ce227c3c: 0100 00e8 

  0x00000288ce227c40: ; ImmutableOopMap {[216]=Oop [224]=Oop [232]=Oop [240]=Oop [248]=Oop [264]=Oop [272]=Oop [312]=Oop [320]=Oop [328]=Oop [344]=Oop [360]=Oop [472]=Oop [480]=Oop }
                      ;*invokespecial <init> {reexecute=0 rethrow=0 return_oop=0}
                      ; - java.lang.StringBuilder::<init>@3 (line 106)
                      ; - ai.onnxruntime.OrtSession::run@478 (line 398)
  0x00000288ce227c40: 3c6e f606 

  0x00000288ce227c44: ;   {other}
  0x00000288ce227c44: 0f1f 8400 

  0x00000288ce227c48: ;*invokespecial <init> {reexecute=0 rethrow=0 return_oop=0}
                      ; - java.lang.StringBuilder::<init>@3 (line 106)
                      ; - ai.onnxruntime.OrtSession::run@478 (line 398)
  0x00000288ce227c48: 3443 0035 | 488b 8424 | e001 0000 

  0x00000288ce227c54: ;   {metadata(method data for {method} {0x00000288e7470da0} 'run' '(Ljava/util/Map;Ljava/util/Set;Ljava/util/Map;Lai/onnxruntime/OrtSession$RunOptions;)Lai/onnxruntime/OrtSession$Result;' in 'ai/onnxruntime/OrtSession')}
  0x00000288ce227c54: 49b8 f882 | ade7 8802 | 0000 4983 | 8020 0f00 

  0x00000288ce227c64: ;   {metadata(method data for {method} {0x0000028880463978} 'append' '(Ljava/lang/String;)Ljava/lang/StringBuilder;' in 'java/lang/StringBuilder')}
  0x00000288ce227c64: 0001 49b8 | b0de 00e7 | 8802 0000 | 418b 90cc | 0000 0083 | c202 4189 | 90cc 0000 | 0081 e2fe 
  0x00000288ce227c84: ff1f 0085 | d20f 84b2 | 1c00 0048 | 8b84 24e0 

  0x00000288ce227c94: ;   {metadata(method data for {method} {0x0000028880463978} 'append' '(Ljava/lang/String;)Ljava/lang/StringBuilder;' in 'java/lang/StringBuilder')}
  0x00000288ce227c94: 0100 0049 | b8b0 de00 | e788 0200 | 0049 8380 | 1001 0000 

  0x00000288ce227ca8: ;   {oop("Unknown output name "{0x000000070dc7b060})}
  0x00000288ce227ca8: 0149 b860 | b0c7 0d07 | 0000 0048 | 8b94 24e0 

  0x00000288ce227cb8: ;*invokespecial append {reexecute=0 rethrow=0 return_oop=0}
                      ; - java.lang.StringBuilder::append@2 (line 179)
                      ; - ai.onnxruntime.OrtSession::run@483 (line 398)
  0x00000288ce227cb8: 0100 000f 

  0x00000288ce227cbc: ;   {optimized virtual_call}
  0x00000288ce227cbc: 1f40 00e8 

  0x00000288ce227cc0: ; ImmutableOopMap {[216]=Oop [224]=Oop [232]=Oop [240]=Oop [248]=Oop [264]=Oop [272]=Oop [312]=Oop [320]=Oop [328]=Oop [344]=Oop [360]=Oop [472]=Oop [480]=Oop }
                      ;*invokespecial append {reexecute=0 rethrow=0 return_oop=0}
                      ; - java.lang.StringBuilder::append@2 (line 179)
                      ; - ai.onnxruntime.OrtSession::run@483 (line 398)
  0x00000288ce227cc0: bc6d f606 

  0x00000288ce227cc4: ;   {other}
  0x00000288ce227cc4: 0f1f 8400 

  0x00000288ce227cc8: ;*invokespecial append {reexecute=0 rethrow=0 return_oop=0}
                      ; - java.lang.StringBuilder::append@2 (line 179)
                      ; - ai.onnxruntime.OrtSession::run@483 (line 398)
  0x00000288ce227cc8: b443 0036 | 488b b424 | 6801 0000 

  0x00000288ce227cd4: ;   {metadata(method data for {method} {0x00000288e7470da0} 'run' '(Ljava/util/Map;Ljava/util/Set;Ljava/util/Map;Lai/onnxruntime/OrtSession$RunOptions;)Lai/onnxruntime/OrtSession$Result;' in 'ai/onnxruntime/OrtSession')}
  0x00000288ce227cd4: 48ba f882 | ade7 8802 | 0000 8b76 | 0849 ba00 | 0000 8088 | 0200 0049 | 03f2 483b | b268 0f00 
  0x00000288ce227cf4: 0075 0d48 | 8382 700f | 0000 01e9 | 6000 0000 | 483b b278 | 0f00 0075 | 0d48 8382 | 800f 0000 
  0x00000288ce227d14: 01e9 4a00 | 0000 4883 | ba68 0f00 | 0000 7517 | 4889 b268 | 0f00 0048 | c782 700f | 0000 0100 
  0x00000288ce227d34: 0000 e929 | 0000 0048 | 83ba 780f | 0000 0075 | 1748 89b2 | 780f 0000 | 48c7 8280 | 0f00 0001 
  0x00000288ce227d54: 0000 00e9 | 0800 0000 | 4883 8258 | 0f00 0001 | 488b 9424 

  0x00000288ce227d68: ;*invokeinterface getKey {reexecute=0 rethrow=0 return_oop=0}
                      ; - ai.onnxruntime.OrtSession::run@488 (line 399)
  0x00000288ce227d68: 6801 0000 | 9048 b8ff | ffff ffff 

  0x00000288ce227d74: ;   {virtual_call}
  0x00000288ce227d74: ffff ffe8 

  0x00000288ce227d78: ; ImmutableOopMap {[216]=Oop [224]=Oop [232]=Oop [240]=Oop [248]=Oop [264]=Oop [272]=Oop [312]=Oop [320]=Oop [328]=Oop [344]=Oop [360]=Oop [472]=Oop [480]=Oop }
                      ;*invokeinterface getKey {reexecute=0 rethrow=0 return_oop=0}
                      ; - ai.onnxruntime.OrtSession::run@488 (line 399)
  0x00000288ce227d78: 0470 f606 

  0x00000288ce227d7c: ;   {other}
  0x00000288ce227d7c: 0f1f 8400 

  0x00000288ce227d80: ;*invokeinterface getKey {reexecute=0 rethrow=0 return_oop=0}
                      ; - ai.onnxruntime.OrtSession::run@488 (line 399)
  0x00000288ce227d80: 6c44 0037 | 4885 c075 

  0x00000288ce227d88: ;   {metadata(method data for {method} {0x00000288e7470da0} 'run' '(Ljava/util/Map;Ljava/util/Set;Ljava/util/Map;Lai/onnxruntime/OrtSession$RunOptions;)Lai/onnxruntime/OrtSession$Result;' in 'ai/onnxruntime/OrtSession')}
  0x00000288ce227d88: 1648 baf8 | 82ad e788 | 0200 0080 | 8a89 0f00 | 0001 e9cd 

  0x00000288ce227d9c: ;   {metadata('java/lang/String')}
  0x00000288ce227d9c: 0000 0048 | bf70 ea00 | 8088 0200 | 0044 8b40 | 0849 ba00 | 0000 8088 | 0200 004d | 03c2 493b 
  0x00000288ce227dbc: f80f 858d 

  0x00000288ce227dc0: ;   {metadata(method data for {method} {0x00000288e7470da0} 'run' '(Ljava/util/Map;Ljava/util/Set;Ljava/util/Map;Lai/onnxruntime/OrtSession$RunOptions;)Lai/onnxruntime/OrtSession$Result;' in 'ai/onnxruntime/OrtSession')}
  0x00000288ce227dc0: 0000 0048 | baf8 82ad | e788 0200 | 008b 7808 | 49ba 0000 | 0080 8802 | 0000 4903 | fa48 3bba 
  0x00000288ce227de0: a00f 0000 | 750d 4883 | 82a8 0f00 | 0001 e979 | 0000 0048 | 3bba b00f | 0000 750d | 4883 82b8 
  0x00000288ce227e00: 0f00 0001 | e963 0000 | 0048 83ba | a00f 0000 | 0075 1748 | 89ba a00f | 0000 48c7 | 82a8 0f00 
  0x00000288ce227e20: 0001 0000 | 00e9 4200 | 0000 4883 | bab0 0f00 | 0000 7517 | 4889 bab0 | 0f00 0048 | c782 b80f 
  0x00000288ce227e40: 0000 0100 | 0000 e921 | 0000 00e9 | 1c00 0000 

  0x00000288ce227e50: ;   {metadata(method data for {method} {0x00000288e7470da0} 'run' '(Ljava/util/Map;Ljava/util/Set;Ljava/util/Map;Lai/onnxruntime/OrtSession$RunOptions;)Lai/onnxruntime/OrtSession$Result;' in 'ai/onnxruntime/OrtSession')}
  0x00000288ce227e50: 48ba f882 | ade7 8802 | 0000 4883 | aa90 0f00 | 0001 e9fb | 1a00 00e9 | 0000 0000 

  0x00000288ce227e6c: ;*checkcast {reexecute=0 rethrow=0 return_oop=0}
                      ; - ai.onnxruntime.OrtSession::run@493 (line 399)
  0x00000288ce227e6c: 488b f048 | 8b84 24e0 

  0x00000288ce227e74: ;   {metadata(method data for {method} {0x00000288e7470da0} 'run' '(Ljava/util/Map;Ljava/util/Set;Ljava/util/Map;Lai/onnxruntime/OrtSession$RunOptions;)Lai/onnxruntime/OrtSession$Result;' in 'ai/onnxruntime/OrtSession')}
  0x00000288ce227e74: 0100 0049 | b8f8 82ad | e788 0200 | 0049 8380 | c80f 0000 

  0x00000288ce227e88: ;   {metadata(method data for {method} {0x0000028880463978} 'append' '(Ljava/lang/String;)Ljava/lang/StringBuilder;' in 'java/lang/StringBuilder')}
  0x00000288ce227e88: 0149 b8b0 | de00 e788 | 0200 0041 | 8b90 cc00 | 0000 83c2 | 0241 8990 | cc00 0000 | 81e2 feff 
  0x00000288ce227ea8: 1f00 85d2 | 0f84 b91a | 0000 488b | 8424 e001 

  0x00000288ce227eb8: ;   {metadata(method data for {method} {0x0000028880463978} 'append' '(Ljava/lang/String;)Ljava/lang/StringBuilder;' in 'java/lang/StringBuilder')}
  0x00000288ce227eb8: 0000 49b8 | b0de 00e7 | 8802 0000 | 4983 8010 | 0100 0001 | 4c8b c648 | 8b94 24e0 

  0x00000288ce227ed4: ;*invokespecial append {reexecute=0 rethrow=0 return_oop=0}
                      ; - java.lang.StringBuilder::append@2 (line 179)
                      ; - ai.onnxruntime.OrtSession::run@496 (line 399)
  0x00000288ce227ed4: 0100 0048 | 89b4 24e8 

  0x00000288ce227edc: ;   {optimized virtual_call}
  0x00000288ce227edc: 0100 00e8 

  0x00000288ce227ee0: ; ImmutableOopMap {[216]=Oop [224]=Oop [232]=Oop [240]=Oop [248]=Oop [264]=Oop [272]=Oop [312]=Oop [320]=Oop [328]=Oop [344]=Oop [360]=Oop [472]=Oop [480]=Oop [488]=Oop }
                      ;*invokespecial append {reexecute=0 rethrow=0 return_oop=0}
                      ; - java.lang.StringBuilder::append@2 (line 179)
                      ; - ai.onnxruntime.OrtSession::run@496 (line 399)
  0x00000288ce227ee0: 9c6b f606 

  0x00000288ce227ee4: ;   {other}
  0x00000288ce227ee4: 0f1f 8400 

  0x00000288ce227ee8: ;*invokespecial append {reexecute=0 rethrow=0 return_oop=0}
                      ; - java.lang.StringBuilder::append@2 (line 179)
                      ; - ai.onnxruntime.OrtSession::run@496 (line 399)
  0x00000288ce227ee8: d445 0038 | 488b 8424 | e001 0000 

  0x00000288ce227ef4: ;   {metadata(method data for {method} {0x00000288e7470da0} 'run' '(Ljava/util/Map;Ljava/util/Set;Ljava/util/Map;Lai/onnxruntime/OrtSession$RunOptions;)Lai/onnxruntime/OrtSession$Result;' in 'ai/onnxruntime/OrtSession')}
  0x00000288ce227ef4: 49b8 f882 | ade7 8802 | 0000 4983 | 8000 1000 

  0x00000288ce227f04: ;   {metadata(method data for {method} {0x0000028880463978} 'append' '(Ljava/lang/String;)Ljava/lang/StringBuilder;' in 'java/lang/StringBuilder')}
  0x00000288ce227f04: 0001 49b8 | b0de 00e7 | 8802 0000 | 418b 90cc | 0000 0083 | c202 4189 | 90cc 0000 | 0081 e2fe 
  0x00000288ce227f24: ff1f 0085 | d20f 845d | 1a00 0048 | 8b84 24e0 

  0x00000288ce227f34: ;   {metadata(method data for {method} {0x0000028880463978} 'append' '(Ljava/lang/String;)Ljava/lang/StringBuilder;' in 'java/lang/StringBuilder')}
  0x00000288ce227f34: 0100 0049 | b8b0 de00 | e788 0200 | 0049 8380 | 1001 0000 

  0x00000288ce227f48: ;   {oop(", expected one of "{0x000000070dc7b0a0})}
  0x00000288ce227f48: 0149 b8a0 | b0c7 0d07 | 0000 0048 | 8b94 24e0 

  0x00000288ce227f58: ;*invokespecial append {reexecute=0 rethrow=0 return_oop=0}
                      ; - java.lang.StringBuilder::append@2 (line 179)
                      ; - ai.onnxruntime.OrtSession::run@501 (line 399)
  0x00000288ce227f58: 0100 000f 

  0x00000288ce227f5c: ;   {optimized virtual_call}
  0x00000288ce227f5c: 1f40 00e8 

  0x00000288ce227f60: ; ImmutableOopMap {[216]=Oop [224]=Oop [232]=Oop [240]=Oop [248]=Oop [264]=Oop [272]=Oop [312]=Oop [320]=Oop [328]=Oop [344]=Oop [360]=Oop [472]=Oop [480]=Oop }
                      ;*invokespecial append {reexecute=0 rethrow=0 return_oop=0}
                      ; - java.lang.StringBuilder::append@2 (line 179)
                      ; - ai.onnxruntime.OrtSession::run@501 (line 399)
  0x00000288ce227f60: 1c6b f606 

  0x00000288ce227f64: ;   {other}
  0x00000288ce227f64: 0f1f 8400 

  0x00000288ce227f68: ;*invokespecial append {reexecute=0 rethrow=0 return_oop=0}
                      ; - java.lang.StringBuilder::append@2 (line 179)
                      ; - ai.onnxruntime.OrtSession::run@501 (line 399)
  0x00000288ce227f68: 5446 0039 | 488b 9424 | d800 0000 | 8b72 3048 

  0x00000288ce227f78: ;*getfield outputNames {reexecute=0 rethrow=0 return_oop=0}
                      ; - ai.onnxruntime.OrtSession::run@505 (line 399)
  0x00000288ce227f78: c1e6 0348 | 3b06 488b 

  0x00000288ce227f80: ;   {metadata(method data for {method} {0x00000288e7470da0} 'run' '(Ljava/util/Map;Ljava/util/Set;Ljava/util/Map;Lai/onnxruntime/OrtSession$RunOptions;)Lai/onnxruntime/OrtSession$Result;' in 'ai/onnxruntime/OrtSession')}
  0x00000288ce227f80: fe48 bbf8 | 82ad e788 | 0200 008b | 7f08 49ba | 0000 0080 | 8802 0000 | 4903 fa48 | 3bbb 4810 
  0x00000288ce227fa0: 0000 750d | 4883 8350 | 1000 0001 | e960 0000 | 0048 3bbb | 5810 0000 | 750d 4883 | 8360 1000 
  0x00000288ce227fc0: 0001 e94a | 0000 0048 | 83bb 4810 | 0000 0075 | 1748 89bb | 4810 0000 | 48c7 8350 | 1000 0001 
  0x00000288ce227fe0: 0000 00e9 | 2900 0000 | 4883 bb58 | 1000 0000 | 7517 4889 | bb58 1000 | 0048 c783 | 6010 0000 
  0x00000288ce228000: 0100 0000 | e908 0000 | 0048 8383 | 3810 0000 

  0x00000288ce228010: ;*invokevirtual toString {reexecute=0 rethrow=0 return_oop=0}
                      ; - ai.onnxruntime.OrtSession::run@508 (line 399)
  0x00000288ce228010: 0148 8bd6 | 9048 b8ff | ffff ffff 

  0x00000288ce22801c: ;   {virtual_call}
  0x00000288ce22801c: ffff ffe8 

  0x00000288ce228020: ; ImmutableOopMap {[216]=Oop [224]=Oop [232]=Oop [240]=Oop [248]=Oop [264]=Oop [272]=Oop [312]=Oop [320]=Oop [328]=Oop [344]=Oop [360]=Oop [472]=Oop [480]=Oop }
                      ;*invokevirtual toString {reexecute=0 rethrow=0 return_oop=0}
                      ; - ai.onnxruntime.OrtSession::run@508 (line 399)
  0x00000288ce228020: 5c6d f606 

  0x00000288ce228024: ;   {other}
  0x00000288ce228024: 0f1f 8400 

  0x00000288ce228028: ;*invokevirtual toString {reexecute=0 rethrow=0 return_oop=0}
                      ; - ai.onnxruntime.OrtSession::run@508 (line 399)
  0x00000288ce228028: 1447 003a | 4c8b 8424 | e001 0000 

  0x00000288ce228034: ;   {metadata(method data for {method} {0x00000288e7470da0} 'run' '(Ljava/util/Map;Ljava/util/Set;Ljava/util/Map;Lai/onnxruntime/OrtSession$RunOptions;)Lai/onnxruntime/OrtSession$Result;' in 'ai/onnxruntime/OrtSession')}
  0x00000288ce228034: 48ba f882 | ade7 8802 | 0000 4883 | 8270 1000 

  0x00000288ce228044: ;   {metadata(method data for {method} {0x0000028880463978} 'append' '(Ljava/lang/String;)Ljava/lang/StringBuilder;' in 'java/lang/StringBuilder')}
  0x00000288ce228044: 0001 49b8 | b0de 00e7 | 8802 0000 | 418b 90cc | 0000 0083 | c202 4189 | 90cc 0000 | 0081 e2fe 
  0x00000288ce228064: ff1f 0085 | d20f 8443 | 1900 004c | 8b84 24e0 

  0x00000288ce228074: ;   {metadata(method data for {method} {0x0000028880463978} 'append' '(Ljava/lang/String;)Ljava/lang/StringBuilder;' in 'java/lang/StringBuilder')}
  0x00000288ce228074: 0100 0048 | bab0 de00 | e788 0200 | 0048 8382 | 1001 0000 | 014c 8bc0 | 488b 9424 

  0x00000288ce228090: ;*invokespecial append {reexecute=0 rethrow=0 return_oop=0}
                      ; - java.lang.StringBuilder::append@2 (line 179)
                      ; - ai.onnxruntime.OrtSession::run@511 (line 399)
  0x00000288ce228090: e001 0000 | 4889 8424 | f001 0000 

  0x00000288ce22809c: ;   {optimized virtual_call}
  0x00000288ce22809c: 6666 90e8 

  0x00000288ce2280a0: ; ImmutableOopMap {[216]=Oop [224]=Oop [232]=Oop [240]=Oop [248]=Oop [264]=Oop [272]=Oop [312]=Oop [320]=Oop [328]=Oop [344]=Oop [360]=Oop [472]=Oop [480]=Oop [496]=Oop }
                      ;*invokespecial append {reexecute=0 rethrow=0 return_oop=0}
                      ; - java.lang.StringBuilder::append@2 (line 179)
                      ; - ai.onnxruntime.OrtSession::run@511 (line 399)
  0x00000288ce2280a0: dc69 f606 

  0x00000288ce2280a4: ;   {other}
  0x00000288ce2280a4: 0f1f 8400 

  0x00000288ce2280a8: ;*invokespecial append {reexecute=0 rethrow=0 return_oop=0}
                      ; - java.lang.StringBuilder::append@2 (line 179)
                      ; - ai.onnxruntime.OrtSession::run@511 (line 399)
  0x00000288ce2280a8: 9447 003b | 488b 8424 | e001 0000 

  0x00000288ce2280b4: ;   {metadata(method data for {method} {0x00000288e7470da0} 'run' '(Ljava/util/Map;Ljava/util/Set;Ljava/util/Map;Lai/onnxruntime/OrtSession$RunOptions;)Lai/onnxruntime/OrtSession$Result;' in 'ai/onnxruntime/OrtSession')}
  0x00000288ce2280b4: 48ba f882 | ade7 8802 | 0000 4883 | 82a8 1000 

  0x00000288ce2280c4: ;   {metadata(method data for {method} {0x0000028880008b50} 'toString' '()Ljava/lang/String;' in 'java/lang/StringBuilder')}
  0x00000288ce2280c4: 0001 48ba | 58e7 00e7 | 8802 0000 | 8bb2 cc00 | 0000 83c6 | 0289 b2cc | 0000 0081 | e6fe ff1f 
  0x00000288ce2280e4: 0085 f60f | 84e6 1800 

  0x00000288ce2280ec: ;   {metadata('java/lang/String')}
  0x00000288ce2280ec: 0048 ba70 | ea00 8088 | 0200 0049 | 8b87 b801 | 0000 488d | 7818 493b | bfc8 0100 | 000f 87e5 
  0x00000288ce22810c: 1800 0049 | 89bf b801 | 0000 48c7 | 0001 0000 | 0048 8bca | 49ba 0000 | 0080 8802 | 0000 492b 
  0x00000288ce22812c: ca89 4808 | 4833 c989 | 480c 4833 | c948 8948 

  0x00000288ce22813c: ;*new {reexecute=0 rethrow=0 return_oop=0}
                      ; - java.lang.StringBuilder::toString@0 (line 475)
                      ; - ai.onnxruntime.OrtSession::run@514 (line 399)
  0x00000288ce22813c: 104c 8bc0 

  0x00000288ce228140: ;   {metadata(method data for {method} {0x0000028880008b50} 'toString' '()Ljava/lang/String;' in 'java/lang/StringBuilder')}
  0x00000288ce228140: 49b9 58e7 | 00e7 8802 | 0000 4983 | 8110 0100 

  0x00000288ce228150: ;   {metadata(method data for {method} {0x0000028880457cb0} '<init>' '(Ljava/lang/StringBuilder;)V' in 'java/lang/String')}
  0x00000288ce228150: 0001 49b8 | 00e9 00e7 | 8802 0000 | 458b 88cc | 0000 0041 | 83c1 0245 | 8988 cc00 | 0000 4181 
  0x00000288ce228170: e1fe ff1f | 0045 85c9 | 0f84 8318 | 0000 4c8b 

  0x00000288ce228180: ;   {metadata(method data for {method} {0x0000028880457cb0} '<init>' '(Ljava/lang/StringBuilder;)V' in 'java/lang/String')}
  0x00000288ce228180: c049 b900 | e900 e788 | 0200 0049 | 8381 1001 | 0000 014c | 8b84 24e0 

  0x00000288ce228198: ;   {oop(nullptr)}
  0x00000288ce228198: 0100 0049 | b900 0000 | 0000 0000 

  0x00000288ce2281a4: ;*invokespecial <init> {reexecute=0 rethrow=0 return_oop=0}
                      ; - java.lang.String::<init>@3 (line 1507)
                      ; - java.lang.StringBuilder::toString@5 (line 475)
                      ; - ai.onnxruntime.OrtSession::run@514 (line 399)
  0x00000288ce2281a4: 0048 8bd0 | 4889 8424 | f801 0000 | 0f1f 8000 

  0x00000288ce2281b4: ;   {optimized virtual_call}
  0x00000288ce2281b4: 0000 00e8 

  0x00000288ce2281b8: ; ImmutableOopMap {[216]=Oop [224]=Oop [232]=Oop [240]=Oop [248]=Oop [264]=Oop [272]=Oop [312]=Oop [320]=Oop [328]=Oop [344]=Oop [360]=Oop [472]=Oop [480]=Oop [504]=Oop }
                      ;*invokespecial <init> {reexecute=0 rethrow=0 return_oop=0}
                      ; - java.lang.String::<init>@3 (line 1507)
                      ; - java.lang.StringBuilder::toString@5 (line 475)
                      ; - ai.onnxruntime.OrtSession::run@514 (line 399)
  0x00000288ce2281b8: c468 f606 

  0x00000288ce2281bc: ;   {other}
  0x00000288ce2281bc: 0f1f 8400 

  0x00000288ce2281c0: ;*invokespecial <init> {reexecute=0 rethrow=0 return_oop=0}
                      ; - java.lang.String::<init>@3 (line 1507)
                      ; - java.lang.StringBuilder::toString@5 (line 475)
                      ; - ai.onnxruntime.OrtSession::run@514 (line 399)
  0x00000288ce2281c0: ac48 003c | 488b 8424 | d801 0000 

  0x00000288ce2281cc: ;   {metadata(method data for {method} {0x00000288e7470da0} 'run' '(Ljava/util/Map;Ljava/util/Set;Ljava/util/Map;Lai/onnxruntime/OrtSession$RunOptions;)Lai/onnxruntime/OrtSession$Result;' in 'ai/onnxruntime/OrtSession')}
  0x00000288ce2281cc: 49b8 f882 | ade7 8802 | 0000 4983 | 80e0 1000 | 0001 4c8b | 8424 f801 | 0000 488b | 9424 d801 
  0x00000288ce2281ec: ;*invokespecial <init> {reexecute=0 rethrow=0 return_oop=0}
                      ; - ai.onnxruntime.OrtSession::run@517 (line 399)
                      ;   {optimized virtual_call}
  0x00000288ce2281ec: 0000 90e8 

  0x00000288ce2281f0: ; ImmutableOopMap {[216]=Oop [224]=Oop [232]=Oop [240]=Oop [248]=Oop [264]=Oop [272]=Oop [312]=Oop [320]=Oop [328]=Oop [344]=Oop [360]=Oop [472]=Oop }
                      ;*invokespecial <init> {reexecute=0 rethrow=0 return_oop=0}
                      ; - ai.onnxruntime.OrtSession::run@517 (line 399)
  0x00000288ce2281f0: 8c68 f606 

  0x00000288ce2281f4: ;   {other}
  0x00000288ce2281f4: 0f1f 8400 

  0x00000288ce2281f8: ;*invokespecial <init> {reexecute=0 rethrow=0 return_oop=0}
                      ; - ai.onnxruntime.OrtSession::run@517 (line 399)
  0x00000288ce2281f8: e448 003d | 488b 8424 

  0x00000288ce228200: ; ImmutableOopMap {rax=Oop [216]=Oop [224]=Oop [232]=Oop [240]=Oop [248]=Oop [264]=Oop [272]=Oop [312]=Oop [320]=Oop [328]=Oop [344]=Oop [360]=Oop }
                      ;*athrow {reexecute=1 rethrow=0 return_oop=0}
                      ; - (reexecute) ai.onnxruntime.OrtSession::run@520 (line 399)
  0x00000288ce228200: d801 0000 

  0x00000288ce228204: ;   {section_word}
  0x00000288ce228204: 48ba 0482 | 22ce 8802 

  0x00000288ce22820c: ;   {runtime_call handle_exception_nofpu Runtime1 stub}
  0x00000288ce22820c: 0000 e86d 

  0x00000288ce228210: ;*athrow {reexecute=0 rethrow=0 return_oop=0}
                      ; - ai.onnxruntime.OrtSession::run@520 (line 399)
  0x00000288ce228210: d303 0790 | 0f1f 4000 

  0x00000288ce228218: ;   {no_reloc}
  0x00000288ce228218: e914 1800 | 0000 0000 | 0000 80ba | 3101 0000 | 040f 8511 | 1800 0049 | 8b87 b801 | 0000 488d 
  0x00000288ce228238: 7828 493b | bfc8 0100 | 000f 87f9 | 1700 0049 | 89bf b801 | 0000 48c7 | 0001 0000 | 0048 8bca 
  0x00000288ce228258: 49ba 0000 | 0080 8802 | 0000 492b | ca89 4808 | 4833 c989 | 480c 4833 | c948 8948 | 1048 8948 
  0x00000288ce228278: 1848 8948 

  0x00000288ce22827c: ;*new {reexecute=0 rethrow=0 return_oop=0}
                      ; - ai.onnxruntime.OrtSession::run@272 (line 383)
                      ;   {metadata('java/lang/StringBuilder')}
  0x00000288ce22827c: 2048 ba38 | 8200 8088 | 0200 0048 | 8984 2400 | 0200 0049 | 8b87 b801 | 0000 488d | 7818 493b 
  0x00000288ce22829c: bfc8 0100 | 000f 87a6 | 1700 0049 | 89bf b801 | 0000 48c7 | 0001 0000 | 0048 8bca | 49ba 0000 
  0x00000288ce2282bc: 0080 8802 | 0000 492b | ca89 4808 | 4833 c989 | 480c 4833 | c948 8948 

  0x00000288ce2282d4: ;*new {reexecute=0 rethrow=0 return_oop=0}
                      ; - ai.onnxruntime.OrtSession::run@276 (line 383)
  0x00000288ce2282d4: 1048 8bd0 

  0x00000288ce2282d8: ;   {metadata(method data for {method} {0x00000288e7470da0} 'run' '(Ljava/util/Map;Ljava/util/Set;Ljava/util/Map;Lai/onnxruntime/OrtSession$RunOptions;)Lai/onnxruntime/OrtSession$Result;' in 'ai/onnxruntime/OrtSession')}
  0x00000288ce2282d8: 48be f882 | ade7 8802 | 0000 4883 | 86f8 0800 

  0x00000288ce2282e8: ;   {metadata(method data for {method} {0x0000028880463b88} '<init>' '()V' in 'java/lang/StringBuilder')}
  0x00000288ce2282e8: 0001 48ba | c0db 00e7 | 8802 0000 | 8bb2 cc00 | 0000 83c6 | 0289 b2cc | 0000 0081 | e6fe ff1f 
  0x00000288ce228308: 0085 f60f | 8449 1700 | 0048 8bd0 

  0x00000288ce228314: ;   {metadata(method data for {method} {0x0000028880463b88} '<init>' '()V' in 'java/lang/StringBuilder')}
  0x00000288ce228314: 48be c0db | 00e7 8802 | 0000 4883 | 8610 0100 | 0001 41b8 | 1000 0000 

  0x00000288ce22832c: ;*invokespecial <init> {reexecute=0 rethrow=0 return_oop=0}
                      ; - java.lang.StringBuilder::<init>@3 (line 106)
                      ; - ai.onnxruntime.OrtSession::run@280 (line 383)
  0x00000288ce22832c: 488b d048 | 8984 2408 

  0x00000288ce228334: ;   {optimized virtual_call}
  0x00000288ce228334: 0200 00e8 

  0x00000288ce228338: ; ImmutableOopMap {[216]=Oop [224]=Oop [232]=Oop [240]=Oop [248]=Oop [264]=Oop [272]=Oop [280]=Oop [304]=Oop [512]=Oop [520]=Oop }
                      ;*invokespecial <init> {reexecute=0 rethrow=0 return_oop=0}
                      ; - java.lang.StringBuilder::<init>@3 (line 106)
                      ; - ai.onnxruntime.OrtSession::run@280 (line 383)
  0x00000288ce228338: 4467 f606 

  0x00000288ce22833c: ;   {other}
  0x00000288ce22833c: 0f1f 8400 

  0x00000288ce228340: ;*invokespecial <init> {reexecute=0 rethrow=0 return_oop=0}
                      ; - java.lang.StringBuilder::<init>@3 (line 106)
                      ; - ai.onnxruntime.OrtSession::run@280 (line 383)
  0x00000288ce228340: 2c4a 003f | 488b 8424 | 0802 0000 

  0x00000288ce22834c: ;   {metadata(method data for {method} {0x00000288e7470da0} 'run' '(Ljava/util/Map;Ljava/util/Set;Ljava/util/Map;Lai/onnxruntime/OrtSession$RunOptions;)Lai/onnxruntime/OrtSession$Result;' in 'ai/onnxruntime/OrtSession')}
  0x00000288ce22834c: 49b8 f882 | ade7 8802 | 0000 4983 | 8008 0900 

  0x00000288ce22835c: ;   {metadata(method data for {method} {0x0000028880463978} 'append' '(Ljava/lang/String;)Ljava/lang/StringBuilder;' in 'java/lang/StringBuilder')}
  0x00000288ce22835c: 0001 49b8 | b0de 00e7 | 8802 0000 | 418b 90cc | 0000 0083 | c202 4189 | 90cc 0000 | 0081 e2fe 
  0x00000288ce22837c: ff1f 0085 | d20f 84f4 | 1600 0048 | 8b84 2408 

  0x00000288ce22838c: ;   {metadata(method data for {method} {0x0000028880463978} 'append' '(Ljava/lang/String;)Ljava/lang/StringBuilder;' in 'java/lang/StringBuilder')}
  0x00000288ce22838c: 0200 0049 | b8b0 de00 | e788 0200 | 0049 8380 | 1001 0000 

  0x00000288ce2283a0: ;   {oop("Unknown input name "{0x000000070dc7b0e0})}
  0x00000288ce2283a0: 0149 b8e0 | b0c7 0d07 | 0000 0048 | 8b94 2408 

  0x00000288ce2283b0: ;*invokespecial append {reexecute=0 rethrow=0 return_oop=0}
                      ; - java.lang.StringBuilder::append@2 (line 179)
                      ; - ai.onnxruntime.OrtSession::run@285 (line 383)
  0x00000288ce2283b0: 0200 000f 

  0x00000288ce2283b4: ;   {optimized virtual_call}
  0x00000288ce2283b4: 1f40 00e8 

  0x00000288ce2283b8: ; ImmutableOopMap {[216]=Oop [224]=Oop [232]=Oop [240]=Oop [248]=Oop [264]=Oop [272]=Oop [280]=Oop [304]=Oop [512]=Oop [520]=Oop }
                      ;*invokespecial append {reexecute=0 rethrow=0 return_oop=0}
                      ; - java.lang.StringBuilder::append@2 (line 179)
                      ; - ai.onnxruntime.OrtSession::run@285 (line 383)
  0x00000288ce2283b8: c466 f606 

  0x00000288ce2283bc: ;   {other}
  0x00000288ce2283bc: 0f1f 8400 

  0x00000288ce2283c0: ;*invokespecial append {reexecute=0 rethrow=0 return_oop=0}
                      ; - java.lang.StringBuilder::append@2 (line 179)
                      ; - ai.onnxruntime.OrtSession::run@285 (line 383)
  0x00000288ce2283c0: ac4a 0040 | 488b b424 | 3001 0000 

  0x00000288ce2283cc: ;   {metadata(method data for {method} {0x00000288e7470da0} 'run' '(Ljava/util/Map;Ljava/util/Set;Ljava/util/Map;Lai/onnxruntime/OrtSession$RunOptions;)Lai/onnxruntime/OrtSession$Result;' in 'ai/onnxruntime/OrtSession')}
  0x00000288ce2283cc: 48ba f882 | ade7 8802 | 0000 8b76 | 0849 ba00 | 0000 8088 | 0200 0049 | 03f2 483b | b250 0900 
  0x00000288ce2283ec: 0075 0d48 | 8382 5809 | 0000 01e9 | 6000 0000 | 483b b260 | 0900 0075 | 0d48 8382 | 6809 0000 
  0x00000288ce22840c: 01e9 4a00 | 0000 4883 | ba50 0900 | 0000 7517 | 4889 b250 | 0900 0048 | c782 5809 | 0000 0100 
  0x00000288ce22842c: 0000 e929 | 0000 0048 | 83ba 6009 | 0000 0075 | 1748 89b2 | 6009 0000 | 48c7 8268 | 0900 0001 
  0x00000288ce22844c: 0000 00e9 | 0800 0000 | 4883 8240 | 0900 0001 | 488b 9424 

  0x00000288ce228460: ;*invokeinterface getKey {reexecute=0 rethrow=0 return_oop=0}
                      ; - ai.onnxruntime.OrtSession::run@290 (line 384)
  0x00000288ce228460: 3001 0000 | 9048 b8ff | ffff ffff 

  0x00000288ce22846c: ;   {virtual_call}
  0x00000288ce22846c: ffff ffe8 

  0x00000288ce228470: ; ImmutableOopMap {[216]=Oop [224]=Oop [232]=Oop [240]=Oop [248]=Oop [264]=Oop [272]=Oop [280]=Oop [304]=Oop [512]=Oop [520]=Oop }
                      ;*invokeinterface getKey {reexecute=0 rethrow=0 return_oop=0}
                      ; - ai.onnxruntime.OrtSession::run@290 (line 384)
  0x00000288ce228470: 0c69 f606 

  0x00000288ce228474: ;   {other}
  0x00000288ce228474: 0f1f 8400 

  0x00000288ce228478: ;*invokeinterface getKey {reexecute=0 rethrow=0 return_oop=0}
                      ; - ai.onnxruntime.OrtSession::run@290 (line 384)
  0x00000288ce228478: 644b 0041 | 4885 c075 

  0x00000288ce228480: ;   {metadata(method data for {method} {0x00000288e7470da0} 'run' '(Ljava/util/Map;Ljava/util/Set;Ljava/util/Map;Lai/onnxruntime/OrtSession$RunOptions;)Lai/onnxruntime/OrtSession$Result;' in 'ai/onnxruntime/OrtSession')}
  0x00000288ce228480: 1648 baf8 | 82ad e788 | 0200 0080 | 8a71 0900 | 0001 e9cd 

  0x00000288ce228494: ;   {metadata('java/lang/String')}
  0x00000288ce228494: 0000 0048 | bf70 ea00 | 8088 0200 | 0044 8b40 | 0849 ba00 | 0000 8088 | 0200 004d | 03c2 493b 
  0x00000288ce2284b4: f80f 858d 

  0x00000288ce2284b8: ;   {metadata(method data for {method} {0x00000288e7470da0} 'run' '(Ljava/util/Map;Ljava/util/Set;Ljava/util/Map;Lai/onnxruntime/OrtSession$RunOptions;)Lai/onnxruntime/OrtSession$Result;' in 'ai/onnxruntime/OrtSession')}
  0x00000288ce2284b8: 0000 0048 | baf8 82ad | e788 0200 | 008b 7808 | 49ba 0000 | 0080 8802 | 0000 4903 | fa48 3bba 
  0x00000288ce2284d8: 8809 0000 | 750d 4883 | 8290 0900 | 0001 e979 | 0000 0048 | 3bba 9809 | 0000 750d | 4883 82a0 
  0x00000288ce2284f8: 0900 0001 | e963 0000 | 0048 83ba | 8809 0000 | 0075 1748 | 89ba 8809 | 0000 48c7 | 8290 0900 
  0x00000288ce228518: 0001 0000 | 00e9 4200 | 0000 4883 | ba98 0900 | 0000 7517 | 4889 ba98 | 0900 0048 | c782 a009 
  0x00000288ce228538: 0000 0100 | 0000 e921 | 0000 00e9 | 1c00 0000 

  0x00000288ce228548: ;   {metadata(method data for {method} {0x00000288e7470da0} 'run' '(Ljava/util/Map;Ljava/util/Set;Ljava/util/Map;Lai/onnxruntime/OrtSession$RunOptions;)Lai/onnxruntime/OrtSession$Result;' in 'ai/onnxruntime/OrtSession')}
  0x00000288ce228548: 48ba f882 | ade7 8802 | 0000 4883 | aa78 0900 | 0001 e93d | 1500 00e9 | 0000 0000 

  0x00000288ce228564: ;*checkcast {reexecute=0 rethrow=0 return_oop=0}
                      ; - ai.onnxruntime.OrtSession::run@295 (line 384)
  0x00000288ce228564: 488b f048 | 8b84 2408 

  0x00000288ce22856c: ;   {metadata(method data for {method} {0x00000288e7470da0} 'run' '(Ljava/util/Map;Ljava/util/Set;Ljava/util/Map;Lai/onnxruntime/OrtSession$RunOptions;)Lai/onnxruntime/OrtSession$Result;' in 'ai/onnxruntime/OrtSession')}
  0x00000288ce22856c: 0200 0049 | b8f8 82ad | e788 0200 | 0049 8380 | b009 0000 

  0x00000288ce228580: ;   {metadata(method data for {method} {0x0000028880463978} 'append' '(Ljava/lang/String;)Ljava/lang/StringBuilder;' in 'java/lang/StringBuilder')}
  0x00000288ce228580: 0149 b8b0 | de00 e788 | 0200 0041 | 8b90 cc00 | 0000 83c2 | 0241 8990 | cc00 0000 | 81e2 feff 
  0x00000288ce2285a0: 1f00 85d2 | 0f84 fb14 | 0000 488b | 8424 0802 

  0x00000288ce2285b0: ;   {metadata(method data for {method} {0x0000028880463978} 'append' '(Ljava/lang/String;)Ljava/lang/StringBuilder;' in 'java/lang/StringBuilder')}
  0x00000288ce2285b0: 0000 49b8 | b0de 00e7 | 8802 0000 | 4983 8010 | 0100 0001 | 4c8b c648 | 8b94 2408 

  0x00000288ce2285cc: ;*invokespecial append {reexecute=0 rethrow=0 return_oop=0}
                      ; - java.lang.StringBuilder::append@2 (line 179)
                      ; - ai.onnxruntime.OrtSession::run@298 (line 384)
  0x00000288ce2285cc: 0200 0048 | 89b4 2410 

  0x00000288ce2285d4: ;   {optimized virtual_call}
  0x00000288ce2285d4: 0200 00e8 

  0x00000288ce2285d8: ; ImmutableOopMap {[216]=Oop [224]=Oop [232]=Oop [240]=Oop [248]=Oop [264]=Oop [272]=Oop [280]=Oop [304]=Oop [512]=Oop [520]=Oop [528]=Oop }
                      ;*invokespecial append {reexecute=0 rethrow=0 return_oop=0}
                      ; - java.lang.StringBuilder::append@2 (line 179)
                      ; - ai.onnxruntime.OrtSession::run@298 (line 384)
  0x00000288ce2285d8: a464 f606 

  0x00000288ce2285dc: ;   {other}
  0x00000288ce2285dc: 0f1f 8400 

  0x00000288ce2285e0: ;*invokespecial append {reexecute=0 rethrow=0 return_oop=0}
                      ; - java.lang.StringBuilder::append@2 (line 179)
                      ; - ai.onnxruntime.OrtSession::run@298 (line 384)
  0x00000288ce2285e0: cc4c 0042 | 488b 8424 | 0802 0000 

  0x00000288ce2285ec: ;   {metadata(method data for {method} {0x00000288e7470da0} 'run' '(Ljava/util/Map;Ljava/util/Set;Ljava/util/Map;Lai/onnxruntime/OrtSession$RunOptions;)Lai/onnxruntime/OrtSession$Result;' in 'ai/onnxruntime/OrtSession')}
  0x00000288ce2285ec: 49b8 f882 | ade7 8802 | 0000 4983 | 80e8 0900 

  0x00000288ce2285fc: ;   {metadata(method data for {method} {0x0000028880463978} 'append' '(Ljava/lang/String;)Ljava/lang/StringBuilder;' in 'java/lang/StringBuilder')}
  0x00000288ce2285fc: 0001 49b8 | b0de 00e7 | 8802 0000 | 418b 90cc | 0000 0083 | c202 4189 | 90cc 0000 | 0081 e2fe 
  0x00000288ce22861c: ff1f 0085 | d20f 849f | 1400 0048 | 8b84 2408 

  0x00000288ce22862c: ;   {metadata(method data for {method} {0x0000028880463978} 'append' '(Ljava/lang/String;)Ljava/lang/StringBuilder;' in 'java/lang/StringBuilder')}
  0x00000288ce22862c: 0200 0049 | b8b0 de00 | e788 0200 | 0049 8380 | 1001 0000 

  0x00000288ce228640: ;   {oop(", expected one of "{0x000000070dc7b0a0})}
  0x00000288ce228640: 0149 b8a0 | b0c7 0d07 | 0000 0048 | 8b94 2408 

  0x00000288ce228650: ;*invokespecial append {reexecute=0 rethrow=0 return_oop=0}
                      ; - java.lang.StringBuilder::append@2 (line 179)
                      ; - ai.onnxruntime.OrtSession::run@303 (line 384)
  0x00000288ce228650: 0200 000f 

  0x00000288ce228654: ;   {optimized virtual_call}
  0x00000288ce228654: 1f40 00e8 

  0x00000288ce228658: ; ImmutableOopMap {[216]=Oop [224]=Oop [232]=Oop [240]=Oop [248]=Oop [264]=Oop [272]=Oop [280]=Oop [304]=Oop [512]=Oop [520]=Oop }
                      ;*invokespecial append {reexecute=0 rethrow=0 return_oop=0}
                      ; - java.lang.StringBuilder::append@2 (line 179)
                      ; - ai.onnxruntime.OrtSession::run@303 (line 384)
  0x00000288ce228658: 2464 f606 

  0x00000288ce22865c: ;   {other}
  0x00000288ce22865c: 0f1f 8400 

  0x00000288ce228660: ;*invokespecial append {reexecute=0 rethrow=0 return_oop=0}
                      ; - java.lang.StringBuilder::append@2 (line 179)
                      ; - ai.onnxruntime.OrtSession::run@303 (line 384)
  0x00000288ce228660: 4c4d 0043 | 488b 9424 | d800 0000 | 8b72 2c48 

  0x00000288ce228670: ;*getfield inputNames {reexecute=0 rethrow=0 return_oop=0}
                      ; - ai.onnxruntime.OrtSession::run@307 (line 384)
  0x00000288ce228670: c1e6 0348 | 3b06 488b 

  0x00000288ce228678: ;   {metadata(method data for {method} {0x00000288e7470da0} 'run' '(Ljava/util/Map;Ljava/util/Set;Ljava/util/Map;Lai/onnxruntime/OrtSession$RunOptions;)Lai/onnxruntime/OrtSession$Result;' in 'ai/onnxruntime/OrtSession')}
  0x00000288ce228678: fe48 bbf8 | 82ad e788 | 0200 008b | 7f08 49ba | 0000 0080 | 8802 0000 | 4903 fa48 | 3bbb 300a 
  0x00000288ce228698: 0000 750d | 4883 8338 | 0a00 0001 | e960 0000 | 0048 3bbb | 400a 0000 | 750d 4883 | 8348 0a00 
  0x00000288ce2286b8: 0001 e94a | 0000 0048 | 83bb 300a | 0000 0075 | 1748 89bb | 300a 0000 | 48c7 8338 | 0a00 0001 
  0x00000288ce2286d8: 0000 00e9 | 2900 0000 | 4883 bb40 | 0a00 0000 | 7517 4889 | bb40 0a00 | 0048 c783 | 480a 0000 
  0x00000288ce2286f8: 0100 0000 | e908 0000 | 0048 8383 | 200a 0000 

  0x00000288ce228708: ;*invokevirtual toString {reexecute=0 rethrow=0 return_oop=0}
                      ; - ai.onnxruntime.OrtSession::run@310 (line 384)
  0x00000288ce228708: 0148 8bd6 | 9048 b8ff | ffff ffff 

  0x00000288ce228714: ;   {virtual_call}
  0x00000288ce228714: ffff ffe8 

  0x00000288ce228718: ; ImmutableOopMap {[216]=Oop [224]=Oop [232]=Oop [240]=Oop [248]=Oop [264]=Oop [272]=Oop [280]=Oop [304]=Oop [512]=Oop [520]=Oop }
                      ;*invokevirtual toString {reexecute=0 rethrow=0 return_oop=0}
                      ; - ai.onnxruntime.OrtSession::run@310 (line 384)
  0x00000288ce228718: 6466 f606 

  0x00000288ce22871c: ;   {other}
  0x00000288ce22871c: 0f1f 8400 

  0x00000288ce228720: ;*invokevirtual toString {reexecute=0 rethrow=0 return_oop=0}
                      ; - ai.onnxruntime.OrtSession::run@310 (line 384)
  0x00000288ce228720: 0c4e 0044 | 4c8b 8424 | 0802 0000 

  0x00000288ce22872c: ;   {metadata(method data for {method} {0x00000288e7470da0} 'run' '(Ljava/util/Map;Ljava/util/Set;Ljava/util/Map;Lai/onnxruntime/OrtSession$RunOptions;)Lai/onnxruntime/OrtSession$Result;' in 'ai/onnxruntime/OrtSession')}
  0x00000288ce22872c: 48ba f882 | ade7 8802 | 0000 4883 | 8258 0a00 

  0x00000288ce22873c: ;   {metadata(method data for {method} {0x0000028880463978} 'append' '(Ljava/lang/String;)Ljava/lang/StringBuilder;' in 'java/lang/StringBuilder')}
  0x00000288ce22873c: 0001 49b8 | b0de 00e7 | 8802 0000 | 418b 90cc | 0000 0083 | c202 4189 | 90cc 0000 | 0081 e2fe 
  0x00000288ce22875c: ff1f 0085 | d20f 8485 | 1300 004c | 8b84 2408 

  0x00000288ce22876c: ;   {metadata(method data for {method} {0x0000028880463978} 'append' '(Ljava/lang/String;)Ljava/lang/StringBuilder;' in 'java/lang/StringBuilder')}
  0x00000288ce22876c: 0200 0048 | bab0 de00 | e788 0200 | 0048 8382 | 1001 0000 | 014c 8bc0 | 488b 9424 

  0x00000288ce228788: ;*invokespecial append {reexecute=0 rethrow=0 return_oop=0}
                      ; - java.lang.StringBuilder::append@2 (line 179)
                      ; - ai.onnxruntime.OrtSession::run@313 (line 384)
  0x00000288ce228788: 0802 0000 | 4889 8424 | 1802 0000 

  0x00000288ce228794: ;   {optimized virtual_call}
  0x00000288ce228794: 6666 90e8 

  0x00000288ce228798: ; ImmutableOopMap {[216]=Oop [224]=Oop [232]=Oop [240]=Oop [248]=Oop [264]=Oop [272]=Oop [280]=Oop [304]=Oop [512]=Oop [520]=Oop [536]=Oop }
                      ;*invokespecial append {reexecute=0 rethrow=0 return_oop=0}
                      ; - java.lang.StringBuilder::append@2 (line 179)
                      ; - ai.onnxruntime.OrtSession::run@313 (line 384)
  0x00000288ce228798: e462 f606 

  0x00000288ce22879c: ;   {other}
  0x00000288ce22879c: 0f1f 8400 

  0x00000288ce2287a0: ;*invokespecial append {reexecute=0 rethrow=0 return_oop=0}
                      ; - java.lang.StringBuilder::append@2 (line 179)
                      ; - ai.onnxruntime.OrtSession::run@313 (line 384)
  0x00000288ce2287a0: 8c4e 0045 | 488b 8424 | 0802 0000 

  0x00000288ce2287ac: ;   {metadata(method data for {method} {0x00000288e7470da0} 'run' '(Ljava/util/Map;Ljava/util/Set;Ljava/util/Map;Lai/onnxruntime/OrtSession$RunOptions;)Lai/onnxruntime/OrtSession$Result;' in 'ai/onnxruntime/OrtSession')}
  0x00000288ce2287ac: 48ba f882 | ade7 8802 | 0000 4883 | 8290 0a00 

  0x00000288ce2287bc: ;   {metadata(method data for {method} {0x0000028880008b50} 'toString' '()Ljava/lang/String;' in 'java/lang/StringBuilder')}
  0x00000288ce2287bc: 0001 48ba | 58e7 00e7 | 8802 0000 | 8bb2 cc00 | 0000 83c6 | 0289 b2cc | 0000 0081 | e6fe ff1f 
  0x00000288ce2287dc: 0085 f60f | 8428 1300 

  0x00000288ce2287e4: ;   {metadata('java/lang/String')}
  0x00000288ce2287e4: 0048 ba70 | ea00 8088 | 0200 0049 | 8b87 b801 | 0000 488d | 7818 493b | bfc8 0100 | 000f 8727 
  0x00000288ce228804: 1300 0049 | 89bf b801 | 0000 48c7 | 0001 0000 | 0048 8bca | 49ba 0000 | 0080 8802 | 0000 492b 
  0x00000288ce228824: ca89 4808 | 4833 c989 | 480c 4833 | c948 8948 

  0x00000288ce228834: ;*new {reexecute=0 rethrow=0 return_oop=0}
                      ; - java.lang.StringBuilder::toString@0 (line 475)
                      ; - ai.onnxruntime.OrtSession::run@316 (line 384)
  0x00000288ce228834: 104c 8bc0 

  0x00000288ce228838: ;   {metadata(method data for {method} {0x0000028880008b50} 'toString' '()Ljava/lang/String;' in 'java/lang/StringBuilder')}
  0x00000288ce228838: 49b9 58e7 | 00e7 8802 | 0000 4983 | 8110 0100 

  0x00000288ce228848: ;   {metadata(method data for {method} {0x0000028880457cb0} '<init>' '(Ljava/lang/StringBuilder;)V' in 'java/lang/String')}
  0x00000288ce228848: 0001 49b8 | 00e9 00e7 | 8802 0000 | 458b 88cc | 0000 0041 | 83c1 0245 | 8988 cc00 | 0000 4181 
  0x00000288ce228868: e1fe ff1f | 0045 85c9 | 0f84 c512 | 0000 4c8b 

  0x00000288ce228878: ;   {metadata(method data for {method} {0x0000028880457cb0} '<init>' '(Ljava/lang/StringBuilder;)V' in 'java/lang/String')}
  0x00000288ce228878: c049 b900 | e900 e788 | 0200 0049 | 8381 1001 | 0000 014c | 8b84 2408 

  0x00000288ce228890: ;   {oop(nullptr)}
  0x00000288ce228890: 0200 0049 | b900 0000 | 0000 0000 

  0x00000288ce22889c: ;*invokespecial <init> {reexecute=0 rethrow=0 return_oop=0}
                      ; - java.lang.String::<init>@3 (line 1507)
                      ; - java.lang.StringBuilder::toString@5 (line 475)
                      ; - ai.onnxruntime.OrtSession::run@316 (line 384)
  0x00000288ce22889c: 0048 8bd0 | 4889 8424 | 2002 0000 | 0f1f 8000 

  0x00000288ce2288ac: ;   {optimized virtual_call}
  0x00000288ce2288ac: 0000 00e8 

  0x00000288ce2288b0: ; ImmutableOopMap {[216]=Oop [224]=Oop [232]=Oop [240]=Oop [248]=Oop [264]=Oop [272]=Oop [280]=Oop [304]=Oop [512]=Oop [520]=Oop [544]=Oop }
                      ;*invokespecial <init> {reexecute=0 rethrow=0 return_oop=0}
                      ; - java.lang.String::<init>@3 (line 1507)
                      ; - java.lang.StringBuilder::toString@5 (line 475)
                      ; - ai.onnxruntime.OrtSession::run@316 (line 384)
  0x00000288ce2288b0: cc61 f606 

  0x00000288ce2288b4: ;   {other}
  0x00000288ce2288b4: 0f1f 8400 

  0x00000288ce2288b8: ;*invokespecial <init> {reexecute=0 rethrow=0 return_oop=0}
                      ; - java.lang.String::<init>@3 (line 1507)
                      ; - java.lang.StringBuilder::toString@5 (line 475)
                      ; - ai.onnxruntime.OrtSession::run@316 (line 384)
  0x00000288ce2288b8: a44f 0046 | 488b 8424 | 0002 0000 

  0x00000288ce2288c4: ;   {metadata(method data for {method} {0x00000288e7470da0} 'run' '(Ljava/util/Map;Ljava/util/Set;Ljava/util/Map;Lai/onnxruntime/OrtSession$RunOptions;)Lai/onnxruntime/OrtSession$Result;' in 'ai/onnxruntime/OrtSession')}
  0x00000288ce2288c4: 49b8 f882 | ade7 8802 | 0000 4983 | 80c8 0a00 | 0001 4c8b | 8424 2002 | 0000 488b | 9424 0002 
  0x00000288ce2288e4: ;*invokespecial <init> {reexecute=0 rethrow=0 return_oop=0}
                      ; - ai.onnxruntime.OrtSession::run@319 (line 384)
                      ;   {optimized virtual_call}
  0x00000288ce2288e4: 0000 90e8 

  0x00000288ce2288e8: ; ImmutableOopMap {[216]=Oop [224]=Oop [232]=Oop [240]=Oop [248]=Oop [264]=Oop [272]=Oop [280]=Oop [304]=Oop [512]=Oop }
                      ;*invokespecial <init> {reexecute=0 rethrow=0 return_oop=0}
                      ; - ai.onnxruntime.OrtSession::run@319 (line 384)
  0x00000288ce2288e8: 9461 f606 

  0x00000288ce2288ec: ;   {other}
  0x00000288ce2288ec: 0f1f 8400 

  0x00000288ce2288f0: ;*invokespecial <init> {reexecute=0 rethrow=0 return_oop=0}
                      ; - ai.onnxruntime.OrtSession::run@319 (line 384)
  0x00000288ce2288f0: dc4f 0047 | 488b 8424 

  0x00000288ce2288f8: ; ImmutableOopMap {rax=Oop [216]=Oop [224]=Oop [232]=Oop [240]=Oop [248]=Oop [264]=Oop [272]=Oop [280]=Oop [304]=Oop }
                      ;*athrow {reexecute=1 rethrow=0 return_oop=0}
                      ; - (reexecute) ai.onnxruntime.OrtSession::run@322 (line 384)
  0x00000288ce2288f8: 0002 0000 

  0x00000288ce2288fc: ;   {section_word}
  0x00000288ce2288fc: 48ba fc88 | 22ce 8802 

  0x00000288ce228904: ;   {runtime_call handle_exception_nofpu Runtime1 stub}
  0x00000288ce228904: 0000 e875 

  0x00000288ce228908: ;*athrow {reexecute=0 rethrow=0 return_oop=0}
                      ; - ai.onnxruntime.OrtSession::run@322 (line 384)
  0x00000288ce228908: cc03 0790 | 0f1f 4000 

  0x00000288ce228910: ;   {no_reloc}
  0x00000288ce228910: e956 1200 | 0000 0000 | 0000 80ba | 3101 0000 | 040f 8553 | 1200 0049 | 8b87 b801 | 0000 488d 
  0x00000288ce228930: 7828 493b | bfc8 0100 | 000f 873b | 1200 0049 | 89bf b801 | 0000 48c7 | 0001 0000 | 0048 8bca 
  0x00000288ce228950: 49ba 0000 | 0080 8802 | 0000 492b | ca89 4808 | 4833 c989 | 480c 4833 | c948 8948 | 1048 8948 
  0x00000288ce228970: 1848 8948 

  0x00000288ce228974: ;*new {reexecute=0 rethrow=0 return_oop=0}
                      ; - ai.onnxruntime.OrtSession::run@115 (line 368)
                      ;   {metadata('java/lang/StringBuilder')}
  0x00000288ce228974: 2048 ba38 | 8200 8088 | 0200 0048 | 8984 2430 | 0200 0049 | 8b87 b801 | 0000 488d | 7818 493b 
  0x00000288ce228994: bfc8 0100 | 000f 87e8 | 1100 0049 | 89bf b801 | 0000 48c7 | 0001 0000 | 0048 8bca | 49ba 0000 
  0x00000288ce2289b4: 0080 8802 | 0000 492b | ca89 4808 | 4833 c989 | 480c 4833 | c948 8948 

  0x00000288ce2289cc: ;*new {reexecute=0 rethrow=0 return_oop=0}
                      ; - ai.onnxruntime.OrtSession::run@119 (line 368)
  0x00000288ce2289cc: 104c 8bc0 

  0x00000288ce2289d0: ;   {metadata(method data for {method} {0x00000288e7470da0} 'run' '(Ljava/util/Map;Ljava/util/Set;Ljava/util/Map;Lai/onnxruntime/OrtSession$RunOptions;)Lai/onnxruntime/OrtSession$Result;' in 'ai/onnxruntime/OrtSession')}
  0x00000288ce2289d0: 48ba f882 | ade7 8802 | 0000 4883 | 8220 0400 

  0x00000288ce2289e0: ;   {metadata(method data for {method} {0x0000028880463b88} '<init>' '()V' in 'java/lang/StringBuilder')}
  0x00000288ce2289e0: 0001 49b8 | c0db 00e7 | 8802 0000 | 418b 90cc | 0000 0083 | c202 4189 | 90cc 0000 | 0081 e2fe 
  0x00000288ce228a00: ff1f 0085 | d20f 8489 | 1100 004c 

  0x00000288ce228a0c: ;   {metadata(method data for {method} {0x0000028880463b88} '<init>' '()V' in 'java/lang/StringBuilder')}
  0x00000288ce228a0c: 8bc0 48ba | c0db 00e7 | 8802 0000 | 4883 8210 | 0100 0001 | 41b8 1000 | 0000 488b 

  0x00000288ce228a28: ;*invokespecial <init> {reexecute=0 rethrow=0 return_oop=0}
                      ; - java.lang.StringBuilder::<init>@3 (line 106)
                      ; - ai.onnxruntime.OrtSession::run@123 (line 368)
  0x00000288ce228a28: d048 8984 | 2428 0200 | 0066 0f1f 

  0x00000288ce228a34: ;   {optimized virtual_call}
  0x00000288ce228a34: 4400 00e8 

  0x00000288ce228a38: ; ImmutableOopMap {[216]=Oop [224]=Oop [232]=Oop [240]=Oop [248]=Oop [552]=Oop [560]=Oop }
                      ;*invokespecial <init> {reexecute=0 rethrow=0 return_oop=0}
                      ; - java.lang.StringBuilder::<init>@3 (line 106)
                      ; - ai.onnxruntime.OrtSession::run@123 (line 368)
  0x00000288ce228a38: 4460 f606 

  0x00000288ce228a3c: ;   {other}
  0x00000288ce228a3c: 0f1f 8400 

  0x00000288ce228a40: ;*invokespecial <init> {reexecute=0 rethrow=0 return_oop=0}
                      ; - java.lang.StringBuilder::<init>@3 (line 106)
                      ; - ai.onnxruntime.OrtSession::run@123 (line 368)
  0x00000288ce228a40: 2c51 0049 | 488b 8424 | 2802 0000 

  0x00000288ce228a4c: ;   {metadata(method data for {method} {0x00000288e7470da0} 'run' '(Ljava/util/Map;Ljava/util/Set;Ljava/util/Map;Lai/onnxruntime/OrtSession$RunOptions;)Lai/onnxruntime/OrtSession$Result;' in 'ai/onnxruntime/OrtSession')}
  0x00000288ce228a4c: 49b8 f882 | ade7 8802 | 0000 4983 | 8030 0400 

  0x00000288ce228a5c: ;   {metadata(method data for {method} {0x0000028880463978} 'append' '(Ljava/lang/String;)Ljava/lang/StringBuilder;' in 'java/lang/StringBuilder')}
  0x00000288ce228a5c: 0001 49b8 | b0de 00e7 | 8802 0000 | 418b 90cc | 0000 0083 | c202 4189 | 90cc 0000 | 0081 e2fe 
  0x00000288ce228a7c: ff1f 0085 | d20f 842e | 1100 0048 | 8b84 2428 

  0x00000288ce228a8c: ;   {metadata(method data for {method} {0x0000028880463978} 'append' '(Ljava/lang/String;)Ljava/lang/StringBuilder;' in 'java/lang/StringBuilder')}
  0x00000288ce228a8c: 0200 0049 | b8b0 de00 | e788 0200 | 0049 8380 | 1001 0000 

  0x00000288ce228aa0: ;   {oop("Unexpected number of requestedOutputs & pinnedOutputs, expected [1,"{0x000000070dc7b120})}
  0x00000288ce228aa0: 0149 b820 | b1c7 0d07 | 0000 0048 | 8b94 2428 

  0x00000288ce228ab0: ;*invokespecial append {reexecute=0 rethrow=0 return_oop=0}
                      ; - java.lang.StringBuilder::append@2 (line 179)
                      ; - ai.onnxruntime.OrtSession::run@128 (line 368)
  0x00000288ce228ab0: 0200 000f 

  0x00000288ce228ab4: ;   {optimized virtual_call}
  0x00000288ce228ab4: 1f40 00e8 

  0x00000288ce228ab8: ; ImmutableOopMap {[216]=Oop [224]=Oop [232]=Oop [240]=Oop [248]=Oop [552]=Oop [560]=Oop }
                      ;*invokespecial append {reexecute=0 rethrow=0 return_oop=0}
                      ; - java.lang.StringBuilder::append@2 (line 179)
                      ; - ai.onnxruntime.OrtSession::run@128 (line 368)
  0x00000288ce228ab8: c45f f606 

  0x00000288ce228abc: ;   {other}
  0x00000288ce228abc: 0f1f 8400 

  0x00000288ce228ac0: ;*invokespecial append {reexecute=0 rethrow=0 return_oop=0}
                      ; - java.lang.StringBuilder::append@2 (line 179)
                      ; - ai.onnxruntime.OrtSession::run@128 (line 368)
  0x00000288ce228ac0: ac51 004a | 488b 9424 | d800 0000 

  0x00000288ce228acc: ;*getfield numOutputs {reexecute=0 rethrow=0 return_oop=0}
                      ; - ai.onnxruntime.OrtSession::run@132 (line 368)
  0x00000288ce228acc: 488b 7220 | 488b 8424 | 2802 0000 

  0x00000288ce228ad8: ;   {metadata(method data for {method} {0x00000288e7470da0} 'run' '(Ljava/util/Map;Ljava/util/Set;Ljava/util/Map;Lai/onnxruntime/OrtSession$RunOptions;)Lai/onnxruntime/OrtSession$Result;' in 'ai/onnxruntime/OrtSession')}
  0x00000288ce228ad8: 49b8 f882 | ade7 8802 | 0000 4983 | 8068 0400 

  0x00000288ce228ae8: ;   {metadata(method data for {method} {0x00000288804638c8} 'append' '(J)Ljava/lang/StringBuilder;' in 'java/lang/StringBuilder')}
  0x00000288ce228ae8: 0001 49b8 | 600e 8de7 | 8802 0000 | 418b b8cc | 0000 0083 | c702 4189 | b8cc 0000 | 0081 e7fe 
  0x00000288ce228b08: ff1f 0085 | ff0f 84c3 | 1000 0048 | 8b84 2428 

  0x00000288ce228b18: ;   {metadata(method data for {method} {0x00000288804638c8} 'append' '(J)Ljava/lang/StringBuilder;' in 'java/lang/StringBuilder')}
  0x00000288ce228b18: 0200 0049 | b860 0e8d | e788 0200 | 0049 8380 | 1001 0000 | 014c 8bc6 | 488b 9424 

  0x00000288ce228b34: ;*invokespecial append {reexecute=0 rethrow=0 return_oop=0}
                      ; - java.lang.StringBuilder::append@2 (line 259)
                      ; - ai.onnxruntime.OrtSession::run@135 (line 368)
  0x00000288ce228b34: 2802 0000 | 4889 b424 | 3802 0000 | 0f1f 8000 

  0x00000288ce228b44: ;   {optimized virtual_call}
  0x00000288ce228b44: 0000 00e8 

  0x00000288ce228b48: ; ImmutableOopMap {[216]=Oop [224]=Oop [232]=Oop [240]=Oop [248]=Oop [552]=Oop [560]=Oop }
                      ;*invokespecial append {reexecute=0 rethrow=0 return_oop=0}
                      ; - java.lang.StringBuilder::append@2 (line 259)
                      ; - ai.onnxruntime.OrtSession::run@135 (line 368)
  0x00000288ce228b48: 345f f606 

  0x00000288ce228b4c: ;   {other}
  0x00000288ce228b4c: 0f1f 8400 

  0x00000288ce228b50: ;*invokespecial append {reexecute=0 rethrow=0 return_oop=0}
                      ; - java.lang.StringBuilder::append@2 (line 259)
                      ; - ai.onnxruntime.OrtSession::run@135 (line 368)
  0x00000288ce228b50: 3c52 004b | 488b 8424 | 2802 0000 

  0x00000288ce228b5c: ;   {metadata(method data for {method} {0x00000288e7470da0} 'run' '(Ljava/util/Map;Ljava/util/Set;Ljava/util/Map;Lai/onnxruntime/OrtSession$RunOptions;)Lai/onnxruntime/OrtSession$Result;' in 'ai/onnxruntime/OrtSession')}
  0x00000288ce228b5c: 49b8 f882 | ade7 8802 | 0000 4983 | 80a0 0400 

  0x00000288ce228b6c: ;   {metadata(method data for {method} {0x0000028880463978} 'append' '(Ljava/lang/String;)Ljava/lang/StringBuilder;' in 'java/lang/StringBuilder')}
  0x00000288ce228b6c: 0001 49b8 | b0de 00e7 | 8802 0000 | 418b 90cc | 0000 0083 | c202 4189 | 90cc 0000 | 0081 e2fe 
  0x00000288ce228b8c: ff1f 0085 | d20f 8460 | 1000 0048 | 8b84 2428 

  0x00000288ce228b9c: ;   {metadata(method data for {method} {0x0000028880463978} 'append' '(Ljava/lang/String;)Ljava/lang/StringBuilder;' in 'java/lang/StringBuilder')}
  0x00000288ce228b9c: 0200 0049 | b8b0 de00 | e788 0200 | 0049 8380 | 1001 0000 

  0x00000288ce228bb0: ;   {oop(") found "{0x000000070dc7b190})}
  0x00000288ce228bb0: 0149 b890 | b1c7 0d07 | 0000 0048 | 8b94 2428 

  0x00000288ce228bc0: ;*invokespecial append {reexecute=0 rethrow=0 return_oop=0}
                      ; - java.lang.StringBuilder::append@2 (line 179)
                      ; - ai.onnxruntime.OrtSession::run@140 (line 368)
  0x00000288ce228bc0: 0200 000f 

  0x00000288ce228bc4: ;   {optimized virtual_call}
  0x00000288ce228bc4: 1f40 00e8 

  0x00000288ce228bc8: ; ImmutableOopMap {[216]=Oop [224]=Oop [232]=Oop [240]=Oop [248]=Oop [552]=Oop [560]=Oop }
                      ;*invokespecial append {reexecute=0 rethrow=0 return_oop=0}
                      ; - java.lang.StringBuilder::append@2 (line 179)
                      ; - ai.onnxruntime.OrtSession::run@140 (line 368)
  0x00000288ce228bc8: b45e f606 

  0x00000288ce228bcc: ;   {other}
  0x00000288ce228bcc: 0f1f 8400 

  0x00000288ce228bd0: ;*invokespecial append {reexecute=0 rethrow=0 return_oop=0}
                      ; - java.lang.StringBuilder::append@2 (line 179)
                      ; - ai.onnxruntime.OrtSession::run@140 (line 368)
  0x00000288ce228bd0: bc52 004c | 488b 8424 | 2802 0000 

  0x00000288ce228bdc: ;   {metadata(method data for {method} {0x00000288e7470da0} 'run' '(Ljava/util/Map;Ljava/util/Set;Ljava/util/Map;Lai/onnxruntime/OrtSession$RunOptions;)Lai/onnxruntime/OrtSession$Result;' in 'ai/onnxruntime/OrtSession')}
  0x00000288ce228bdc: 49b8 f882 | ade7 8802 | 0000 4983 | 80d8 0400 

  0x00000288ce228bec: ;   {metadata(method data for {method} {0x0000028880463710} 'append' '(I)Ljava/lang/StringBuilder;' in 'java/lang/StringBuilder')}
  0x00000288ce228bec: 0001 49b8 | d8e3 00e7 | 8802 0000 | 418b 90cc | 0000 0083 | c202 4189 | 90cc 0000 | 0081 e2fe 
  0x00000288ce228c0c: ff1f 0085 | d20f 8401 | 1000 0048 | 8b84 2428 

  0x00000288ce228c1c: ;   {metadata(method data for {method} {0x0000028880463710} 'append' '(I)Ljava/lang/StringBuilder;' in 'java/lang/StringBuilder')}
  0x00000288ce228c1c: 0200 0049 | b8d8 e300 | e788 0200 | 0049 8380 | 1001 0000 | 0144 8b84 | 2404 0100 | 0048 8b94 
  0x00000288ce228c3c: 2428 0200 

  0x00000288ce228c40: ;*invokespecial append {reexecute=0 rethrow=0 return_oop=0}
                      ; - java.lang.StringBuilder::append@2 (line 253)
                      ; - ai.onnxruntime.OrtSession::run@145 (line 368)
  0x00000288ce228c40: 0066 0f1f 

  0x00000288ce228c44: ;   {optimized virtual_call}
  0x00000288ce228c44: 4400 00e8 

  0x00000288ce228c48: ; ImmutableOopMap {[216]=Oop [224]=Oop [232]=Oop [240]=Oop [248]=Oop [552]=Oop [560]=Oop }
                      ;*invokespecial append {reexecute=0 rethrow=0 return_oop=0}
                      ; - java.lang.StringBuilder::append@2 (line 253)
                      ; - ai.onnxruntime.OrtSession::run@145 (line 368)
  0x00000288ce228c48: 345e f606 

  0x00000288ce228c4c: ;   {other}
  0x00000288ce228c4c: 0f1f 8400 

  0x00000288ce228c50: ;*invokespecial append {reexecute=0 rethrow=0 return_oop=0}
                      ; - java.lang.StringBuilder::append@2 (line 253)
                      ; - ai.onnxruntime.OrtSession::run@145 (line 368)
  0x00000288ce228c50: 3c53 004d | 488b 8424 | 2802 0000 

  0x00000288ce228c5c: ;   {metadata(method data for {method} {0x00000288e7470da0} 'run' '(Ljava/util/Map;Ljava/util/Set;Ljava/util/Map;Lai/onnxruntime/OrtSession$RunOptions;)Lai/onnxruntime/OrtSession$Result;' in 'ai/onnxruntime/OrtSession')}
  0x00000288ce228c5c: 48ba f882 | ade7 8802 | 0000 4883 | 8210 0500 

  0x00000288ce228c6c: ;   {metadata(method data for {method} {0x0000028880008b50} 'toString' '()Ljava/lang/String;' in 'java/lang/StringBuilder')}
  0x00000288ce228c6c: 0001 48ba | 58e7 00e7 | 8802 0000 | 8bb2 cc00 | 0000 83c6 | 0289 b2cc | 0000 0081 | e6fe ff1f 
  0x00000288ce228c8c: 0085 f60f | 84a4 0f00 

  0x00000288ce228c94: ;   {metadata('java/lang/String')}
  0x00000288ce228c94: 0048 ba70 | ea00 8088 | 0200 0049 | 8b87 b801 | 0000 488d | 7818 493b | bfc8 0100 | 000f 87a3 
  0x00000288ce228cb4: 0f00 0049 | 89bf b801 | 0000 48c7 | 0001 0000 | 0048 8bca | 49ba 0000 | 0080 8802 | 0000 492b 
  0x00000288ce228cd4: ca89 4808 | 4833 c989 | 480c 4833 | c948 8948 

  0x00000288ce228ce4: ;*new {reexecute=0 rethrow=0 return_oop=0}
                      ; - java.lang.StringBuilder::toString@0 (line 475)
                      ; - ai.onnxruntime.OrtSession::run@148 (line 368)
  0x00000288ce228ce4: 104c 8bc0 

  0x00000288ce228ce8: ;   {metadata(method data for {method} {0x0000028880008b50} 'toString' '()Ljava/lang/String;' in 'java/lang/StringBuilder')}
  0x00000288ce228ce8: 49b9 58e7 | 00e7 8802 | 0000 4983 | 8110 0100 

  0x00000288ce228cf8: ;   {metadata(method data for {method} {0x0000028880457cb0} '<init>' '(Ljava/lang/StringBuilder;)V' in 'java/lang/String')}
  0x00000288ce228cf8: 0001 49b8 | 00e9 00e7 | 8802 0000 | 458b 88cc | 0000 0041 | 83c1 0245 | 8988 cc00 | 0000 4181 
  0x00000288ce228d18: e1fe ff1f | 0045 85c9 | 0f84 410f | 0000 4c8b 

  0x00000288ce228d28: ;   {metadata(method data for {method} {0x0000028880457cb0} '<init>' '(Ljava/lang/StringBuilder;)V' in 'java/lang/String')}
  0x00000288ce228d28: c049 b900 | e900 e788 | 0200 0049 | 8381 1001 | 0000 014c | 8b84 2428 

  0x00000288ce228d40: ;   {oop(nullptr)}
  0x00000288ce228d40: 0200 0049 | b900 0000 | 0000 0000 

  0x00000288ce228d4c: ;*invokespecial <init> {reexecute=0 rethrow=0 return_oop=0}
                      ; - java.lang.String::<init>@3 (line 1507)
                      ; - java.lang.StringBuilder::toString@5 (line 475)
                      ; - ai.onnxruntime.OrtSession::run@148 (line 368)
  0x00000288ce228d4c: 0048 8bd0 | 4889 8424 | 4002 0000 | 0f1f 8000 

  0x00000288ce228d5c: ;   {optimized virtual_call}
  0x00000288ce228d5c: 0000 00e8 

  0x00000288ce228d60: ; ImmutableOopMap {[216]=Oop [224]=Oop [232]=Oop [240]=Oop [248]=Oop [552]=Oop [560]=Oop [576]=Oop }
                      ;*invokespecial <init> {reexecute=0 rethrow=0 return_oop=0}
                      ; - java.lang.String::<init>@3 (line 1507)
                      ; - java.lang.StringBuilder::toString@5 (line 475)
                      ; - ai.onnxruntime.OrtSession::run@148 (line 368)
  0x00000288ce228d60: 1c5d f606 

  0x00000288ce228d64: ;   {other}
  0x00000288ce228d64: 0f1f 8400 

  0x00000288ce228d68: ;*invokespecial <init> {reexecute=0 rethrow=0 return_oop=0}
                      ; - java.lang.String::<init>@3 (line 1507)
                      ; - java.lang.StringBuilder::toString@5 (line 475)
                      ; - ai.onnxruntime.OrtSession::run@148 (line 368)
  0x00000288ce228d68: 5454 004e | 488b 8424 | 3002 0000 

  0x00000288ce228d74: ;   {metadata(method data for {method} {0x00000288e7470da0} 'run' '(Ljava/util/Map;Ljava/util/Set;Ljava/util/Map;Lai/onnxruntime/OrtSession$RunOptions;)Lai/onnxruntime/OrtSession$Result;' in 'ai/onnxruntime/OrtSession')}
  0x00000288ce228d74: 49b8 f882 | ade7 8802 | 0000 4983 | 8048 0500 | 0001 4c8b | 8424 4002 | 0000 488b | 9424 3002 
  0x00000288ce228d94: ;*invokespecial <init> {reexecute=0 rethrow=0 return_oop=0}
                      ; - ai.onnxruntime.OrtSession::run@151 (line 368)
                      ;   {optimized virtual_call}
  0x00000288ce228d94: 0000 90e8 

  0x00000288ce228d98: ; ImmutableOopMap {[216]=Oop [224]=Oop [232]=Oop [240]=Oop [248]=Oop [560]=Oop }
                      ;*invokespecial <init> {reexecute=0 rethrow=0 return_oop=0}
                      ; - ai.onnxruntime.OrtSession::run@151 (line 368)
  0x00000288ce228d98: e45c f606 

  0x00000288ce228d9c: ;   {other}
  0x00000288ce228d9c: 0f1f 8400 

  0x00000288ce228da0: ;*invokespecial <init> {reexecute=0 rethrow=0 return_oop=0}
                      ; - ai.onnxruntime.OrtSession::run@151 (line 368)
  0x00000288ce228da0: 8c54 004f | 488b 8424 

  0x00000288ce228da8: ; ImmutableOopMap {rax=Oop [216]=Oop [224]=Oop [232]=Oop [240]=Oop [248]=Oop }
                      ;*athrow {reexecute=1 rethrow=0 return_oop=0}
                      ; - (reexecute) ai.onnxruntime.OrtSession::run@154 (line 368)
  0x00000288ce228da8: 3002 0000 

  0x00000288ce228dac: ;   {section_word}
  0x00000288ce228dac: 48ba ac8d | 22ce 8802 

  0x00000288ce228db4: ;   {runtime_call handle_exception_nofpu Runtime1 stub}
  0x00000288ce228db4: 0000 e8c5 

  0x00000288ce228db8: ;*athrow {reexecute=0 rethrow=0 return_oop=0}
                      ; - ai.onnxruntime.OrtSession::run@154 (line 368)
  0x00000288ce228db8: c703 0790 | 0f1f 4000 

  0x00000288ce228dc0: ;   {no_reloc}
  0x00000288ce228dc0: e9d2 0e00 | 0000 0000 | 0000 80ba | 3101 0000 | 040f 85cf | 0e00 0049 | 8b87 b801 | 0000 488d 
  0x00000288ce228de0: 7828 493b | bfc8 0100 | 000f 87b7 | 0e00 0049 | 89bf b801 | 0000 48c7 | 0001 0000 | 0048 8bca 
  0x00000288ce228e00: 49ba 0000 | 0080 8802 | 0000 492b | ca89 4808 | 4833 c989 | 480c 4833 | c948 8948 | 1048 8948 
  0x00000288ce228e20: 1848 8948 

  0x00000288ce228e24: ;*new {reexecute=0 rethrow=0 return_oop=0}
                      ; - ai.onnxruntime.OrtSession::run@40 (line 363)
                      ;   {metadata('java/lang/StringBuilder')}
  0x00000288ce228e24: 2048 ba38 | 8200 8088 | 0200 0048 | 8984 2450 | 0200 0049 | 8b87 b801 | 0000 488d | 7818 493b 
  0x00000288ce228e44: bfc8 0100 | 000f 8764 | 0e00 0049 | 89bf b801 | 0000 48c7 | 0001 0000 | 0048 8bca | 49ba 0000 
  0x00000288ce228e64: 0080 8802 | 0000 492b | ca89 4808 | 4833 c989 | 480c 4833 | c948 8948 

  0x00000288ce228e7c: ;*new {reexecute=0 rethrow=0 return_oop=0}
                      ; - ai.onnxruntime.OrtSession::run@44 (line 363)
  0x00000288ce228e7c: 104c 8bc0 

  0x00000288ce228e80: ;   {metadata(method data for {method} {0x00000288e7470da0} 'run' '(Ljava/util/Map;Ljava/util/Set;Ljava/util/Map;Lai/onnxruntime/OrtSession$RunOptions;)Lai/onnxruntime/OrtSession$Result;' in 'ai/onnxruntime/OrtSession')}
  0x00000288ce228e80: 48ba f882 | ade7 8802 | 0000 4883 | 8200 0200 

  0x00000288ce228e90: ;   {metadata(method data for {method} {0x0000028880463b88} '<init>' '()V' in 'java/lang/StringBuilder')}
  0x00000288ce228e90: 0001 49b8 | c0db 00e7 | 8802 0000 | 418b 90cc | 0000 0083 | c202 4189 | 90cc 0000 | 0081 e2fe 
  0x00000288ce228eb0: ff1f 0085 | d20f 8405 | 0e00 004c 

  0x00000288ce228ebc: ;   {metadata(method data for {method} {0x0000028880463b88} '<init>' '()V' in 'java/lang/StringBuilder')}
  0x00000288ce228ebc: 8bc0 48ba | c0db 00e7 | 8802 0000 | 4883 8210 | 0100 0001 | 41b8 1000 | 0000 488b 

  0x00000288ce228ed8: ;*invokespecial <init> {reexecute=0 rethrow=0 return_oop=0}
                      ; - java.lang.StringBuilder::<init>@3 (line 106)
                      ; - ai.onnxruntime.OrtSession::run@48 (line 363)
  0x00000288ce228ed8: d048 8984 | 2448 0200 | 0066 0f1f 

  0x00000288ce228ee4: ;   {optimized virtual_call}
  0x00000288ce228ee4: 4400 00e8 

  0x00000288ce228ee8: ; ImmutableOopMap {[216]=Oop [224]=Oop [232]=Oop [240]=Oop [248]=Oop [584]=Oop [592]=Oop }
                      ;*invokespecial <init> {reexecute=0 rethrow=0 return_oop=0}
                      ; - java.lang.StringBuilder::<init>@3 (line 106)
                      ; - ai.onnxruntime.OrtSession::run@48 (line 363)
  0x00000288ce228ee8: 945b f606 

  0x00000288ce228eec: ;   {other}
  0x00000288ce228eec: 0f1f 8400 

  0x00000288ce228ef0: ;*invokespecial <init> {reexecute=0 rethrow=0 return_oop=0}
                      ; - java.lang.StringBuilder::<init>@3 (line 106)
                      ; - ai.onnxruntime.OrtSession::run@48 (line 363)
  0x00000288ce228ef0: dc55 0051 | 488b 8424 | 4802 0000 

  0x00000288ce228efc: ;   {metadata(method data for {method} {0x00000288e7470da0} 'run' '(Ljava/util/Map;Ljava/util/Set;Ljava/util/Map;Lai/onnxruntime/OrtSession$RunOptions;)Lai/onnxruntime/OrtSession$Result;' in 'ai/onnxruntime/OrtSession')}
  0x00000288ce228efc: 49b8 f882 | ade7 8802 | 0000 4983 | 8010 0200 

  0x00000288ce228f0c: ;   {metadata(method data for {method} {0x0000028880463978} 'append' '(Ljava/lang/String;)Ljava/lang/StringBuilder;' in 'java/lang/StringBuilder')}
  0x00000288ce228f0c: 0001 49b8 | b0de 00e7 | 8802 0000 | 418b 90cc | 0000 0083 | c202 4189 | 90cc 0000 | 0081 e2fe 
  0x00000288ce228f2c: ff1f 0085 | d20f 84aa | 0d00 0048 | 8b84 2448 

  0x00000288ce228f3c: ;   {metadata(method data for {method} {0x0000028880463978} 'append' '(Ljava/lang/String;)Ljava/lang/StringBuilder;' in 'java/lang/StringBuilder')}
  0x00000288ce228f3c: 0200 0049 | b8b0 de00 | e788 0200 | 0049 8380 | 1001 0000 

  0x00000288ce228f50: ;   {oop("Unexpected number of inputs, expected [1,"{0x000000070dc7b1c0})}
  0x00000288ce228f50: 0149 b8c0 | b1c7 0d07 | 0000 0048 | 8b94 2448 

  0x00000288ce228f60: ;*invokespecial append {reexecute=0 rethrow=0 return_oop=0}
                      ; - java.lang.StringBuilder::append@2 (line 179)
                      ; - ai.onnxruntime.OrtSession::run@53 (line 363)
  0x00000288ce228f60: 0200 000f 

  0x00000288ce228f64: ;   {optimized virtual_call}
  0x00000288ce228f64: 1f40 00e8 

  0x00000288ce228f68: ; ImmutableOopMap {[216]=Oop [224]=Oop [232]=Oop [240]=Oop [248]=Oop [584]=Oop [592]=Oop }
                      ;*invokespecial append {reexecute=0 rethrow=0 return_oop=0}
                      ; - java.lang.StringBuilder::append@2 (line 179)
                      ; - ai.onnxruntime.OrtSession::run@53 (line 363)
  0x00000288ce228f68: 145b f606 

  0x00000288ce228f6c: ;   {other}
  0x00000288ce228f6c: 0f1f 8400 

  0x00000288ce228f70: ;*invokespecial append {reexecute=0 rethrow=0 return_oop=0}
                      ; - java.lang.StringBuilder::append@2 (line 179)
                      ; - ai.onnxruntime.OrtSession::run@53 (line 363)
  0x00000288ce228f70: 5c56 0052 | 488b 9424 | d800 0000 

  0x00000288ce228f7c: ;*getfield numInputs {reexecute=0 rethrow=0 return_oop=0}
                      ; - ai.onnxruntime.OrtSession::run@57 (line 363)
  0x00000288ce228f7c: 488b 7218 | 488b 8424 | 4802 0000 

  0x00000288ce228f88: ;   {metadata(method data for {method} {0x00000288e7470da0} 'run' '(Ljava/util/Map;Ljava/util/Set;Ljava/util/Map;Lai/onnxruntime/OrtSession$RunOptions;)Lai/onnxruntime/OrtSession$Result;' in 'ai/onnxruntime/OrtSession')}
  0x00000288ce228f88: 49b8 f882 | ade7 8802 | 0000 4983 | 8048 0200 

  0x00000288ce228f98: ;   {metadata(method data for {method} {0x00000288804638c8} 'append' '(J)Ljava/lang/StringBuilder;' in 'java/lang/StringBuilder')}
  0x00000288ce228f98: 0001 49b8 | 600e 8de7 | 8802 0000 | 418b b8cc | 0000 0083 | c702 4189 | b8cc 0000 | 0081 e7fe 
  0x00000288ce228fb8: ff1f 0085 | ff0f 843f | 0d00 0048 | 8b84 2448 

  0x00000288ce228fc8: ;   {metadata(method data for {method} {0x00000288804638c8} 'append' '(J)Ljava/lang/StringBuilder;' in 'java/lang/StringBuilder')}
  0x00000288ce228fc8: 0200 0049 | b860 0e8d | e788 0200 | 0049 8380 | 1001 0000 | 014c 8bc6 | 488b 9424 

  0x00000288ce228fe4: ;*invokespecial append {reexecute=0 rethrow=0 return_oop=0}
                      ; - java.lang.StringBuilder::append@2 (line 259)
                      ; - ai.onnxruntime.OrtSession::run@60 (line 363)
  0x00000288ce228fe4: 4802 0000 | 4889 b424 | 5802 0000 | 0f1f 8000 

  0x00000288ce228ff4: ;   {optimized virtual_call}
  0x00000288ce228ff4: 0000 00e8 

  0x00000288ce228ff8: ; ImmutableOopMap {[216]=Oop [224]=Oop [232]=Oop [240]=Oop [248]=Oop [584]=Oop [592]=Oop }
                      ;*invokespecial append {reexecute=0 rethrow=0 return_oop=0}
                      ; - java.lang.StringBuilder::append@2 (line 259)
                      ; - ai.onnxruntime.OrtSession::run@60 (line 363)
  0x00000288ce228ff8: 845a f606 

  0x00000288ce228ffc: ;   {other}
  0x00000288ce228ffc: 0f1f 8400 

  0x00000288ce229000: ;*invokespecial append {reexecute=0 rethrow=0 return_oop=0}
                      ; - java.lang.StringBuilder::append@2 (line 259)
                      ; - ai.onnxruntime.OrtSession::run@60 (line 363)
  0x00000288ce229000: ec56 0053 | 488b 8424 | 4802 0000 

  0x00000288ce22900c: ;   {metadata(method data for {method} {0x00000288e7470da0} 'run' '(Ljava/util/Map;Ljava/util/Set;Ljava/util/Map;Lai/onnxruntime/OrtSession$RunOptions;)Lai/onnxruntime/OrtSession$Result;' in 'ai/onnxruntime/OrtSession')}
  0x00000288ce22900c: 49b8 f882 | ade7 8802 | 0000 4983 | 8080 0200 

  0x00000288ce22901c: ;   {metadata(method data for {method} {0x0000028880463978} 'append' '(Ljava/lang/String;)Ljava/lang/StringBuilder;' in 'java/lang/StringBuilder')}
  0x00000288ce22901c: 0001 49b8 | b0de 00e7 | 8802 0000 | 418b 90cc | 0000 0083 | c202 4189 | 90cc 0000 | 0081 e2fe 
  0x00000288ce22903c: ff1f 0085 | d20f 84dc | 0c00 0048 | 8b84 2448 

  0x00000288ce22904c: ;   {metadata(method data for {method} {0x0000028880463978} 'append' '(Ljava/lang/String;)Ljava/lang/StringBuilder;' in 'java/lang/StringBuilder')}
  0x00000288ce22904c: 0200 0049 | b8b0 de00 | e788 0200 | 0049 8380 | 1001 0000 

  0x00000288ce229060: ;   {oop(") found "{0x000000070dc7b190})}
  0x00000288ce229060: 0149 b890 | b1c7 0d07 | 0000 0048 | 8b94 2448 

  0x00000288ce229070: ;*invokespecial append {reexecute=0 rethrow=0 return_oop=0}
                      ; - java.lang.StringBuilder::append@2 (line 179)
                      ; - ai.onnxruntime.OrtSession::run@65 (line 363)
  0x00000288ce229070: 0200 000f 

  0x00000288ce229074: ;   {optimized virtual_call}
  0x00000288ce229074: 1f40 00e8 

  0x00000288ce229078: ; ImmutableOopMap {[216]=Oop [224]=Oop [232]=Oop [240]=Oop [248]=Oop [584]=Oop [592]=Oop }
                      ;*invokespecial append {reexecute=0 rethrow=0 return_oop=0}
                      ; - java.lang.StringBuilder::append@2 (line 179)
                      ; - ai.onnxruntime.OrtSession::run@65 (line 363)
  0x00000288ce229078: 045a f606 

  0x00000288ce22907c: ;   {other}
  0x00000288ce22907c: 0f1f 8400 

  0x00000288ce229080: ;*invokespecial append {reexecute=0 rethrow=0 return_oop=0}
                      ; - java.lang.StringBuilder::append@2 (line 179)
                      ; - ai.onnxruntime.OrtSession::run@65 (line 363)
  0x00000288ce229080: 6c57 0054 | 4c8b 8424 | e000 0000 

  0x00000288ce22908c: ;   {metadata(method data for {method} {0x00000288e7470da0} 'run' '(Ljava/util/Map;Ljava/util/Set;Ljava/util/Map;Lai/onnxruntime/OrtSession$RunOptions;)Lai/onnxruntime/OrtSession$Result;' in 'ai/onnxruntime/OrtSession')}
  0x00000288ce22908c: 48ba f882 | ade7 8802 | 0000 458b | 4008 49ba | 0000 0080 | 8802 0000 | 4d03 c24c | 3b82 c802 
  0x00000288ce2290ac: 0000 750d | 4883 82d0 | 0200 0001 | e960 0000 | 004c 3b82 | d802 0000 | 750d 4883 | 82e0 0200 
  0x00000288ce2290cc: 0001 e94a | 0000 0048 | 83ba c802 | 0000 0075 | 174c 8982 | c802 0000 | 48c7 82d0 | 0200 0001 
  0x00000288ce2290ec: 0000 00e9 | 2900 0000 | 4883 bad8 | 0200 0000 | 7517 4c89 | 82d8 0200 | 0048 c782 | e002 0000 
  0x00000288ce22910c: 0100 0000 | e908 0000 | 0048 8382 | b802 0000 | 0148 8b94 | 24e0 0000 

  0x00000288ce229124: ;*invokeinterface size {reexecute=0 rethrow=0 return_oop=0}
                      ; - ai.onnxruntime.OrtSession::run@69 (line 364)
  0x00000288ce229124: 0048 b8ff | ffff ffff 

  0x00000288ce22912c: ;   {virtual_call}
  0x00000288ce22912c: ffff ffe8 

  0x00000288ce229130: ; ImmutableOopMap {[216]=Oop [224]=Oop [232]=Oop [240]=Oop [248]=Oop [584]=Oop [592]=Oop }
                      ;*invokeinterface size {reexecute=0 rethrow=0 return_oop=0}
                      ; - ai.onnxruntime.OrtSession::run@69 (line 364)
  0x00000288ce229130: 4c5c f606 

  0x00000288ce229134: ;   {other}
  0x00000288ce229134: 0f1f 8400 

  0x00000288ce229138: ;*invokeinterface size {reexecute=0 rethrow=0 return_oop=0}
                      ; - ai.onnxruntime.OrtSession::run@69 (line 364)
  0x00000288ce229138: 2458 0055 | 4c8b 8424 | 4802 0000 

  0x00000288ce229144: ;   {metadata(method data for {method} {0x00000288e7470da0} 'run' '(Ljava/util/Map;Ljava/util/Set;Ljava/util/Map;Lai/onnxruntime/OrtSession$RunOptions;)Lai/onnxruntime/OrtSession$Result;' in 'ai/onnxruntime/OrtSession')}
  0x00000288ce229144: 48ba f882 | ade7 8802 | 0000 4883 | 82f0 0200 

  0x00000288ce229154: ;   {metadata(method data for {method} {0x0000028880463710} 'append' '(I)Ljava/lang/StringBuilder;' in 'java/lang/StringBuilder')}
  0x00000288ce229154: 0001 49b8 | d8e3 00e7 | 8802 0000 | 418b 90cc | 0000 0083 | c202 4189 | 90cc 0000 | 0081 e2fe 
  0x00000288ce229174: ff1f 0085 | d20f 84c5 | 0b00 004c | 8b84 2448 

  0x00000288ce229184: ;   {metadata(method data for {method} {0x0000028880463710} 'append' '(I)Ljava/lang/StringBuilder;' in 'java/lang/StringBuilder')}
  0x00000288ce229184: 0200 0048 | bad8 e300 | e788 0200 | 0048 8382 | 1001 0000 | 014c 8bc0 | 488b 9424 

  0x00000288ce2291a0: ;*invokespecial append {reexecute=0 rethrow=0 return_oop=0}
                      ; - java.lang.StringBuilder::append@2 (line 253)
                      ; - ai.onnxruntime.OrtSession::run@74 (line 364)
  0x00000288ce2291a0: 4802 0000 | 8984 247c | 0100 000f 

  0x00000288ce2291ac: ;   {optimized virtual_call}
  0x00000288ce2291ac: 1f40 00e8 

  0x00000288ce2291b0: ; ImmutableOopMap {[216]=Oop [224]=Oop [232]=Oop [240]=Oop [248]=Oop [584]=Oop [592]=Oop }
                      ;*invokespecial append {reexecute=0 rethrow=0 return_oop=0}
                      ; - java.lang.StringBuilder::append@2 (line 253)
                      ; - ai.onnxruntime.OrtSession::run@74 (line 364)
  0x00000288ce2291b0: cc58 f606 

  0x00000288ce2291b4: ;   {other}
  0x00000288ce2291b4: 0f1f 8400 

  0x00000288ce2291b8: ;*invokespecial append {reexecute=0 rethrow=0 return_oop=0}
                      ; - java.lang.StringBuilder::append@2 (line 253)
                      ; - ai.onnxruntime.OrtSession::run@74 (line 364)
  0x00000288ce2291b8: a458 0056 | 488b 8424 | 4802 0000 

  0x00000288ce2291c4: ;   {metadata(method data for {method} {0x00000288e7470da0} 'run' '(Ljava/util/Map;Ljava/util/Set;Ljava/util/Map;Lai/onnxruntime/OrtSession$RunOptions;)Lai/onnxruntime/OrtSession$Result;' in 'ai/onnxruntime/OrtSession')}
  0x00000288ce2291c4: 48ba f882 | ade7 8802 | 0000 4883 | 8228 0300 

  0x00000288ce2291d4: ;   {metadata(method data for {method} {0x0000028880008b50} 'toString' '()Ljava/lang/String;' in 'java/lang/StringBuilder')}
  0x00000288ce2291d4: 0001 48ba | 58e7 00e7 | 8802 0000 | 8bb2 cc00 | 0000 83c6 | 0289 b2cc | 0000 0081 | e6fe ff1f 
  0x00000288ce2291f4: 0085 f60f | 8468 0b00 

  0x00000288ce2291fc: ;   {metadata('java/lang/String')}
  0x00000288ce2291fc: 0048 ba70 | ea00 8088 | 0200 0049 | 8b87 b801 | 0000 488d | 7818 493b | bfc8 0100 | 000f 8767 
  0x00000288ce22921c: 0b00 0049 | 89bf b801 | 0000 48c7 | 0001 0000 | 0048 8bca | 49ba 0000 | 0080 8802 | 0000 492b 
  0x00000288ce22923c: ca89 4808 | 4833 c989 | 480c 4833 | c948 8948 

  0x00000288ce22924c: ;*new {reexecute=0 rethrow=0 return_oop=0}
                      ; - java.lang.StringBuilder::toString@0 (line 475)
                      ; - ai.onnxruntime.OrtSession::run@77 (line 364)
  0x00000288ce22924c: 104c 8bc0 

  0x00000288ce229250: ;   {metadata(method data for {method} {0x0000028880008b50} 'toString' '()Ljava/lang/String;' in 'java/lang/StringBuilder')}
  0x00000288ce229250: 49b9 58e7 | 00e7 8802 | 0000 4983 | 8110 0100 

  0x00000288ce229260: ;   {metadata(method data for {method} {0x0000028880457cb0} '<init>' '(Ljava/lang/StringBuilder;)V' in 'java/lang/String')}
  0x00000288ce229260: 0001 49b8 | 00e9 00e7 | 8802 0000 | 458b 88cc | 0000 0041 | 83c1 0245 | 8988 cc00 | 0000 4181 
  0x00000288ce229280: e1fe ff1f | 0045 85c9 | 0f84 050b | 0000 4c8b 

  0x00000288ce229290: ;   {metadata(method data for {method} {0x0000028880457cb0} '<init>' '(Ljava/lang/StringBuilder;)V' in 'java/lang/String')}
  0x00000288ce229290: c049 b900 | e900 e788 | 0200 0049 | 8381 1001 | 0000 014c | 8b84 2448 

  0x00000288ce2292a8: ;   {oop(nullptr)}
  0x00000288ce2292a8: 0200 0049 | b900 0000 | 0000 0000 

  0x00000288ce2292b4: ;*invokespecial <init> {reexecute=0 rethrow=0 return_oop=0}
                      ; - java.lang.String::<init>@3 (line 1507)
                      ; - java.lang.StringBuilder::toString@5 (line 475)
                      ; - ai.onnxruntime.OrtSession::run@77 (line 364)
  0x00000288ce2292b4: 0048 8bd0 | 4889 8424 | 6002 0000 | 0f1f 8000 

  0x00000288ce2292c4: ;   {optimized virtual_call}
  0x00000288ce2292c4: 0000 00e8 

  0x00000288ce2292c8: ; ImmutableOopMap {[216]=Oop [224]=Oop [232]=Oop [240]=Oop [248]=Oop [584]=Oop [592]=Oop [608]=Oop }
                      ;*invokespecial <init> {reexecute=0 rethrow=0 return_oop=0}
                      ; - java.lang.String::<init>@3 (line 1507)
                      ; - java.lang.StringBuilder::toString@5 (line 475)
                      ; - ai.onnxruntime.OrtSession::run@77 (line 364)
  0x00000288ce2292c8: b457 f606 

  0x00000288ce2292cc: ;   {other}
  0x00000288ce2292cc: 0f1f 8400 

  0x00000288ce2292d0: ;*invokespecial <init> {reexecute=0 rethrow=0 return_oop=0}
                      ; - java.lang.String::<init>@3 (line 1507)
                      ; - java.lang.StringBuilder::toString@5 (line 475)
                      ; - ai.onnxruntime.OrtSession::run@77 (line 364)
  0x00000288ce2292d0: bc59 0057 | 488b 8424 | 5002 0000 

  0x00000288ce2292dc: ;   {metadata(method data for {method} {0x00000288e7470da0} 'run' '(Ljava/util/Map;Ljava/util/Set;Ljava/util/Map;Lai/onnxruntime/OrtSession$RunOptions;)Lai/onnxruntime/OrtSession$Result;' in 'ai/onnxruntime/OrtSession')}
  0x00000288ce2292dc: 49b8 f882 | ade7 8802 | 0000 4983 | 8060 0300 | 0001 4c8b | 8424 6002 | 0000 488b | 9424 5002 
  0x00000288ce2292fc: ;*invokespecial <init> {reexecute=0 rethrow=0 return_oop=0}
                      ; - ai.onnxruntime.OrtSession::run@80 (line 364)
                      ;   {optimized virtual_call}
  0x00000288ce2292fc: 0000 90e8 

  0x00000288ce229300: ; ImmutableOopMap {[216]=Oop [224]=Oop [232]=Oop [240]=Oop [248]=Oop [592]=Oop }
                      ;*invokespecial <init> {reexecute=0 rethrow=0 return_oop=0}
                      ; - ai.onnxruntime.OrtSession::run@80 (line 364)
  0x00000288ce229300: 7c57 f606 

  0x00000288ce229304: ;   {other}
  0x00000288ce229304: 0f1f 8400 

  0x00000288ce229308: ;*invokespecial <init> {reexecute=0 rethrow=0 return_oop=0}
                      ; - ai.onnxruntime.OrtSession::run@80 (line 364)
  0x00000288ce229308: f459 0058 | 488b 8424 

  0x00000288ce229310: ; ImmutableOopMap {rax=Oop [216]=Oop [224]=Oop [232]=Oop [240]=Oop [248]=Oop }
                      ;*athrow {reexecute=1 rethrow=0 return_oop=0}
                      ; - (reexecute) ai.onnxruntime.OrtSession::run@83 (line 364)
  0x00000288ce229310: 5002 0000 

  0x00000288ce229314: ;   {section_word}
  0x00000288ce229314: 48ba 1493 | 22ce 8802 

  0x00000288ce22931c: ;   {runtime_call handle_exception_nofpu Runtime1 stub}
  0x00000288ce22931c: 0000 e85d 

  0x00000288ce229320: ;*athrow {reexecute=0 rethrow=0 return_oop=0}
                      ; - ai.onnxruntime.OrtSession::run@83 (line 364)
  0x00000288ce229320: c203 0790 | 0f1f 4000 

  0x00000288ce229328: ;   {no_reloc}
  0x00000288ce229328: e996 0a00 | 0000 0000 | 0000 80ba | 3101 0000 | 040f 8593 | 0a00 0049 | 8b87 b801 | 0000 488d 
  0x00000288ce229348: 7828 493b | bfc8 0100 | 000f 877b | 0a00 0049 | 89bf b801 | 0000 48c7 | 0001 0000 | 0048 8bca 
  0x00000288ce229368: 49ba 0000 | 0080 8802 | 0000 492b | ca89 4808 | 4833 c989 | 480c 4833 | c948 8948 | 1048 8948 
  0x00000288ce229388: 1848 8948 

  0x00000288ce22938c: ;*new {reexecute=0 rethrow=0 return_oop=0}
                      ; - ai.onnxruntime.OrtSession::run@741 (line 436)
  0x00000288ce22938c: 2048 8bd0 

  0x00000288ce229390: ;   {metadata(method data for {method} {0x00000288e7470da0} 'run' '(Ljava/util/Map;Ljava/util/Set;Ljava/util/Map;Lai/onnxruntime/OrtSession$RunOptions;)Lai/onnxruntime/OrtSession$Result;' in 'ai/onnxruntime/OrtSession')}
  0x00000288ce229390: 48be f882 | ade7 8802 | 0000 4883 | 8620 1600 

  0x00000288ce2293a0: ;   {oop("Trying to score a closed OrtSession."{0x000000070dc7af78})}
  0x00000288ce2293a0: 0001 49b8 | 78af c70d | 0700 0000 

  0x00000288ce2293ac: ;*invokespecial <init> {reexecute=0 rethrow=0 return_oop=0}
                      ; - ai.onnxruntime.OrtSession::run@747 (line 436)
  0x00000288ce2293ac: 488b d048 | 8984 2468 

  0x00000288ce2293b4: ;   {optimized virtual_call}
  0x00000288ce2293b4: 0200 00e8 

  0x00000288ce2293b8: ; ImmutableOopMap {[216]=Oop [224]=Oop [232]=Oop [240]=Oop [248]=Oop [616]=Oop }
                      ;*invokespecial <init> {reexecute=0 rethrow=0 return_oop=0}
                      ; - ai.onnxruntime.OrtSession::run@747 (line 436)
  0x00000288ce2293b8: c456 f606 

  0x00000288ce2293bc: ;   {other}
  0x00000288ce2293bc: 0f1f 8400 

  0x00000288ce2293c0: ;*invokespecial <init> {reexecute=0 rethrow=0 return_oop=0}
                      ; - ai.onnxruntime.OrtSession::run@747 (line 436)
  0x00000288ce2293c0: ac5a 005a | 488b 8424 

  0x00000288ce2293c8: ; ImmutableOopMap {rax=Oop [216]=Oop [224]=Oop [232]=Oop [240]=Oop [248]=Oop }
                      ;*athrow {reexecute=1 rethrow=0 return_oop=0}
                      ; - (reexecute) ai.onnxruntime.OrtSession::run@750 (line 436)
  0x00000288ce2293c8: 6802 0000 

  0x00000288ce2293cc: ;   {section_word}
  0x00000288ce2293cc: 48ba cc93 | 22ce 8802 

  0x00000288ce2293d4: ;   {runtime_call handle_exception_nofpu Runtime1 stub}
  0x00000288ce2293d4: 0000 e8a5 | c103 0790 

  0x00000288ce2293dc: ;   {metadata({method} {0x00000288e7470da0} 'run' '(Ljava/util/Map;Ljava/util/Set;Ljava/util/Map;Lai/onnxruntime/OrtSession$RunOptions;)Lai/onnxruntime/OrtSession$Result;' in 'ai/onnxruntime/OrtSession')}
  0x00000288ce2293dc: 49ba 980d | 47e7 8802 | 0000 4c89 | 5424 0848 | c704 24ff 

  0x00000288ce2293f0: ;   {runtime_call counter_overflow Runtime1 stub}
  0x00000288ce2293f0: ffff ffe8 

  0x00000288ce2293f4: ; ImmutableOopMap {rdx=Oop r8=Oop r9=Oop rdi=Oop rsi=Oop [216]=Oop [224]=Oop [232]=Oop [240]=Oop [248]=Oop }
                      ;*synchronization entry
                      ; - ai.onnxruntime.OrtSession::run@-1 (line 361)
  0x00000288ce2293f4: 88fa 0307 | e9f0 afff 

  0x00000288ce2293fc: ;   {runtime_call throw_null_pointer_exception Runtime1 stub}
  0x00000288ce2293fc: ffe8 7e9a 

  0x00000288ce229400: ; ImmutableOopMap {r8=Oop [216]=Oop [224]=Oop [232]=Oop [240]=Oop [248]=Oop }
                      ;*invokeinterface isEmpty {reexecute=0 rethrow=0 return_oop=0}
                      ; - ai.onnxruntime.OrtSession::run@8 (line 362)
                      ;   {runtime_call throw_null_pointer_exception Runtime1 stub}
  0x00000288ce229400: 0307 e879 

  0x00000288ce229404: ; ImmutableOopMap {r9=Oop [216]=Oop [224]=Oop [232]=Oop [240]=Oop [248]=Oop }
                      ;*invokeinterface size {reexecute=0 rethrow=0 return_oop=0}
                      ; - ai.onnxruntime.OrtSession::run@85 (line 366)
                      ;   {runtime_call throw_null_pointer_exception Runtime1 stub}
  0x00000288ce229404: 9a03 07e8 

  0x00000288ce229408: ; ImmutableOopMap {rdi=Oop [216]=Oop [224]=Oop [232]=Oop [240]=Oop [248]=Oop }
                      ;*invokeinterface size {reexecute=0 rethrow=0 return_oop=0}
                      ; - ai.onnxruntime.OrtSession::run@91 (line 366)
  0x00000288ce229408: 749a 0307 

  0x00000288ce22940c: ;   {runtime_call new_object_array Runtime1 stub}
  0x00000288ce22940c: e86f b603 

  0x00000288ce229410: ; ImmutableOopMap {[216]=Oop [224]=Oop [232]=Oop [240]=Oop [248]=Oop }
                      ;*anewarray {reexecute=0 rethrow=0 return_oop=0}
                      ; - ai.onnxruntime.OrtSession::run@161 (line 374)
  0x00000288ce229410: 07e9 62b5 

  0x00000288ce229414: ;   {runtime_call new_type_array Runtime1 stub}
  0x00000288ce229414: ffff e8e5 

  0x00000288ce229418: ; ImmutableOopMap {[216]=Oop [224]=Oop [232]=Oop [240]=Oop [248]=Oop [264]=Oop }
                      ;*newarray {reexecute=0 rethrow=0 return_oop=0}
                      ; - ai.onnxruntime.OrtSession::run@172 (line 375)
  0x00000288ce229418: ad03 07e9 | a8b6 ffff 

  0x00000288ce229420: ;   {runtime_call throw_null_pointer_exception Runtime1 stub}
  0x00000288ce229420: e85b 9a03 

  0x00000288ce229424: ; ImmutableOopMap {rax=Oop [216]=Oop [224]=Oop [232]=Oop [240]=Oop [248]=Oop [264]=Oop [272]=Oop }
                      ;*invokeinterface iterator {reexecute=0 rethrow=0 return_oop=0}
                      ; - ai.onnxruntime.OrtSession::run@185 (line 377)
  0x00000288ce229424: 0748 8904 

  0x00000288ce229428: ;   {runtime_call throw_class_cast_exception Runtime1 stub}
  0x00000288ce229428: 24e8 52cd 

  0x00000288ce22942c: ; ImmutableOopMap {[216]=Oop [224]=Oop [232]=Oop [240]=Oop [248]=Oop [264]=Oop [272]=Oop [280]=Oop }
                      ;*checkcast {reexecute=0 rethrow=0 return_oop=0}
                      ; - ai.onnxruntime.OrtSession::run@209 (line 377)
                      ;   {runtime_call throw_null_pointer_exception Runtime1 stub}
  0x00000288ce22942c: 0307 e84d 

  0x00000288ce229430: ; ImmutableOopMap {rsi=Oop rdx=Oop rdi=Oop [216]=Oop [224]=Oop [232]=Oop [240]=Oop [248]=Oop [264]=Oop [272]=Oop [280]=Oop [304]=Oop }
                      ;*invokeinterface getKey {reexecute=0 rethrow=0 return_oop=0}
                      ; - ai.onnxruntime.OrtSession::run@220 (line 378)
                      ;   {runtime_call throw_null_pointer_exception Runtime1 stub}
  0x00000288ce229430: 9a03 07e8 

  0x00000288ce229434: ; ImmutableOopMap {rax=Oop rdi=Oop [216]=Oop [224]=Oop [232]=Oop [240]=Oop [248]=Oop [264]=Oop [272]=Oop [280]=Oop [304]=Oop }
                      ;*invokeinterface contains {reexecute=0 rethrow=0 return_oop=0}
                      ; - ai.onnxruntime.OrtSession::run@225 (line 378)
  0x00000288ce229434: 489a 0307 | 4889 0424 

  0x00000288ce22943c: ;   {runtime_call throw_class_cast_exception Runtime1 stub}
  0x00000288ce22943c: e83f cd03 

  0x00000288ce229440: ; ImmutableOopMap {[216]=Oop [224]=Oop [232]=Oop [240]=Oop [248]=Oop [264]=Oop [272]=Oop [280]=Oop [304]=Oop }
                      ;*checkcast {reexecute=0 rethrow=0 return_oop=0}
                      ; - ai.onnxruntime.OrtSession::run@244 (line 379)
  0x00000288ce229440: 0748 8934 | 2448 8944 

  0x00000288ce229448: ;   {runtime_call throw_range_check_failed Runtime1 stub}
  0x00000288ce229448: 2408 e831 

  0x00000288ce22944c: ; ImmutableOopMap {rdx=Oop rax=Oop [216]=Oop [224]=Oop [232]=Oop [240]=Oop [248]=Oop [264]=Oop [272]=Oop [280]=Oop [304]=Oop }
                      ;*aastore {reexecute=1 rethrow=0 return_oop=0}
                      ; - (reexecute) ai.onnxruntime.OrtSession::run@247 (line 379)
                      ;   {runtime_call throw_null_pointer_exception Runtime1 stub}
  0x00000288ce22944c: 9103 07e8 

  0x00000288ce229450: ; ImmutableOopMap {rdx=Oop rax=Oop [216]=Oop [224]=Oop [232]=Oop [240]=Oop [248]=Oop [264]=Oop [272]=Oop [280]=Oop [304]=Oop }
                      ;*aastore {reexecute=1 rethrow=0 return_oop=0}
                      ; - (reexecute) ai.onnxruntime.OrtSession::run@247 (line 379)
  0x00000288ce229450: 2c9a 0307 | 4889 1424 

  0x00000288ce229458: ;   {runtime_call throw_array_store_exception Runtime1 stub}
  0x00000288ce229458: e823 ca03 

  0x00000288ce22945c: ; ImmutableOopMap {rdx=Oop rax=Oop [216]=Oop [224]=Oop [232]=Oop [240]=Oop [248]=Oop [264]=Oop [272]=Oop [280]=Oop [304]=Oop }
                      ;*aastore {reexecute=1 rethrow=0 return_oop=0}
                      ; - (reexecute) ai.onnxruntime.OrtSession::run@247 (line 379)
  0x00000288ce22945c: 078b 1f48 | c1e3 0348 | 83fb 000f | 8451 beff | ff48 891c 

  0x00000288ce229470: ;   {runtime_call g1_pre_barrier_slow}
  0x00000288ce229470: 24e8 0a05 | 0407 e943 | beff ff48 | 83fa 000f | 8457 beff | ff48 893c 

  0x00000288ce229488: ;   {runtime_call g1_post_barrier_slow}
  0x00000288ce229488: 24e8 720c | 0407 e949 | beff ff48 

  0x00000288ce229494: ;   {runtime_call throw_class_cast_exception Runtime1 stub}
  0x00000288ce229494: 8904 24e8 

  0x00000288ce229498: ; ImmutableOopMap {[216]=Oop [224]=Oop [232]=Oop [240]=Oop [248]=Oop [264]=Oop [272]=Oop [280]=Oop [304]=Oop }
                      ;*checkcast {reexecute=0 rethrow=0 return_oop=0}
                      ; - ai.onnxruntime.OrtSession::run@259 (line 380)
  0x00000288ce229498: e4cc 0307 

  0x00000288ce22949c: ;   {runtime_call throw_null_pointer_exception Runtime1 stub}
  0x00000288ce22949c: e8df 9903 

  0x00000288ce2294a0: ; ImmutableOopMap {rdx=Oop [216]=Oop [224]=Oop [232]=Oop [240]=Oop [248]=Oop [264]=Oop [272]=Oop [280]=Oop [304]=Oop }
                      ;*invokevirtual getNativeHandle {reexecute=0 rethrow=0 return_oop=0}
                      ; - ai.onnxruntime.OrtSession::run@262 (line 380)
  0x00000288ce2294a0: 0748 893c | 2448 8944 

  0x00000288ce2294a8: ;   {runtime_call throw_range_check_failed Runtime1 stub}
  0x00000288ce2294a8: 2408 e8d1 

  0x00000288ce2294ac: ; ImmutableOopMap {rax=Oop [216]=Oop [224]=Oop [232]=Oop [240]=Oop [248]=Oop [264]=Oop [272]=Oop [280]=Oop [304]=Oop }
                      ;*lastore {reexecute=0 rethrow=0 return_oop=0}
                      ; - ai.onnxruntime.OrtSession::run@265 (line 380)
                      ;   {metadata({method} {0x00000288e7470da0} 'run' '(Ljava/util/Map;Ljava/util/Set;Ljava/util/Map;Lai/onnxruntime/OrtSession$RunOptions;)Lai/onnxruntime/OrtSession$Result;' in 'ai/onnxruntime/OrtSession')}
  0x00000288ce2294ac: 9003 0749 | ba98 0d47 | e788 0200 | 004c 8954 | 2408 48c7 | 0424 4301 

  0x00000288ce2294c4: ;   {runtime_call counter_overflow Runtime1 stub}
  0x00000288ce2294c4: 0000 e8b5 

  0x00000288ce2294c8: ; ImmutableOopMap {rax=Oop [216]=Oop [224]=Oop [232]=Oop [240]=Oop [248]=Oop [264]=Oop [272]=Oop [280]=Oop [304]=Oop }
                      ;*goto {reexecute=1 rethrow=0 return_oop=0}
                      ; - (reexecute) ai.onnxruntime.OrtSession::run@323 (line 386)
  0x00000288ce2294c8: f903 07e9 | adc0 ffff 

  0x00000288ce2294d0: ;   {runtime_call throw_null_pointer_exception Runtime1 stub}
  0x00000288ce2294d0: e8ab 9903 

  0x00000288ce2294d4: ; ImmutableOopMap {rax=Oop [216]=Oop [224]=Oop [232]=Oop [240]=Oop [248]=Oop [264]=Oop [272]=Oop [280]=Oop }
                      ;*invokeinterface hasNext {reexecute=0 rethrow=0 return_oop=0}
                      ; - ai.onnxruntime.OrtSession::run@194 (line 377)
                      ;   {runtime_call new_object_array Runtime1 stub}
  0x00000288ce2294d4: 07e8 a6b5 

  0x00000288ce2294d8: ; ImmutableOopMap {[216]=Oop [224]=Oop [232]=Oop [240]=Oop [248]=Oop [264]=Oop [272]=Oop [280]=Oop }
                      ;*anewarray {reexecute=0 rethrow=0 return_oop=0}
                      ; - ai.onnxruntime.OrtSession::run@339 (line 387)
  0x00000288ce2294d8: 0307 e9b7 

  0x00000288ce2294dc: ;   {runtime_call new_object_array Runtime1 stub}
  0x00000288ce2294dc: c3ff ffe8 

  0x00000288ce2294e0: ; ImmutableOopMap {[216]=Oop [224]=Oop [232]=Oop [240]=Oop [248]=Oop [264]=Oop [272]=Oop [312]=Oop }
                      ;*anewarray {reexecute=0 rethrow=0 return_oop=0}
                      ; - ai.onnxruntime.OrtSession::run@347 (line 388)
  0x00000288ce2294e0: 9cb5 0307 | e945 c4ff 

  0x00000288ce2294e8: ;   {runtime_call new_type_array Runtime1 stub}
  0x00000288ce2294e8: ffe8 12ad 

  0x00000288ce2294ec: ; ImmutableOopMap {[216]=Oop [224]=Oop [232]=Oop [240]=Oop [248]=Oop [264]=Oop [272]=Oop [312]=Oop [320]=Oop }
                      ;*newarray {reexecute=0 rethrow=0 return_oop=0}
                      ; - ai.onnxruntime.OrtSession::run@355 (line 389)
  0x00000288ce2294ec: 0307 e9cf 

  0x00000288ce2294f0: ;   {runtime_call throw_null_pointer_exception Runtime1 stub}
  0x00000288ce2294f0: c4ff ffe8 

  0x00000288ce2294f4: ; ImmutableOopMap {rax=Oop [216]=Oop [224]=Oop [232]=Oop [240]=Oop [248]=Oop [264]=Oop [272]=Oop [312]=Oop [320]=Oop [328]=Oop }
                      ;*invokeinterface iterator {reexecute=0 rethrow=0 return_oop=0}
                      ; - ai.onnxruntime.OrtSession::run@368 (line 391)
  0x00000288ce2294f4: 8899 0307 | 4889 0424 

  0x00000288ce2294fc: ;   {runtime_call throw_class_cast_exception Runtime1 stub}
  0x00000288ce2294fc: e87f cc03 

  0x00000288ce229500: ; ImmutableOopMap {[216]=Oop [224]=Oop [232]=Oop [240]=Oop [248]=Oop [264]=Oop [272]=Oop [312]=Oop [320]=Oop [328]=Oop [344]=Oop }
                      ;*checkcast {reexecute=0 rethrow=0 return_oop=0}
                      ; - ai.onnxruntime.OrtSession::run@392 (line 391)
                      ;   {runtime_call throw_null_pointer_exception Runtime1 stub}
  0x00000288ce229500: 07e8 7a99 

  0x00000288ce229504: ; ImmutableOopMap {rsi=Oop rdx=Oop rdi=Oop [216]=Oop [224]=Oop [232]=Oop [240]=Oop [248]=Oop [264]=Oop [272]=Oop [312]=Oop [320]=Oop [328]=Oop [344]=Oop [360]=Oop }
                      ;*invokeinterface getKey {reexecute=0 rethrow=0 return_oop=0}
                      ; - ai.onnxruntime.OrtSession::run@403 (line 392)
                      ;   {runtime_call throw_null_pointer_exception Runtime1 stub}
  0x00000288ce229504: 0307 e875 

  0x00000288ce229508: ; ImmutableOopMap {rax=Oop rdi=Oop [216]=Oop [224]=Oop [232]=Oop [240]=Oop [248]=Oop [264]=Oop [272]=Oop [312]=Oop [320]=Oop [328]=Oop [344]=Oop [360]=Oop }
                      ;*invokeinterface contains {reexecute=0 rethrow=0 return_oop=0}
                      ; - ai.onnxruntime.OrtSession::run@408 (line 392)
  0x00000288ce229508: 9903 0748 

  0x00000288ce22950c: ;   {runtime_call throw_class_cast_exception Runtime1 stub}
  0x00000288ce22950c: 8904 24e8 

  0x00000288ce229510: ; ImmutableOopMap {[216]=Oop [224]=Oop [232]=Oop [240]=Oop [248]=Oop [264]=Oop [272]=Oop [312]=Oop [320]=Oop [328]=Oop [344]=Oop [360]=Oop }
                      ;*checkcast {reexecute=0 rethrow=0 return_oop=0}
                      ; - ai.onnxruntime.OrtSession::run@427 (line 393)
  0x00000288ce229510: 6ccc 0307 | 4889 3424 | 4889 4424 

  0x00000288ce22951c: ;   {runtime_call throw_range_check_failed Runtime1 stub}
  0x00000288ce22951c: 08e8 5e90 

  0x00000288ce229520: ; ImmutableOopMap {rdx=Oop rax=Oop [216]=Oop [224]=Oop [232]=Oop [240]=Oop [248]=Oop [264]=Oop [272]=Oop [312]=Oop [320]=Oop [328]=Oop [344]=Oop [360]=Oop }
                      ;*aastore {reexecute=1 rethrow=0 return_oop=0}
                      ; - (reexecute) ai.onnxruntime.OrtSession::run@430 (line 393)
                      ;   {runtime_call throw_null_pointer_exception Runtime1 stub}
  0x00000288ce229520: 0307 e859 

  0x00000288ce229524: ; ImmutableOopMap {rdx=Oop rax=Oop [216]=Oop [224]=Oop [232]=Oop [240]=Oop [248]=Oop [264]=Oop [272]=Oop [312]=Oop [320]=Oop [328]=Oop [344]=Oop [360]=Oop }
                      ;*aastore {reexecute=1 rethrow=0 return_oop=0}
                      ; - (reexecute) ai.onnxruntime.OrtSession::run@430 (line 393)
  0x00000288ce229524: 9903 0748 

  0x00000288ce229528: ;   {runtime_call throw_array_store_exception Runtime1 stub}
  0x00000288ce229528: 8914 24e8 

  0x00000288ce22952c: ; ImmutableOopMap {rdx=Oop rax=Oop [216]=Oop [224]=Oop [232]=Oop [240]=Oop [248]=Oop [264]=Oop [272]=Oop [312]=Oop [320]=Oop [328]=Oop [344]=Oop [360]=Oop }
                      ;*aastore {reexecute=1 rethrow=0 return_oop=0}
                      ; - (reexecute) ai.onnxruntime.OrtSession::run@430 (line 393)
  0x00000288ce22952c: 50c9 0307 | 8b1f 48c1 | e303 4883 | fb00 0f84 | 7ecc ffff | 4889 1c24 

  0x00000288ce229544: ;   {runtime_call g1_pre_barrier_slow}
  0x00000288ce229544: e837 0404 | 07e9 70cc | ffff 4883 | fa00 0f84 | 84cc ffff | 4889 3c24 

  0x00000288ce22955c: ;   {runtime_call g1_post_barrier_slow}
  0x00000288ce22955c: e89f 0b04 | 07e9 76cc | ffff 4889 

  0x00000288ce229568: ;   {runtime_call throw_class_cast_exception Runtime1 stub}
  0x00000288ce229568: 0424 e811 

  0x00000288ce22956c: ; ImmutableOopMap {[216]=Oop [224]=Oop [232]=Oop [240]=Oop [248]=Oop [264]=Oop [272]=Oop [312]=Oop [320]=Oop [328]=Oop [344]=Oop [360]=Oop }
                      ;*checkcast {reexecute=0 rethrow=0 return_oop=0}
                      ; - ai.onnxruntime.OrtSession::run@442 (line 394)
  0x00000288ce22956c: cc03 0748 | 8934 2448 | 8944 2408 

  0x00000288ce229578: ;   {runtime_call throw_range_check_failed Runtime1 stub}
  0x00000288ce229578: e803 9003 

  0x00000288ce22957c: ; ImmutableOopMap {rdx=Oop rax=Oop [216]=Oop [224]=Oop [232]=Oop [240]=Oop [248]=Oop [264]=Oop [272]=Oop [312]=Oop [320]=Oop [328]=Oop [344]=Oop [360]=Oop }
                      ;*aastore {reexecute=1 rethrow=0 return_oop=0}
                      ; - (reexecute) ai.onnxruntime.OrtSession::run@445 (line 394)
                      ;   {runtime_call throw_null_pointer_exception Runtime1 stub}
  0x00000288ce22957c: 07e8 fe98 

  0x00000288ce229580: ; ImmutableOopMap {rdx=Oop rax=Oop [216]=Oop [224]=Oop [232]=Oop [240]=Oop [248]=Oop [264]=Oop [272]=Oop [312]=Oop [320]=Oop [328]=Oop [344]=Oop [360]=Oop }
                      ;*aastore {reexecute=1 rethrow=0 return_oop=0}
                      ; - (reexecute) ai.onnxruntime.OrtSession::run@445 (line 394)
  0x00000288ce229580: 0307 4889 

  0x00000288ce229584: ;   {runtime_call throw_array_store_exception Runtime1 stub}
  0x00000288ce229584: 1424 e8f5 

  0x00000288ce229588: ; ImmutableOopMap {rdx=Oop rax=Oop [216]=Oop [224]=Oop [232]=Oop [240]=Oop [248]=Oop [264]=Oop [272]=Oop [312]=Oop [320]=Oop [328]=Oop [344]=Oop [360]=Oop }
                      ;*aastore {reexecute=1 rethrow=0 return_oop=0}
                      ; - (reexecute) ai.onnxruntime.OrtSession::run@445 (line 394)
  0x00000288ce229588: c803 078b | 1f48 c1e3 | 0348 83fb | 000f 8446 | cfff ff48 

  0x00000288ce22959c: ;   {runtime_call g1_pre_barrier_slow}
  0x00000288ce22959c: 891c 24e8 | dc03 0407 | e938 cfff | ff48 83fa | 000f 844c | cfff ff48 

  0x00000288ce2295b4: ;   {runtime_call g1_post_barrier_slow}
  0x00000288ce2295b4: 893c 24e8 | 440b 0407 | e93e cfff | ff48 8904 

  0x00000288ce2295c4: ;   {runtime_call throw_class_cast_exception Runtime1 stub}
  0x00000288ce2295c4: 24e8 b6cb 

  0x00000288ce2295c8: ; ImmutableOopMap {[216]=Oop [224]=Oop [232]=Oop [240]=Oop [248]=Oop [264]=Oop [272]=Oop [312]=Oop [320]=Oop [328]=Oop [344]=Oop [360]=Oop }
                      ;*checkcast {reexecute=0 rethrow=0 return_oop=0}
                      ; - ai.onnxruntime.OrtSession::run@457 (line 395)
  0x00000288ce2295c8: 0307 4889 | 3424 4889 

  0x00000288ce2295d0: ;   {runtime_call throw_range_check_failed Runtime1 stub}
  0x00000288ce2295d0: 7c24 08e8 

  0x00000288ce2295d4: ; ImmutableOopMap {rdi=Oop [216]=Oop [224]=Oop [232]=Oop [240]=Oop [248]=Oop [264]=Oop [272]=Oop [312]=Oop [320]=Oop [328]=Oop [344]=Oop [360]=Oop }
                      ;*lastore {reexecute=0 rethrow=0 return_oop=0}
                      ; - ai.onnxruntime.OrtSession::run@463 (line 395)
  0x00000288ce2295d4: a88f 0307 

  0x00000288ce2295d8: ;   {metadata({method} {0x00000288e7470da0} 'run' '(Ljava/util/Map;Ljava/util/Set;Ljava/util/Map;Lai/onnxruntime/OrtSession$RunOptions;)Lai/onnxruntime/OrtSession$Result;' in 'ai/onnxruntime/OrtSession')}
  0x00000288ce2295d8: 49ba 980d | 47e7 8802 | 0000 4c89 | 5424 0848 | c704 2409 

  0x00000288ce2295ec: ;   {runtime_call counter_overflow Runtime1 stub}
  0x00000288ce2295ec: 0200 00e8 

  0x00000288ce2295f0: ; ImmutableOopMap {rdi=Oop [216]=Oop [224]=Oop [232]=Oop [240]=Oop [248]=Oop [264]=Oop [272]=Oop [312]=Oop [320]=Oop [328]=Oop [344]=Oop [360]=Oop }
                      ;*goto {reexecute=1 rethrow=0 return_oop=0}
                      ; - (reexecute) ai.onnxruntime.OrtSession::run@521 (line 401)
  0x00000288ce2295f0: 8cf8 0307 | e94c d1ff 

  0x00000288ce2295f8: ;   {runtime_call throw_null_pointer_exception Runtime1 stub}
  0x00000288ce2295f8: ffe8 8298 

  0x00000288ce2295fc: ; ImmutableOopMap {rax=Oop [216]=Oop [224]=Oop [232]=Oop [240]=Oop [248]=Oop [264]=Oop [272]=Oop [312]=Oop [320]=Oop [328]=Oop [344]=Oop }
                      ;*invokeinterface hasNext {reexecute=0 rethrow=0 return_oop=0}
                      ; - ai.onnxruntime.OrtSession::run@377 (line 391)
  0x00000288ce2295fc: 0307 4889 

  0x00000288ce229600: ;   {runtime_call throw_class_cast_exception Runtime1 stub}
  0x00000288ce229600: 0424 e879 

  0x00000288ce229604: ; ImmutableOopMap {[216]=Oop [224]=Oop [232]=Oop [240]=Oop [248]=Oop [264]=Oop [272]=Oop [312]=Oop [320]=Oop [328]=Oop [368]=Oop }
                      ;*checkcast {reexecute=0 rethrow=0 return_oop=0}
                      ; - ai.onnxruntime.OrtSession::run@549 (line 402)
                      ;   {runtime_call throw_null_pointer_exception Runtime1 stub}
  0x00000288ce229604: cb03 07e8 

  0x00000288ce229608: ; ImmutableOopMap {rsi=Oop rdx=Oop rdi=Oop [216]=Oop [224]=Oop [232]=Oop [240]=Oop [248]=Oop [264]=Oop [272]=Oop [312]=Oop [320]=Oop [328]=Oop [368]=Oop [384]=Oop }
                      ;*invokeinterface contains {reexecute=0 rethrow=0 return_oop=0}
                      ; - ai.onnxruntime.OrtSession::run@560 (line 403)
  0x00000288ce229608: 7498 0307 | 4889 3424 | 4889 4424 

  0x00000288ce229614: ;   {runtime_call throw_range_check_failed Runtime1 stub}
  0x00000288ce229614: 08e8 668f 

  0x00000288ce229618: ; ImmutableOopMap {rbx=Oop rax=Oop [216]=Oop [224]=Oop [232]=Oop [240]=Oop [248]=Oop [264]=Oop [272]=Oop [312]=Oop [320]=Oop [328]=Oop [368]=Oop [384]=Oop }
                      ;*aastore {reexecute=1 rethrow=0 return_oop=0}
                      ; - (reexecute) ai.onnxruntime.OrtSession::run@585 (line 405)
                      ;   {runtime_call throw_null_pointer_exception Runtime1 stub}
  0x00000288ce229618: 0307 e861 

  0x00000288ce22961c: ; ImmutableOopMap {rbx=Oop rax=Oop [216]=Oop [224]=Oop [232]=Oop [240]=Oop [248]=Oop [264]=Oop [272]=Oop [312]=Oop [320]=Oop [328]=Oop [368]=Oop [384]=Oop }
                      ;*aastore {reexecute=1 rethrow=0 return_oop=0}
                      ; - (reexecute) ai.onnxruntime.OrtSession::run@585 (line 405)
  0x00000288ce22961c: 9803 0748 

  0x00000288ce229620: ;   {runtime_call throw_array_store_exception Runtime1 stub}
  0x00000288ce229620: 891c 24e8 

  0x00000288ce229624: ; ImmutableOopMap {rbx=Oop rax=Oop [216]=Oop [224]=Oop [232]=Oop [240]=Oop [248]=Oop [264]=Oop [272]=Oop [312]=Oop [320]=Oop [328]=Oop [368]=Oop [384]=Oop }
                      ;*aastore {reexecute=1 rethrow=0 return_oop=0}
                      ; - (reexecute) ai.onnxruntime.OrtSession::run@585 (line 405)
  0x00000288ce229624: 58c8 0307 | 8b3a 48c1 | e703 4883 | ff00 0f84 | cad7 ffff | 4889 3c24 

  0x00000288ce22963c: ;   {runtime_call g1_pre_barrier_slow}
  0x00000288ce22963c: e83f 0304 | 07e9 bcd7 | ffff 4883 | fb00 0f84 | d0d7 ffff | 4889 1424 

  0x00000288ce229654: ;   {runtime_call g1_post_barrier_slow}
  0x00000288ce229654: e8a7 0a04 | 07e9 c2d7 

  0x00000288ce22965c: ;   {metadata({method} {0x00000288e7470da0} 'run' '(Ljava/util/Map;Ljava/util/Set;Ljava/util/Map;Lai/onnxruntime/OrtSession$RunOptions;)Lai/onnxruntime/OrtSession$Result;' in 'ai/onnxruntime/OrtSession')}
  0x00000288ce22965c: ffff 49ba | 980d 47e7 | 8802 0000 | 4c89 5424 | 0848 c704 | 249c 0200 

  0x00000288ce229674: ;   {runtime_call counter_overflow Runtime1 stub}
  0x00000288ce229674: 00e8 06f8 

  0x00000288ce229678: ; ImmutableOopMap {rbx=Oop rax=Oop [216]=Oop [224]=Oop [232]=Oop [240]=Oop [248]=Oop [264]=Oop [272]=Oop [312]=Oop [320]=Oop [328]=Oop [368]=Oop [384]=Oop }
                      ;*goto {reexecute=1 rethrow=0 return_oop=0}
                      ; - (reexecute) ai.onnxruntime.OrtSession::run@668 (line 419)
  0x00000288ce229678: 0307 e9da 

  0x00000288ce22967c: ;   {runtime_call throw_null_pointer_exception Runtime1 stub}
  0x00000288ce22967c: d7ff ffe8 

  0x00000288ce229680: ; ImmutableOopMap {rax=Oop [216]=Oop [224]=Oop [232]=Oop [240]=Oop [248]=Oop [264]=Oop [272]=Oop [312]=Oop [320]=Oop [328]=Oop [368]=Oop }
                      ;*invokeinterface hasNext {reexecute=0 rethrow=0 return_oop=0}
                      ; - ai.onnxruntime.OrtSession::run@534 (line 402)
  0x00000288ce229680: fc97 0307 

  0x00000288ce229684: ;   {runtime_call throw_null_pointer_exception Runtime1 stub}
  0x00000288ce229684: e8f7 9703 

  0x00000288ce229688: ; ImmutableOopMap {rax=Oop r11=Oop rdx=Oop r13=Oop rsi=Oop [216]=Oop [224]=Oop [232]=Oop [240]=Oop [248]=Oop [264]=Oop [272]=Oop [312]=Oop [320]=Oop [328]=Oop }
                      ;*getfield handle {reexecute=1 rethrow=0 return_oop=0}
                      ; - (reexecute) ai.onnxruntime.OrtSession::run@699 (line 421)
  0x00000288ce229688: 0748 8bd2 

  0x00000288ce22968c: ;   {runtime_call fast_new_instance Runtime1 stub}
  0x00000288ce22968c: e86f a503 

  0x00000288ce229690: ; ImmutableOopMap {rbx=Oop [216]=Oop [224]=Oop [232]=Oop [240]=Oop [248]=Oop [264]=Oop [272]=Oop [312]=Oop [320]=Oop [328]=Oop }
                      ;*new {reexecute=0 rethrow=0 return_oop=0}
                      ; - ai.onnxruntime.OrtSession::run@727 (line 434)
  0x00000288ce229690: 07e9 9dda 

  0x00000288ce229694: ;   {internal_word}
  0x00000288ce229694: ffff 49ba | 8c71 22ce | 8802 0000 | 4d89 9760 

  0x00000288ce2296a4: ;   {runtime_call SafepointBlob}
  0x00000288ce2296a4: 0400 00e9 | 54c0 f606 

  0x00000288ce2296ac: ;   {metadata(nullptr)}
  0x00000288ce2296ac: 48ba 0000 | 0000 0000 | 0000 b800 

  0x00000288ce2296b8: ;   {runtime_call load_klass_patching Runtime1 stub}
  0x00000288ce2296b8: 0f05 0ae8 

  0x00000288ce2296bc: ; ImmutableOopMap {[216]=Oop [224]=Oop [232]=Oop [240]=Oop [248]=Oop [264]=Oop [272]=Oop [312]=Oop [320]=Oop [328]=Oop [368]=Oop [384]=Oop }
                      ;*new {reexecute=1 rethrow=0 return_oop=0}
                      ; - (reexecute) ai.onnxruntime.OrtSession::run@592 (line 410)
  0x00000288ce2296bc: 40e7 0307 | e9db daff 

  0x00000288ce2296c4: ;   {runtime_call throw_null_pointer_exception Runtime1 stub}
  0x00000288ce2296c4: ffe8 b697 

  0x00000288ce2296c8: ; ImmutableOopMap {[216]=Oop [224]=Oop [232]=Oop [240]=Oop [248]=Oop [264]=Oop [272]=Oop [312]=Oop [320]=Oop [328]=Oop [368]=Oop [384]=Oop }
                      ;*new {reexecute=0 rethrow=0 return_oop=0}
                      ; - ai.onnxruntime.OrtSession::run@592 (line 410)
  0x00000288ce2296c8: 0307 488b 

  0x00000288ce2296cc: ;   {runtime_call fast_new_instance_init_check Runtime1 stub}
  0x00000288ce2296cc: d2e8 2ea8 

  0x00000288ce2296d0: ; ImmutableOopMap {[216]=Oop [224]=Oop [232]=Oop [240]=Oop [248]=Oop [264]=Oop [272]=Oop [312]=Oop [320]=Oop [328]=Oop [368]=Oop [384]=Oop }
                      ;*new {reexecute=0 rethrow=0 return_oop=0}
                      ; - ai.onnxruntime.OrtSession::run@592 (line 410)
  0x00000288ce2296d0: 0307 e92e | dbff ff48 

  0x00000288ce2296d8: ;   {runtime_call fast_new_instance Runtime1 stub}
  0x00000288ce2296d8: 8bd2 e821 

  0x00000288ce2296dc: ; ImmutableOopMap {[216]=Oop [224]=Oop [232]=Oop [240]=Oop [248]=Oop [264]=Oop [272]=Oop [312]=Oop [320]=Oop [328]=Oop [368]=Oop [384]=Oop [424]=Oop }
                      ;*new {reexecute=0 rethrow=0 return_oop=0}
                      ; - ai.onnxruntime.OrtSession::run@596 (line 410)
  0x00000288ce2296dc: a503 07e9 | 79db ffff 

  0x00000288ce2296e4: ;   {metadata({method} {0x0000028880463b88} '<init>' '()V' in 'java/lang/StringBuilder')}
  0x00000288ce2296e4: 49ba 803b | 4680 8802 | 0000 4c89 | 5424 0848 | c704 24ff 

  0x00000288ce2296f8: ;   {runtime_call counter_overflow Runtime1 stub}
  0x00000288ce2296f8: ffff ffe8 

  0x00000288ce2296fc: ; ImmutableOopMap {rax=Oop [216]=Oop [224]=Oop [232]=Oop [240]=Oop [248]=Oop [264]=Oop [272]=Oop [312]=Oop [320]=Oop [328]=Oop [368]=Oop [384]=Oop [424]=Oop }
                      ;*synchronization entry
                      ; - java.lang.StringBuilder::<init>@-1 (line 106)
                      ; - ai.onnxruntime.OrtSession::run@600 (line 410)
  0x00000288ce2296fc: 80f7 0307 | e996 dbff 

  0x00000288ce229704: ;   {metadata({method} {0x0000028880463978} 'append' '(Ljava/lang/String;)Ljava/lang/StringBuilder;' in 'java/lang/StringBuilder')}
  0x00000288ce229704: ff49 ba70 | 3946 8088 | 0200 004c | 8954 2408 | 48c7 0424 | ffff ffff 

  0x00000288ce22971c: ;   {runtime_call counter_overflow Runtime1 stub}
  0x00000288ce22971c: e85f f703 

  0x00000288ce229720: ; ImmutableOopMap {[216]=Oop [224]=Oop [232]=Oop [240]=Oop [248]=Oop [264]=Oop [272]=Oop [312]=Oop [320]=Oop [328]=Oop [368]=Oop [384]=Oop [416]=Oop [424]=Oop }
                      ;*synchronization entry
                      ; - java.lang.StringBuilder::append@-1 (line 179)
                      ; - ai.onnxruntime.OrtSession::run@605 (line 410)
  0x00000288ce229720: 07e9 f1db 

  0x00000288ce229724: ;   {metadata({method} {0x0000028880463978} 'append' '(Ljava/lang/String;)Ljava/lang/StringBuilder;' in 'java/lang/StringBuilder')}
  0x00000288ce229724: ffff 49ba | 7039 4680 | 8802 0000 | 4c89 5424 | 0848 c704 | 24ff ffff 

  0x00000288ce22973c: ;   {runtime_call counter_overflow Runtime1 stub}
  0x00000288ce22973c: ffe8 3ef7 

  0x00000288ce229740: ; ImmutableOopMap {[216]=Oop [224]=Oop [232]=Oop [240]=Oop [248]=Oop [264]=Oop [272]=Oop [312]=Oop [320]=Oop [328]=Oop [368]=Oop [384]=Oop [416]=Oop [424]=Oop }
                      ;*synchronization entry
                      ; - java.lang.StringBuilder::append@-1 (line 179)
                      ; - ai.onnxruntime.OrtSession::run@610 (line 410)
  0x00000288ce229740: 0307 e950 

  0x00000288ce229744: ;   {metadata({method} {0x0000028880463978} 'append' '(Ljava/lang/String;)Ljava/lang/StringBuilder;' in 'java/lang/StringBuilder')}
  0x00000288ce229744: dcff ff49 | ba70 3946 | 8088 0200 | 004c 8954 | 2408 48c7 | 0424 ffff 

  0x00000288ce22975c: ;   {runtime_call counter_overflow Runtime1 stub}
  0x00000288ce22975c: ffff e81d 

  0x00000288ce229760: ; ImmutableOopMap {[216]=Oop [224]=Oop [232]=Oop [240]=Oop [248]=Oop [264]=Oop [272]=Oop [312]=Oop [320]=Oop [328]=Oop [368]=Oop [384]=Oop [416]=Oop [424]=Oop }
                      ;*synchronization entry
                      ; - java.lang.StringBuilder::append@-1 (line 179)
                      ; - ai.onnxruntime.OrtSession::run@615 (line 410)
  0x00000288ce229760: f703 07e9 | afdc ffff 

  0x00000288ce229768: ;   {metadata({method} {0x0000028880008b50} 'toString' '()Ljava/lang/String;' in 'java/lang/StringBuilder')}
  0x00000288ce229768: 49ba 488b | 0080 8802 | 0000 4c89 | 5424 0848 | c704 24ff 

  0x00000288ce22977c: ;   {runtime_call counter_overflow Runtime1 stub}
  0x00000288ce22977c: ffff ffe8 

  0x00000288ce229780: ; ImmutableOopMap {[216]=Oop [224]=Oop [232]=Oop [240]=Oop [248]=Oop [264]=Oop [272]=Oop [312]=Oop [320]=Oop [328]=Oop [368]=Oop [384]=Oop [416]=Oop [424]=Oop }
                      ;*synchronization entry
                      ; - java.lang.StringBuilder::toString@-1 (line 475)
                      ; - ai.onnxruntime.OrtSession::run@618 (line 410)
  0x00000288ce229780: fcf6 0307 | e90c ddff | ff48 8bd2 

  0x00000288ce22978c: ;   {runtime_call fast_new_instance Runtime1 stub}
  0x00000288ce22978c: e86f a403 

  0x00000288ce229790: ; ImmutableOopMap {[216]=Oop [224]=Oop [232]=Oop [240]=Oop [248]=Oop [264]=Oop [272]=Oop [312]=Oop [320]=Oop [328]=Oop [368]=Oop [384]=Oop [416]=Oop [424]=Oop }
                      ;*new {reexecute=0 rethrow=0 return_oop=0}
                      ; - java.lang.StringBuilder::toString@0 (line 475)
                      ; - ai.onnxruntime.OrtSession::run@618 (line 410)
  0x00000288ce229790: 07e9 4fdd 

  0x00000288ce229794: ;   {metadata({method} {0x0000028880457cb0} '<init>' '(Ljava/lang/StringBuilder;)V' in 'java/lang/String')}
  0x00000288ce229794: ffff 49ba | a87c 4580 | 8802 0000 | 4c89 5424 | 0848 c704 | 24ff ffff 

  0x00000288ce2297ac: ;   {runtime_call counter_overflow Runtime1 stub}
  0x00000288ce2297ac: ffe8 cef6 

  0x00000288ce2297b0: ; ImmutableOopMap {rax=Oop [216]=Oop [224]=Oop [232]=Oop [240]=Oop [248]=Oop [264]=Oop [272]=Oop [312]=Oop [320]=Oop [328]=Oop [368]=Oop [384]=Oop [416]=Oop [424]=Oop }
                      ;*synchronization entry
                      ; - java.lang.String::<init>@-1 (line 1507)
                      ; - java.lang.StringBuilder::toString@5 (line 475)
                      ; - ai.onnxruntime.OrtSession::run@618 (line 410)
  0x00000288ce2297b0: 0307 e96f 

  0x00000288ce2297b4: ;   {metadata(nullptr)}
  0x00000288ce2297b4: ddff ff48 | ba00 0000 | 0000 0000 | 00b8 000f 

  0x00000288ce2297c4: ;   {runtime_call load_klass_patching Runtime1 stub}
  0x00000288ce2297c4: 050a e835 

  0x00000288ce2297c8: ; ImmutableOopMap {[216]=Oop [224]=Oop [232]=Oop [240]=Oop [248]=Oop [264]=Oop [272]=Oop [312]=Oop [320]=Oop [328]=Oop [368]=Oop [384]=Oop }
                      ;*new {reexecute=1 rethrow=0 return_oop=0}
                      ; - (reexecute) ai.onnxruntime.OrtSession::run@625 (line 416)
  0x00000288ce2297c8: e603 07e9 | f0dd ffff 

  0x00000288ce2297d0: ;   {runtime_call throw_null_pointer_exception Runtime1 stub}
  0x00000288ce2297d0: e8ab 9603 

  0x00000288ce2297d4: ; ImmutableOopMap {[216]=Oop [224]=Oop [232]=Oop [240]=Oop [248]=Oop [264]=Oop [272]=Oop [312]=Oop [320]=Oop [328]=Oop [368]=Oop [384]=Oop }
                      ;*new {reexecute=0 rethrow=0 return_oop=0}
                      ; - ai.onnxruntime.OrtSession::run@625 (line 416)
  0x00000288ce2297d4: 0748 8bd2 

  0x00000288ce2297d8: ;   {runtime_call fast_new_instance_init_check Runtime1 stub}
  0x00000288ce2297d8: e823 a703 

  0x00000288ce2297dc: ; ImmutableOopMap {[216]=Oop [224]=Oop [232]=Oop [240]=Oop [248]=Oop [264]=Oop [272]=Oop [312]=Oop [320]=Oop [328]=Oop [368]=Oop [384]=Oop }
                      ;*new {reexecute=0 rethrow=0 return_oop=0}
                      ; - ai.onnxruntime.OrtSession::run@625 (line 416)
  0x00000288ce2297dc: 07e9 43de | ffff 488b 

  0x00000288ce2297e4: ;   {runtime_call fast_new_instance Runtime1 stub}
  0x00000288ce2297e4: d2e8 16a4 

  0x00000288ce2297e8: ; ImmutableOopMap {[216]=Oop [224]=Oop [232]=Oop [240]=Oop [248]=Oop [264]=Oop [272]=Oop [312]=Oop [320]=Oop [328]=Oop [368]=Oop [384]=Oop [448]=Oop }
                      ;*new {reexecute=0 rethrow=0 return_oop=0}
                      ; - ai.onnxruntime.OrtSession::run@629 (line 416)
  0x00000288ce2297e8: 0307 e98e 

  0x00000288ce2297ec: ;   {metadata({method} {0x0000028880463b88} '<init>' '()V' in 'java/lang/StringBuilder')}
  0x00000288ce2297ec: deff ff49 | ba80 3b46 | 8088 0200 | 004c 8954 | 2408 48c7 | 0424 ffff 

  0x00000288ce229804: ;   {runtime_call counter_overflow Runtime1 stub}
  0x00000288ce229804: ffff e875 

  0x00000288ce229808: ; ImmutableOopMap {rax=Oop [216]=Oop [224]=Oop [232]=Oop [240]=Oop [248]=Oop [264]=Oop [272]=Oop [312]=Oop [320]=Oop [328]=Oop [368]=Oop [384]=Oop [448]=Oop }
                      ;*synchronization entry
                      ; - java.lang.StringBuilder::<init>@-1 (line 106)
                      ; - ai.onnxruntime.OrtSession::run@633 (line 416)
  0x00000288ce229808: f603 07e9 | abde ffff 

  0x00000288ce229810: ;   {metadata({method} {0x0000028880463978} 'append' '(Ljava/lang/String;)Ljava/lang/StringBuilder;' in 'java/lang/StringBuilder')}
  0x00000288ce229810: 49ba 7039 | 4680 8802 | 0000 4c89 | 5424 0848 | c704 24ff 

  0x00000288ce229824: ;   {runtime_call counter_overflow Runtime1 stub}
  0x00000288ce229824: ffff ffe8 

  0x00000288ce229828: ; ImmutableOopMap {[216]=Oop [224]=Oop [232]=Oop [240]=Oop [248]=Oop [264]=Oop [272]=Oop [312]=Oop [320]=Oop [328]=Oop [368]=Oop [384]=Oop [440]=Oop [448]=Oop }
                      ;*synchronization entry
                      ; - java.lang.StringBuilder::append@-1 (line 179)
                      ; - ai.onnxruntime.OrtSession::run@638 (line 416)
  0x00000288ce229828: 54f6 0307 | e906 dfff 

  0x00000288ce229830: ;   {metadata({method} {0x0000028880463978} 'append' '(Ljava/lang/String;)Ljava/lang/StringBuilder;' in 'java/lang/StringBuilder')}
  0x00000288ce229830: ff49 ba70 | 3946 8088 | 0200 004c | 8954 2408 | 48c7 0424 | ffff ffff 

  0x00000288ce229848: ;   {runtime_call counter_overflow Runtime1 stub}
  0x00000288ce229848: e833 f603 

  0x00000288ce22984c: ; ImmutableOopMap {[216]=Oop [224]=Oop [232]=Oop [240]=Oop [248]=Oop [264]=Oop [272]=Oop [312]=Oop [320]=Oop [328]=Oop [368]=Oop [384]=Oop [440]=Oop [448]=Oop }
                      ;*synchronization entry
                      ; - java.lang.StringBuilder::append@-1 (line 179)
                      ; - ai.onnxruntime.OrtSession::run@643 (line 416)
  0x00000288ce22984c: 07e9 65df 

  0x00000288ce229850: ;   {metadata({method} {0x0000028880463978} 'append' '(Ljava/lang/String;)Ljava/lang/StringBuilder;' in 'java/lang/StringBuilder')}
  0x00000288ce229850: ffff 49ba | 7039 4680 | 8802 0000 | 4c89 5424 | 0848 c704 | 24ff ffff 

  0x00000288ce229868: ;   {runtime_call counter_overflow Runtime1 stub}
  0x00000288ce229868: ffe8 12f6 

  0x00000288ce22986c: ; ImmutableOopMap {[216]=Oop [224]=Oop [232]=Oop [240]=Oop [248]=Oop [264]=Oop [272]=Oop [312]=Oop [320]=Oop [328]=Oop [368]=Oop [384]=Oop [440]=Oop [448]=Oop }
                      ;*synchronization entry
                      ; - java.lang.StringBuilder::append@-1 (line 179)
                      ; - ai.onnxruntime.OrtSession::run@648 (line 416)
  0x00000288ce22986c: 0307 e9c4 

  0x00000288ce229870: ;   {runtime_call throw_null_pointer_exception Runtime1 stub}
  0x00000288ce229870: dfff ffe8 

  0x00000288ce229874: ; ImmutableOopMap {rdx=Oop rsi=Oop [216]=Oop [224]=Oop [232]=Oop [240]=Oop [248]=Oop [264]=Oop [272]=Oop [312]=Oop [320]=Oop [328]=Oop [368]=Oop [384]=Oop [440]=Oop [448]=Oop }
                      ;*invokevirtual toString {reexecute=0 rethrow=0 return_oop=0}
                      ; - ai.onnxruntime.OrtSession::run@655 (line 417)
  0x00000288ce229874: 0896 0307 

  0x00000288ce229878: ;   {metadata({method} {0x0000028880463978} 'append' '(Ljava/lang/String;)Ljava/lang/StringBuilder;' in 'java/lang/StringBuilder')}
  0x00000288ce229878: 49ba 7039 | 4680 8802 | 0000 4c89 | 5424 0848 | c704 24ff 

  0x00000288ce22988c: ;   {runtime_call counter_overflow Runtime1 stub}
  0x00000288ce22988c: ffff ffe8 

  0x00000288ce229890: ; ImmutableOopMap {rax=Oop [216]=Oop [224]=Oop [232]=Oop [240]=Oop [248]=Oop [264]=Oop [272]=Oop [312]=Oop [320]=Oop [328]=Oop [368]=Oop [384]=Oop [440]=Oop [448]=Oop }
                      ;*synchronization entry
                      ; - java.lang.StringBuilder::append@-1 (line 179)
                      ; - ai.onnxruntime.OrtSession::run@658 (line 417)
  0x00000288ce229890: ecf5 0307 | e9de e0ff 

  0x00000288ce229898: ;   {metadata({method} {0x0000028880008b50} 'toString' '()Ljava/lang/String;' in 'java/lang/StringBuilder')}
  0x00000288ce229898: ff49 ba48 | 8b00 8088 | 0200 004c | 8954 2408 | 48c7 0424 | ffff ffff 

  0x00000288ce2298b0: ;   {runtime_call counter_overflow Runtime1 stub}
  0x00000288ce2298b0: e8cb f503 

  0x00000288ce2298b4: ; ImmutableOopMap {[216]=Oop [224]=Oop [232]=Oop [240]=Oop [248]=Oop [264]=Oop [272]=Oop [312]=Oop [320]=Oop [328]=Oop [368]=Oop [384]=Oop [440]=Oop [448]=Oop }
                      ;*synchronization entry
                      ; - java.lang.StringBuilder::toString@-1 (line 475)
                      ; - ai.onnxruntime.OrtSession::run@661 (line 417)
  0x00000288ce2298b4: 07e9 3be1 | ffff 488b 

  0x00000288ce2298bc: ;   {runtime_call fast_new_instance Runtime1 stub}
  0x00000288ce2298bc: d2e8 3ea3 

  0x00000288ce2298c0: ; ImmutableOopMap {[216]=Oop [224]=Oop [232]=Oop [240]=Oop [248]=Oop [264]=Oop [272]=Oop [312]=Oop [320]=Oop [328]=Oop [368]=Oop [384]=Oop [440]=Oop [448]=Oop }
                      ;*new {reexecute=0 rethrow=0 return_oop=0}
                      ; - java.lang.StringBuilder::toString@0 (line 475)
                      ; - ai.onnxruntime.OrtSession::run@661 (line 417)
  0x00000288ce2298c0: 0307 e97e 

  0x00000288ce2298c4: ;   {metadata({method} {0x0000028880457cb0} '<init>' '(Ljava/lang/StringBuilder;)V' in 'java/lang/String')}
  0x00000288ce2298c4: e1ff ff49 | baa8 7c45 | 8088 0200 | 004c 8954 | 2408 48c7 | 0424 ffff 

  0x00000288ce2298dc: ;   {runtime_call counter_overflow Runtime1 stub}
  0x00000288ce2298dc: ffff e89d 

  0x00000288ce2298e0: ; ImmutableOopMap {rax=Oop [216]=Oop [224]=Oop [232]=Oop [240]=Oop [248]=Oop [264]=Oop [272]=Oop [312]=Oop [320]=Oop [328]=Oop [368]=Oop [384]=Oop [440]=Oop [448]=Oop }
                      ;*synchronization entry
                      ; - java.lang.String::<init>@-1 (line 1507)
                      ; - java.lang.StringBuilder::toString@5 (line 475)
                      ; - ai.onnxruntime.OrtSession::run@661 (line 417)
  0x00000288ce2298e0: f503 07e9 | 9ee1 ffff 

  0x00000288ce2298e8: ;   {metadata(nullptr)}
  0x00000288ce2298e8: 48ba 0000 | 0000 0000 | 0000 b800 

  0x00000288ce2298f4: ;   {runtime_call load_klass_patching Runtime1 stub}
  0x00000288ce2298f4: 0f05 0ae8 

  0x00000288ce2298f8: ; ImmutableOopMap {[216]=Oop [224]=Oop [232]=Oop [240]=Oop [248]=Oop [264]=Oop [272]=Oop [312]=Oop [320]=Oop [328]=Oop [344]=Oop [360]=Oop }
                      ;*new {reexecute=1 rethrow=0 return_oop=0}
                      ; - (reexecute) ai.onnxruntime.OrtSession::run@470 (line 398)
  0x00000288ce2298f8: 04e5 0307 | e91f e2ff 

  0x00000288ce229900: ;   {runtime_call throw_null_pointer_exception Runtime1 stub}
  0x00000288ce229900: ffe8 7a95 

  0x00000288ce229904: ; ImmutableOopMap {[216]=Oop [224]=Oop [232]=Oop [240]=Oop [248]=Oop [264]=Oop [272]=Oop [312]=Oop [320]=Oop [328]=Oop [344]=Oop [360]=Oop }
                      ;*new {reexecute=0 rethrow=0 return_oop=0}
                      ; - ai.onnxruntime.OrtSession::run@470 (line 398)
  0x00000288ce229904: 0307 488b 

  0x00000288ce229908: ;   {runtime_call fast_new_instance_init_check Runtime1 stub}
  0x00000288ce229908: d2e8 f2a5 

  0x00000288ce22990c: ; ImmutableOopMap {[216]=Oop [224]=Oop [232]=Oop [240]=Oop [248]=Oop [264]=Oop [272]=Oop [312]=Oop [320]=Oop [328]=Oop [344]=Oop [360]=Oop }
                      ;*new {reexecute=0 rethrow=0 return_oop=0}
                      ; - ai.onnxruntime.OrtSession::run@470 (line 398)
  0x00000288ce22990c: 0307 e972 | e2ff ff48 

  0x00000288ce229914: ;   {runtime_call fast_new_instance Runtime1 stub}
  0x00000288ce229914: 8bd2 e8e5 

  0x00000288ce229918: ; ImmutableOopMap {[216]=Oop [224]=Oop [232]=Oop [240]=Oop [248]=Oop [264]=Oop [272]=Oop [312]=Oop [320]=Oop [328]=Oop [344]=Oop [360]=Oop [472]=Oop }
                      ;*new {reexecute=0 rethrow=0 return_oop=0}
                      ; - ai.onnxruntime.OrtSession::run@474 (line 398)
  0x00000288ce229918: a203 07e9 | bde2 ffff 

  0x00000288ce229920: ;   {metadata({method} {0x0000028880463b88} '<init>' '()V' in 'java/lang/StringBuilder')}
  0x00000288ce229920: 49ba 803b | 4680 8802 | 0000 4c89 | 5424 0848 | c704 24ff 

  0x00000288ce229934: ;   {runtime_call counter_overflow Runtime1 stub}
  0x00000288ce229934: ffff ffe8 

  0x00000288ce229938: ; ImmutableOopMap {rax=Oop [216]=Oop [224]=Oop [232]=Oop [240]=Oop [248]=Oop [264]=Oop [272]=Oop [312]=Oop [320]=Oop [328]=Oop [344]=Oop [360]=Oop [472]=Oop }
                      ;*synchronization entry
                      ; - java.lang.StringBuilder::<init>@-1 (line 106)
                      ; - ai.onnxruntime.OrtSession::run@478 (line 398)
  0x00000288ce229938: 44f5 0307 | e9d8 e2ff 

  0x00000288ce229940: ;   {metadata({method} {0x0000028880463978} 'append' '(Ljava/lang/String;)Ljava/lang/StringBuilder;' in 'java/lang/StringBuilder')}
  0x00000288ce229940: ff49 ba70 | 3946 8088 | 0200 004c | 8954 2408 | 48c7 0424 | ffff ffff 

  0x00000288ce229958: ;   {runtime_call counter_overflow Runtime1 stub}
  0x00000288ce229958: e823 f503 

  0x00000288ce22995c: ; ImmutableOopMap {[216]=Oop [224]=Oop [232]=Oop [240]=Oop [248]=Oop [264]=Oop [272]=Oop [312]=Oop [320]=Oop [328]=Oop [344]=Oop [360]=Oop [472]=Oop [480]=Oop }
                      ;*synchronization entry
                      ; - java.lang.StringBuilder::append@-1 (line 179)
                      ; - ai.onnxruntime.OrtSession::run@483 (line 398)
  0x00000288ce22995c: 07e9 2de3 | ffff 4889 

  0x00000288ce229964: ;   {runtime_call throw_class_cast_exception Runtime1 stub}
  0x00000288ce229964: 0424 e815 

  0x00000288ce229968: ; ImmutableOopMap {[216]=Oop [224]=Oop [232]=Oop [240]=Oop [248]=Oop [264]=Oop [272]=Oop [312]=Oop [320]=Oop [328]=Oop [344]=Oop [360]=Oop [472]=Oop [480]=Oop }
                      ;*checkcast {reexecute=0 rethrow=0 return_oop=0}
                      ; - ai.onnxruntime.OrtSession::run@493 (line 399)
                      ;   {metadata({method} {0x0000028880463978} 'append' '(Ljava/lang/String;)Ljava/lang/StringBuilder;' in 'java/lang/StringBuilder')}
  0x00000288ce229968: c803 0749 | ba70 3946 | 8088 0200 | 004c 8954 | 2408 48c7 | 0424 ffff 

  0x00000288ce229980: ;   {runtime_call counter_overflow Runtime1 stub}
  0x00000288ce229980: ffff e8f9 

  0x00000288ce229984: ; ImmutableOopMap {rsi=Oop [216]=Oop [224]=Oop [232]=Oop [240]=Oop [248]=Oop [264]=Oop [272]=Oop [312]=Oop [320]=Oop [328]=Oop [344]=Oop [360]=Oop [472]=Oop [480]=Oop }
                      ;*synchronization entry
                      ; - java.lang.StringBuilder::append@-1 (line 179)
                      ; - ai.onnxruntime.OrtSession::run@496 (line 399)
  0x00000288ce229984: f403 07e9 | 26e5 ffff 

  0x00000288ce22998c: ;   {metadata({method} {0x0000028880463978} 'append' '(Ljava/lang/String;)Ljava/lang/StringBuilder;' in 'java/lang/StringBuilder')}
  0x00000288ce22998c: 49ba 7039 | 4680 8802 | 0000 4c89 | 5424 0848 | c704 24ff 

  0x00000288ce2299a0: ;   {runtime_call counter_overflow Runtime1 stub}
  0x00000288ce2299a0: ffff ffe8 

  0x00000288ce2299a4: ; ImmutableOopMap {[216]=Oop [224]=Oop [232]=Oop [240]=Oop [248]=Oop [264]=Oop [272]=Oop [312]=Oop [320]=Oop [328]=Oop [344]=Oop [360]=Oop [472]=Oop [480]=Oop }
                      ;*synchronization entry
                      ; - java.lang.StringBuilder::append@-1 (line 179)
                      ; - ai.onnxruntime.OrtSession::run@501 (line 399)
  0x00000288ce2299a4: d8f4 0307 | e982 e5ff 

  0x00000288ce2299ac: ;   {runtime_call throw_null_pointer_exception Runtime1 stub}
  0x00000288ce2299ac: ffe8 ce94 

  0x00000288ce2299b0: ; ImmutableOopMap {rdx=Oop rsi=Oop [216]=Oop [224]=Oop [232]=Oop [240]=Oop [248]=Oop [264]=Oop [272]=Oop [312]=Oop [320]=Oop [328]=Oop [344]=Oop [360]=Oop [472]=Oop [480]=Oop }
                      ;*invokevirtual toString {reexecute=0 rethrow=0 return_oop=0}
                      ; - ai.onnxruntime.OrtSession::run@508 (line 399)
                      ;   {metadata({method} {0x0000028880463978} 'append' '(Ljava/lang/String;)Ljava/lang/StringBuilder;' in 'java/lang/StringBuilder')}
  0x00000288ce2299b0: 0307 49ba | 7039 4680 | 8802 0000 | 4c89 5424 | 0848 c704 | 24ff ffff 

  0x00000288ce2299c8: ;   {runtime_call counter_overflow Runtime1 stub}
  0x00000288ce2299c8: ffe8 b2f4 

  0x00000288ce2299cc: ; ImmutableOopMap {rax=Oop [216]=Oop [224]=Oop [232]=Oop [240]=Oop [248]=Oop [264]=Oop [272]=Oop [312]=Oop [320]=Oop [328]=Oop [344]=Oop [360]=Oop [472]=Oop [480]=Oop }
                      ;*synchronization entry
                      ; - java.lang.StringBuilder::append@-1 (line 179)
                      ; - ai.onnxruntime.OrtSession::run@511 (line 399)
  0x00000288ce2299cc: 0307 e99c 

  0x00000288ce2299d0: ;   {metadata({method} {0x0000028880008b50} 'toString' '()Ljava/lang/String;' in 'java/lang/StringBuilder')}
  0x00000288ce2299d0: e6ff ff49 | ba48 8b00 | 8088 0200 | 004c 8954 | 2408 48c7 | 0424 ffff 

  0x00000288ce2299e8: ;   {runtime_call counter_overflow Runtime1 stub}
  0x00000288ce2299e8: ffff e891 

  0x00000288ce2299ec: ; ImmutableOopMap {[216]=Oop [224]=Oop [232]=Oop [240]=Oop [248]=Oop [264]=Oop [272]=Oop [312]=Oop [320]=Oop [328]=Oop [344]=Oop [360]=Oop [472]=Oop [480]=Oop }
                      ;*synchronization entry
                      ; - java.lang.StringBuilder::toString@-1 (line 475)
                      ; - ai.onnxruntime.OrtSession::run@514 (line 399)
  0x00000288ce2299ec: f403 07e9 | f9e6 ffff 

  0x00000288ce2299f4: ;   {runtime_call fast_new_instance Runtime1 stub}
  0x00000288ce2299f4: 488b d2e8 

  0x00000288ce2299f8: ; ImmutableOopMap {[216]=Oop [224]=Oop [232]=Oop [240]=Oop [248]=Oop [264]=Oop [272]=Oop [312]=Oop [320]=Oop [328]=Oop [344]=Oop [360]=Oop [472]=Oop [480]=Oop }
                      ;*new {reexecute=0 rethrow=0 return_oop=0}
                      ; - java.lang.StringBuilder::toString@0 (line 475)
                      ; - ai.onnxruntime.OrtSession::run@514 (line 399)
  0x00000288ce2299f8: 04a2 0307 | e93c e7ff 

  0x00000288ce229a00: ;   {metadata({method} {0x0000028880457cb0} '<init>' '(Ljava/lang/StringBuilder;)V' in 'java/lang/String')}
  0x00000288ce229a00: ff49 baa8 | 7c45 8088 | 0200 004c | 8954 2408 | 48c7 0424 | ffff ffff 

  0x00000288ce229a18: ;   {runtime_call counter_overflow Runtime1 stub}
  0x00000288ce229a18: e863 f403 

  0x00000288ce229a1c: ; ImmutableOopMap {rax=Oop [216]=Oop [224]=Oop [232]=Oop [240]=Oop [248]=Oop [264]=Oop [272]=Oop [312]=Oop [320]=Oop [328]=Oop [344]=Oop [360]=Oop [472]=Oop [480]=Oop }
                      ;*synchronization entry
                      ; - java.lang.String::<init>@-1 (line 1507)
                      ; - java.lang.StringBuilder::toString@5 (line 475)
                      ; - ai.onnxruntime.OrtSession::run@514 (line 399)
  0x00000288ce229a1c: 07e9 5ce7 

  0x00000288ce229a20: ;   {metadata(nullptr)}
  0x00000288ce229a20: ffff 48ba | 0000 0000 | 0000 0000 | b800 0f05 

  0x00000288ce229a30: ;   {runtime_call load_klass_patching Runtime1 stub}
  0x00000288ce229a30: 0ae8 cae3 

  0x00000288ce229a34: ; ImmutableOopMap {[216]=Oop [224]=Oop [232]=Oop [240]=Oop [248]=Oop [264]=Oop [272]=Oop [280]=Oop [304]=Oop }
                      ;*new {reexecute=1 rethrow=0 return_oop=0}
                      ; - (reexecute) ai.onnxruntime.OrtSession::run@272 (line 383)
  0x00000288ce229a34: 0307 e9dd 

  0x00000288ce229a38: ;   {runtime_call throw_null_pointer_exception Runtime1 stub}
  0x00000288ce229a38: e7ff ffe8 

  0x00000288ce229a3c: ; ImmutableOopMap {[216]=Oop [224]=Oop [232]=Oop [240]=Oop [248]=Oop [264]=Oop [272]=Oop [280]=Oop [304]=Oop }
                      ;*new {reexecute=0 rethrow=0 return_oop=0}
                      ; - ai.onnxruntime.OrtSession::run@272 (line 383)
  0x00000288ce229a3c: 4094 0307 

  0x00000288ce229a40: ;   {runtime_call fast_new_instance_init_check Runtime1 stub}
  0x00000288ce229a40: 488b d2e8 

  0x00000288ce229a44: ; ImmutableOopMap {[216]=Oop [224]=Oop [232]=Oop [240]=Oop [248]=Oop [264]=Oop [272]=Oop [280]=Oop [304]=Oop }
                      ;*new {reexecute=0 rethrow=0 return_oop=0}
                      ; - ai.onnxruntime.OrtSession::run@272 (line 383)
  0x00000288ce229a44: b8a4 0307 | e930 e8ff | ff48 8bd2 

  0x00000288ce229a50: ;   {runtime_call fast_new_instance Runtime1 stub}
  0x00000288ce229a50: e8ab a103 

  0x00000288ce229a54: ; ImmutableOopMap {[216]=Oop [224]=Oop [232]=Oop [240]=Oop [248]=Oop [264]=Oop [272]=Oop [280]=Oop [304]=Oop [512]=Oop }
                      ;*new {reexecute=0 rethrow=0 return_oop=0}
                      ; - ai.onnxruntime.OrtSession::run@276 (line 383)
  0x00000288ce229a54: 07e9 7be8 

  0x00000288ce229a58: ;   {metadata({method} {0x0000028880463b88} '<init>' '()V' in 'java/lang/StringBuilder')}
  0x00000288ce229a58: ffff 49ba | 803b 4680 | 8802 0000 | 4c89 5424 | 0848 c704 | 24ff ffff 

  0x00000288ce229a70: ;   {runtime_call counter_overflow Runtime1 stub}
  0x00000288ce229a70: ffe8 0af4 

  0x00000288ce229a74: ; ImmutableOopMap {rax=Oop [216]=Oop [224]=Oop [232]=Oop [240]=Oop [248]=Oop [264]=Oop [272]=Oop [280]=Oop [304]=Oop [512]=Oop }
                      ;*synchronization entry
                      ; - java.lang.StringBuilder::<init>@-1 (line 106)
                      ; - ai.onnxruntime.OrtSession::run@280 (line 383)
  0x00000288ce229a74: 0307 e996 

  0x00000288ce229a78: ;   {metadata({method} {0x0000028880463978} 'append' '(Ljava/lang/String;)Ljava/lang/StringBuilder;' in 'java/lang/StringBuilder')}
  0x00000288ce229a78: e8ff ff49 | ba70 3946 | 8088 0200 | 004c 8954 | 2408 48c7 | 0424 ffff 

  0x00000288ce229a90: ;   {runtime_call counter_overflow Runtime1 stub}
  0x00000288ce229a90: ffff e8e9 

  0x00000288ce229a94: ; ImmutableOopMap {[216]=Oop [224]=Oop [232]=Oop [240]=Oop [248]=Oop [264]=Oop [272]=Oop [280]=Oop [304]=Oop [512]=Oop [520]=Oop }
                      ;*synchronization entry
                      ; - java.lang.StringBuilder::append@-1 (line 179)
                      ; - ai.onnxruntime.OrtSession::run@285 (line 383)
  0x00000288ce229a94: f303 07e9 | ebe8 ffff | 4889 0424 

  0x00000288ce229aa0: ;   {runtime_call throw_class_cast_exception Runtime1 stub}
  0x00000288ce229aa0: e8db c603 

  0x00000288ce229aa4: ; ImmutableOopMap {[216]=Oop [224]=Oop [232]=Oop [240]=Oop [248]=Oop [264]=Oop [272]=Oop [280]=Oop [304]=Oop [512]=Oop [520]=Oop }
                      ;*checkcast {reexecute=0 rethrow=0 return_oop=0}
                      ; - ai.onnxruntime.OrtSession::run@295 (line 384)
                      ;   {metadata({method} {0x0000028880463978} 'append' '(Ljava/lang/String;)Ljava/lang/StringBuilder;' in 'java/lang/StringBuilder')}
  0x00000288ce229aa4: 0749 ba70 | 3946 8088 | 0200 004c | 8954 2408 | 48c7 0424 | ffff ffff 

  0x00000288ce229abc: ;   {runtime_call counter_overflow Runtime1 stub}
  0x00000288ce229abc: e8bf f303 

  0x00000288ce229ac0: ; ImmutableOopMap {rsi=Oop [216]=Oop [224]=Oop [232]=Oop [240]=Oop [248]=Oop [264]=Oop [272]=Oop [280]=Oop [304]=Oop [512]=Oop [520]=Oop }
                      ;*synchronization entry
                      ; - java.lang.StringBuilder::append@-1 (line 179)
                      ; - ai.onnxruntime.OrtSession::run@298 (line 384)
  0x00000288ce229ac0: 07e9 e4ea 

  0x00000288ce229ac4: ;   {metadata({method} {0x0000028880463978} 'append' '(Ljava/lang/String;)Ljava/lang/StringBuilder;' in 'java/lang/StringBuilder')}
  0x00000288ce229ac4: ffff 49ba | 7039 4680 | 8802 0000 | 4c89 5424 | 0848 c704 | 24ff ffff 

  0x00000288ce229adc: ;   {runtime_call counter_overflow Runtime1 stub}
  0x00000288ce229adc: ffe8 9ef3 

  0x00000288ce229ae0: ; ImmutableOopMap {[216]=Oop [224]=Oop [232]=Oop [240]=Oop [248]=Oop [264]=Oop [272]=Oop [280]=Oop [304]=Oop [512]=Oop [520]=Oop }
                      ;*synchronization entry
                      ; - java.lang.StringBuilder::append@-1 (line 179)
                      ; - ai.onnxruntime.OrtSession::run@303 (line 384)
  0x00000288ce229ae0: 0307 e940 

  0x00000288ce229ae4: ;   {runtime_call throw_null_pointer_exception Runtime1 stub}
  0x00000288ce229ae4: ebff ffe8 

  0x00000288ce229ae8: ; ImmutableOopMap {rdx=Oop rsi=Oop [216]=Oop [224]=Oop [232]=Oop [240]=Oop [248]=Oop [264]=Oop [272]=Oop [280]=Oop [304]=Oop [512]=Oop [520]=Oop }
                      ;*invokevirtual toString {reexecute=0 rethrow=0 return_oop=0}
                      ; - ai.onnxruntime.OrtSession::run@310 (line 384)
  0x00000288ce229ae8: 9493 0307 

  0x00000288ce229aec: ;   {metadata({method} {0x0000028880463978} 'append' '(Ljava/lang/String;)Ljava/lang/StringBuilder;' in 'java/lang/StringBuilder')}
  0x00000288ce229aec: 49ba 7039 | 4680 8802 | 0000 4c89 | 5424 0848 | c704 24ff 

  0x00000288ce229b00: ;   {runtime_call counter_overflow Runtime1 stub}
  0x00000288ce229b00: ffff ffe8 

  0x00000288ce229b04: ; ImmutableOopMap {rax=Oop [216]=Oop [224]=Oop [232]=Oop [240]=Oop [248]=Oop [264]=Oop [272]=Oop [280]=Oop [304]=Oop [512]=Oop [520]=Oop }
                      ;*synchronization entry
                      ; - java.lang.StringBuilder::append@-1 (line 179)
                      ; - ai.onnxruntime.OrtSession::run@313 (line 384)
  0x00000288ce229b04: 78f3 0307 | e95a ecff 

  0x00000288ce229b0c: ;   {metadata({method} {0x0000028880008b50} 'toString' '()Ljava/lang/String;' in 'java/lang/StringBuilder')}
  0x00000288ce229b0c: ff49 ba48 | 8b00 8088 | 0200 004c | 8954 2408 | 48c7 0424 | ffff ffff 

  0x00000288ce229b24: ;   {runtime_call counter_overflow Runtime1 stub}
  0x00000288ce229b24: e857 f303 

  0x00000288ce229b28: ; ImmutableOopMap {[216]=Oop [224]=Oop [232]=Oop [240]=Oop [248]=Oop [264]=Oop [272]=Oop [280]=Oop [304]=Oop [512]=Oop [520]=Oop }
                      ;*synchronization entry
                      ; - java.lang.StringBuilder::toString@-1 (line 475)
                      ; - ai.onnxruntime.OrtSession::run@316 (line 384)
  0x00000288ce229b28: 07e9 b7ec | ffff 488b 

  0x00000288ce229b30: ;   {runtime_call fast_new_instance Runtime1 stub}
  0x00000288ce229b30: d2e8 caa0 

  0x00000288ce229b34: ; ImmutableOopMap {[216]=Oop [224]=Oop [232]=Oop [240]=Oop [248]=Oop [264]=Oop [272]=Oop [280]=Oop [304]=Oop [512]=Oop [520]=Oop }
                      ;*new {reexecute=0 rethrow=0 return_oop=0}
                      ; - java.lang.StringBuilder::toString@0 (line 475)
                      ; - ai.onnxruntime.OrtSession::run@316 (line 384)
  0x00000288ce229b34: 0307 e9fa 

  0x00000288ce229b38: ;   {metadata({method} {0x0000028880457cb0} '<init>' '(Ljava/lang/StringBuilder;)V' in 'java/lang/String')}
  0x00000288ce229b38: ecff ff49 | baa8 7c45 | 8088 0200 | 004c 8954 | 2408 48c7 | 0424 ffff 

  0x00000288ce229b50: ;   {runtime_call counter_overflow Runtime1 stub}
  0x00000288ce229b50: ffff e829 

  0x00000288ce229b54: ; ImmutableOopMap {rax=Oop [216]=Oop [224]=Oop [232]=Oop [240]=Oop [248]=Oop [264]=Oop [272]=Oop [280]=Oop [304]=Oop [512]=Oop [520]=Oop }
                      ;*synchronization entry
                      ; - java.lang.String::<init>@-1 (line 1507)
                      ; - java.lang.StringBuilder::toString@5 (line 475)
                      ; - ai.onnxruntime.OrtSession::run@316 (line 384)
  0x00000288ce229b54: f303 07e9 | 1aed ffff 

  0x00000288ce229b5c: ;   {metadata(nullptr)}
  0x00000288ce229b5c: 48ba 0000 | 0000 0000 | 0000 b800 

  0x00000288ce229b68: ;   {runtime_call load_klass_patching Runtime1 stub}
  0x00000288ce229b68: 0f05 0ae8 

  0x00000288ce229b6c: ; ImmutableOopMap {[216]=Oop [224]=Oop [232]=Oop [240]=Oop [248]=Oop }
                      ;*new {reexecute=1 rethrow=0 return_oop=0}
                      ; - (reexecute) ai.onnxruntime.OrtSession::run@115 (line 368)
  0x00000288ce229b6c: 90e2 0307 | e99b edff 

  0x00000288ce229b74: ;   {runtime_call throw_null_pointer_exception Runtime1 stub}
  0x00000288ce229b74: ffe8 0693 

  0x00000288ce229b78: ; ImmutableOopMap {[216]=Oop [224]=Oop [232]=Oop [240]=Oop [248]=Oop }
                      ;*new {reexecute=0 rethrow=0 return_oop=0}
                      ; - ai.onnxruntime.OrtSession::run@115 (line 368)
  0x00000288ce229b78: 0307 488b 

  0x00000288ce229b7c: ;   {runtime_call fast_new_instance_init_check Runtime1 stub}
  0x00000288ce229b7c: d2e8 7ea3 

  0x00000288ce229b80: ; ImmutableOopMap {[216]=Oop [224]=Oop [232]=Oop [240]=Oop [248]=Oop }
                      ;*new {reexecute=0 rethrow=0 return_oop=0}
                      ; - ai.onnxruntime.OrtSession::run@115 (line 368)
  0x00000288ce229b80: 0307 e9ee | edff ff48 

  0x00000288ce229b88: ;   {runtime_call fast_new_instance Runtime1 stub}
  0x00000288ce229b88: 8bd2 e871 

  0x00000288ce229b8c: ; ImmutableOopMap {[216]=Oop [224]=Oop [232]=Oop [240]=Oop [248]=Oop [560]=Oop }
                      ;*new {reexecute=0 rethrow=0 return_oop=0}
                      ; - ai.onnxruntime.OrtSession::run@119 (line 368)
  0x00000288ce229b8c: a003 07e9 | 39ee ffff 

  0x00000288ce229b94: ;   {metadata({method} {0x0000028880463b88} '<init>' '()V' in 'java/lang/StringBuilder')}
  0x00000288ce229b94: 49ba 803b | 4680 8802 | 0000 4c89 | 5424 0848 | c704 24ff 

  0x00000288ce229ba8: ;   {runtime_call counter_overflow Runtime1 stub}
  0x00000288ce229ba8: ffff ffe8 

  0x00000288ce229bac: ; ImmutableOopMap {rax=Oop [216]=Oop [224]=Oop [232]=Oop [240]=Oop [248]=Oop [560]=Oop }
                      ;*synchronization entry
                      ; - java.lang.StringBuilder::<init>@-1 (line 106)
                      ; - ai.onnxruntime.OrtSession::run@123 (line 368)
  0x00000288ce229bac: d0f2 0307 | e956 eeff 

  0x00000288ce229bb4: ;   {metadata({method} {0x0000028880463978} 'append' '(Ljava/lang/String;)Ljava/lang/StringBuilder;' in 'java/lang/StringBuilder')}
  0x00000288ce229bb4: ff49 ba70 | 3946 8088 | 0200 004c | 8954 2408 | 48c7 0424 | ffff ffff 

  0x00000288ce229bcc: ;   {runtime_call counter_overflow Runtime1 stub}
  0x00000288ce229bcc: e8af f203 

  0x00000288ce229bd0: ; ImmutableOopMap {[216]=Oop [224]=Oop [232]=Oop [240]=Oop [248]=Oop [552]=Oop [560]=Oop }
                      ;*synchronization entry
                      ; - java.lang.StringBuilder::append@-1 (line 179)
                      ; - ai.onnxruntime.OrtSession::run@128 (line 368)
  0x00000288ce229bd0: 07e9 b1ee 

  0x00000288ce229bd4: ;   {metadata({method} {0x00000288804638c8} 'append' '(J)Ljava/lang/StringBuilder;' in 'java/lang/StringBuilder')}
  0x00000288ce229bd4: ffff 49ba | c038 4680 | 8802 0000 | 4c89 5424 | 0848 c704 | 24ff ffff 

  0x00000288ce229bec: ;   {runtime_call counter_overflow Runtime1 stub}
  0x00000288ce229bec: ffe8 8ef2 

  0x00000288ce229bf0: ; ImmutableOopMap {rdx=Oop [216]=Oop [224]=Oop [232]=Oop [240]=Oop [248]=Oop [552]=Oop [560]=Oop }
                      ;*synchronization entry
                      ; - java.lang.StringBuilder::append@-1 (line 259)
                      ; - ai.onnxruntime.OrtSession::run@135 (line 368)
  0x00000288ce229bf0: 0307 e91c 

  0x00000288ce229bf4: ;   {metadata({method} {0x0000028880463978} 'append' '(Ljava/lang/String;)Ljava/lang/StringBuilder;' in 'java/lang/StringBuilder')}
  0x00000288ce229bf4: efff ff49 | ba70 3946 | 8088 0200 | 004c 8954 | 2408 48c7 | 0424 ffff 

  0x00000288ce229c0c: ;   {runtime_call counter_overflow Runtime1 stub}
  0x00000288ce229c0c: ffff e86d 

  0x00000288ce229c10: ; ImmutableOopMap {[216]=Oop [224]=Oop [232]=Oop [240]=Oop [248]=Oop [552]=Oop [560]=Oop }
                      ;*synchronization entry
                      ; - java.lang.StringBuilder::append@-1 (line 179)
                      ; - ai.onnxruntime.OrtSession::run@140 (line 368)
  0x00000288ce229c10: f203 07e9 | 7fef ffff 

  0x00000288ce229c18: ;   {metadata({method} {0x0000028880463710} 'append' '(I)Ljava/lang/StringBuilder;' in 'java/lang/StringBuilder')}
  0x00000288ce229c18: 49ba 0837 | 4680 8802 | 0000 4c89 | 5424 0848 | c704 24ff 

  0x00000288ce229c2c: ;   {runtime_call counter_overflow Runtime1 stub}
  0x00000288ce229c2c: ffff ffe8 

  0x00000288ce229c30: ; ImmutableOopMap {[216]=Oop [224]=Oop [232]=Oop [240]=Oop [248]=Oop [552]=Oop [560]=Oop }
                      ;*synchronization entry
                      ; - java.lang.StringBuilder::append@-1 (line 253)
                      ; - ai.onnxruntime.OrtSession::run@145 (line 368)
  0x00000288ce229c30: 4cf2 0307 | e9de efff 

  0x00000288ce229c38: ;   {metadata({method} {0x0000028880008b50} 'toString' '()Ljava/lang/String;' in 'java/lang/StringBuilder')}
  0x00000288ce229c38: ff49 ba48 | 8b00 8088 | 0200 004c | 8954 2408 | 48c7 0424 | ffff ffff 

  0x00000288ce229c50: ;   {runtime_call counter_overflow Runtime1 stub}
  0x00000288ce229c50: e82b f203 

  0x00000288ce229c54: ; ImmutableOopMap {[216]=Oop [224]=Oop [232]=Oop [240]=Oop [248]=Oop [552]=Oop [560]=Oop }
                      ;*synchronization entry
                      ; - java.lang.StringBuilder::toString@-1 (line 475)
                      ; - ai.onnxruntime.OrtSession::run@148 (line 368)
  0x00000288ce229c54: 07e9 3bf0 | ffff 488b 

  0x00000288ce229c5c: ;   {runtime_call fast_new_instance Runtime1 stub}
  0x00000288ce229c5c: d2e8 9e9f 

  0x00000288ce229c60: ; ImmutableOopMap {[216]=Oop [224]=Oop [232]=Oop [240]=Oop [248]=Oop [552]=Oop [560]=Oop }
                      ;*new {reexecute=0 rethrow=0 return_oop=0}
                      ; - java.lang.StringBuilder::toString@0 (line 475)
                      ; - ai.onnxruntime.OrtSession::run@148 (line 368)
  0x00000288ce229c60: 0307 e97e 

  0x00000288ce229c64: ;   {metadata({method} {0x0000028880457cb0} '<init>' '(Ljava/lang/StringBuilder;)V' in 'java/lang/String')}
  0x00000288ce229c64: f0ff ff49 | baa8 7c45 | 8088 0200 | 004c 8954 | 2408 48c7 | 0424 ffff 

  0x00000288ce229c7c: ;   {runtime_call counter_overflow Runtime1 stub}
  0x00000288ce229c7c: ffff e8fd 

  0x00000288ce229c80: ; ImmutableOopMap {rax=Oop [216]=Oop [224]=Oop [232]=Oop [240]=Oop [248]=Oop [552]=Oop [560]=Oop }
                      ;*synchronization entry
                      ; - java.lang.String::<init>@-1 (line 1507)
                      ; - java.lang.StringBuilder::toString@5 (line 475)
                      ; - ai.onnxruntime.OrtSession::run@148 (line 368)
  0x00000288ce229c80: f103 07e9 | 9ef0 ffff 

  0x00000288ce229c88: ;   {metadata(nullptr)}
  0x00000288ce229c88: 48ba 0000 | 0000 0000 | 0000 b800 

  0x00000288ce229c94: ;   {runtime_call load_klass_patching Runtime1 stub}
  0x00000288ce229c94: 0f05 0ae8 

  0x00000288ce229c98: ; ImmutableOopMap {[216]=Oop [224]=Oop [232]=Oop [240]=Oop [248]=Oop }
                      ;*new {reexecute=1 rethrow=0 return_oop=0}
                      ; - (reexecute) ai.onnxruntime.OrtSession::run@40 (line 363)
  0x00000288ce229c98: 64e1 0307 | e91f f1ff 

  0x00000288ce229ca0: ;   {runtime_call throw_null_pointer_exception Runtime1 stub}
  0x00000288ce229ca0: ffe8 da91 

  0x00000288ce229ca4: ; ImmutableOopMap {[216]=Oop [224]=Oop [232]=Oop [240]=Oop [248]=Oop }
                      ;*new {reexecute=0 rethrow=0 return_oop=0}
                      ; - ai.onnxruntime.OrtSession::run@40 (line 363)
  0x00000288ce229ca4: 0307 488b 

  0x00000288ce229ca8: ;   {runtime_call fast_new_instance_init_check Runtime1 stub}
  0x00000288ce229ca8: d2e8 52a2 

  0x00000288ce229cac: ; ImmutableOopMap {[216]=Oop [224]=Oop [232]=Oop [240]=Oop [248]=Oop }
                      ;*new {reexecute=0 rethrow=0 return_oop=0}
                      ; - ai.onnxruntime.OrtSession::run@40 (line 363)
  0x00000288ce229cac: 0307 e972 | f1ff ff48 

  0x00000288ce229cb4: ;   {runtime_call fast_new_instance Runtime1 stub}
  0x00000288ce229cb4: 8bd2 e845 

  0x00000288ce229cb8: ; ImmutableOopMap {[216]=Oop [224]=Oop [232]=Oop [240]=Oop [248]=Oop [592]=Oop }
                      ;*new {reexecute=0 rethrow=0 return_oop=0}
                      ; - ai.onnxruntime.OrtSession::run@44 (line 363)
  0x00000288ce229cb8: 9f03 07e9 | bdf1 ffff 

  0x00000288ce229cc0: ;   {metadata({method} {0x0000028880463b88} '<init>' '()V' in 'java/lang/StringBuilder')}
  0x00000288ce229cc0: 49ba 803b | 4680 8802 | 0000 4c89 | 5424 0848 | c704 24ff 

  0x00000288ce229cd4: ;   {runtime_call counter_overflow Runtime1 stub}
  0x00000288ce229cd4: ffff ffe8 

  0x00000288ce229cd8: ; ImmutableOopMap {rax=Oop [216]=Oop [224]=Oop [232]=Oop [240]=Oop [248]=Oop [592]=Oop }
                      ;*synchronization entry
                      ; - java.lang.StringBuilder::<init>@-1 (line 106)
                      ; - ai.onnxruntime.OrtSession::run@48 (line 363)
  0x00000288ce229cd8: a4f1 0307 | e9da f1ff 

  0x00000288ce229ce0: ;   {metadata({method} {0x0000028880463978} 'append' '(Ljava/lang/String;)Ljava/lang/StringBuilder;' in 'java/lang/StringBuilder')}
  0x00000288ce229ce0: ff49 ba70 | 3946 8088 | 0200 004c | 8954 2408 | 48c7 0424 | ffff ffff 

  0x00000288ce229cf8: ;   {runtime_call counter_overflow Runtime1 stub}
  0x00000288ce229cf8: e883 f103 

  0x00000288ce229cfc: ; ImmutableOopMap {[216]=Oop [224]=Oop [232]=Oop [240]=Oop [248]=Oop [584]=Oop [592]=Oop }
                      ;*synchronization entry
                      ; - java.lang.StringBuilder::append@-1 (line 179)
                      ; - ai.onnxruntime.OrtSession::run@53 (line 363)
  0x00000288ce229cfc: 07e9 35f2 

  0x00000288ce229d00: ;   {metadata({method} {0x00000288804638c8} 'append' '(J)Ljava/lang/StringBuilder;' in 'java/lang/StringBuilder')}
  0x00000288ce229d00: ffff 49ba | c038 4680 | 8802 0000 | 4c89 5424 | 0848 c704 | 24ff ffff 

  0x00000288ce229d18: ;   {runtime_call counter_overflow Runtime1 stub}
  0x00000288ce229d18: ffe8 62f1 

  0x00000288ce229d1c: ; ImmutableOopMap {rdx=Oop [216]=Oop [224]=Oop [232]=Oop [240]=Oop [248]=Oop [584]=Oop [592]=Oop }
                      ;*synchronization entry
                      ; - java.lang.StringBuilder::append@-1 (line 259)
                      ; - ai.onnxruntime.OrtSession::run@60 (line 363)
  0x00000288ce229d1c: 0307 e9a0 

  0x00000288ce229d20: ;   {metadata({method} {0x0000028880463978} 'append' '(Ljava/lang/String;)Ljava/lang/StringBuilder;' in 'java/lang/StringBuilder')}
  0x00000288ce229d20: f2ff ff49 | ba70 3946 | 8088 0200 | 004c 8954 | 2408 48c7 | 0424 ffff 

  0x00000288ce229d38: ;   {runtime_call counter_overflow Runtime1 stub}
  0x00000288ce229d38: ffff e841 

  0x00000288ce229d3c: ; ImmutableOopMap {[216]=Oop [224]=Oop [232]=Oop [240]=Oop [248]=Oop [584]=Oop [592]=Oop }
                      ;*synchronization entry
                      ; - java.lang.StringBuilder::append@-1 (line 179)
                      ; - ai.onnxruntime.OrtSession::run@65 (line 363)
  0x00000288ce229d3c: f103 07e9 | 03f3 ffff 

  0x00000288ce229d44: ;   {metadata({method} {0x0000028880463710} 'append' '(I)Ljava/lang/StringBuilder;' in 'java/lang/StringBuilder')}
  0x00000288ce229d44: 49ba 0837 | 4680 8802 | 0000 4c89 | 5424 0848 | c704 24ff 

  0x00000288ce229d58: ;   {runtime_call counter_overflow Runtime1 stub}
  0x00000288ce229d58: ffff ffe8 

  0x00000288ce229d5c: ; ImmutableOopMap {[216]=Oop [224]=Oop [232]=Oop [240]=Oop [248]=Oop [584]=Oop [592]=Oop }
                      ;*synchronization entry
                      ; - java.lang.StringBuilder::append@-1 (line 253)
                      ; - ai.onnxruntime.OrtSession::run@74 (line 364)
  0x00000288ce229d5c: 20f1 0307 | e91a f4ff 

  0x00000288ce229d64: ;   {metadata({method} {0x0000028880008b50} 'toString' '()Ljava/lang/String;' in 'java/lang/StringBuilder')}
  0x00000288ce229d64: ff49 ba48 | 8b00 8088 | 0200 004c | 8954 2408 | 48c7 0424 | ffff ffff 

  0x00000288ce229d7c: ;   {runtime_call counter_overflow Runtime1 stub}
  0x00000288ce229d7c: e8ff f003 

  0x00000288ce229d80: ; ImmutableOopMap {[216]=Oop [224]=Oop [232]=Oop [240]=Oop [248]=Oop [584]=Oop [592]=Oop }
                      ;*synchronization entry
                      ; - java.lang.StringBuilder::toString@-1 (line 475)
                      ; - ai.onnxruntime.OrtSession::run@77 (line 364)
  0x00000288ce229d80: 07e9 77f4 | ffff 488b 

  0x00000288ce229d88: ;   {runtime_call fast_new_instance Runtime1 stub}
  0x00000288ce229d88: d2e8 729e 

  0x00000288ce229d8c: ; ImmutableOopMap {[216]=Oop [224]=Oop [232]=Oop [240]=Oop [248]=Oop [584]=Oop [592]=Oop }
                      ;*new {reexecute=0 rethrow=0 return_oop=0}
                      ; - java.lang.StringBuilder::toString@0 (line 475)
                      ; - ai.onnxruntime.OrtSession::run@77 (line 364)
  0x00000288ce229d8c: 0307 e9ba 

  0x00000288ce229d90: ;   {metadata({method} {0x0000028880457cb0} '<init>' '(Ljava/lang/StringBuilder;)V' in 'java/lang/String')}
  0x00000288ce229d90: f4ff ff49 | baa8 7c45 | 8088 0200 | 004c 8954 | 2408 48c7 | 0424 ffff 

  0x00000288ce229da8: ;   {runtime_call counter_overflow Runtime1 stub}
  0x00000288ce229da8: ffff e8d1 

  0x00000288ce229dac: ; ImmutableOopMap {rax=Oop [216]=Oop [224]=Oop [232]=Oop [240]=Oop [248]=Oop [584]=Oop [592]=Oop }
                      ;*synchronization entry
                      ; - java.lang.String::<init>@-1 (line 1507)
                      ; - java.lang.StringBuilder::toString@5 (line 475)
                      ; - ai.onnxruntime.OrtSession::run@77 (line 364)
  0x00000288ce229dac: f003 07e9 | daf4 ffff 

  0x00000288ce229db4: ;   {metadata(nullptr)}
  0x00000288ce229db4: 48ba 0000 | 0000 0000 | 0000 b800 

  0x00000288ce229dc0: ;   {runtime_call load_klass_patching Runtime1 stub}
  0x00000288ce229dc0: 0f05 0ae8 

  0x00000288ce229dc4: ; ImmutableOopMap {[216]=Oop [224]=Oop [232]=Oop [240]=Oop [248]=Oop }
                      ;*new {reexecute=1 rethrow=0 return_oop=0}
                      ; - (reexecute) ai.onnxruntime.OrtSession::run@741 (line 436)
  0x00000288ce229dc4: 38e0 0307 | e95b f5ff 

  0x00000288ce229dcc: ;   {runtime_call throw_null_pointer_exception Runtime1 stub}
  0x00000288ce229dcc: ffe8 ae90 

  0x00000288ce229dd0: ; ImmutableOopMap {[216]=Oop [224]=Oop [232]=Oop [240]=Oop [248]=Oop }
                      ;*new {reexecute=0 rethrow=0 return_oop=0}
                      ; - ai.onnxruntime.OrtSession::run@741 (line 436)
  0x00000288ce229dd0: 0307 488b 

  0x00000288ce229dd4: ;   {runtime_call fast_new_instance_init_check Runtime1 stub}
  0x00000288ce229dd4: d2e8 26a1 

  0x00000288ce229dd8: ; ImmutableOopMap {[216]=Oop [224]=Oop [232]=Oop [240]=Oop [248]=Oop }
                      ;*new {reexecute=0 rethrow=0 return_oop=0}
                      ; - ai.onnxruntime.OrtSession::run@741 (line 436)
  0x00000288ce229dd8: 0307 e9ae | f5ff ff49 | 8b87 f804 | 0000 49c7 | 87f8 0400 | 0000 0000 | 0049 c787 | 0005 0000 
  0x00000288ce229df8: 0000 0000 | 4881 c480 | 0200 005d 

  0x00000288ce229e04: ;   {runtime_call unwind_exception Runtime1 stub}
  0x00000288ce229e04: e9f7 7c03 | 07f4 f4f4 | f4f4 f4f4 
[Stub Code]
  0x00000288ce229e10: ;   {no_reloc}
  0x00000288ce229e10: 0f1f 4400 

  0x00000288ce229e14: ;   {static_stub}
  0x00000288ce229e14: 0048 bb00 | 0000 0000 

  0x00000288ce229e1c: ;   {runtime_call nmethod}
  0x00000288ce229e1c: 0000 00e9 | fbff ffff 

  0x00000288ce229e24: ;   {static_stub}
  0x00000288ce229e24: 9048 bb00 | 0000 0000 

  0x00000288ce229e2c: ;   {runtime_call nmethod}
  0x00000288ce229e2c: 0000 00e9 | fbff ffff 

  0x00000288ce229e34: ;   {static_stub}
  0x00000288ce229e34: 9048 bb00 | 0000 0000 

  0x00000288ce229e3c: ;   {runtime_call nmethod}
  0x00000288ce229e3c: 0000 00e9 | fbff ffff 

  0x00000288ce229e44: ;   {static_stub}
  0x00000288ce229e44: 9048 bb00 | 0000 0000 

  0x00000288ce229e4c: ;   {runtime_call nmethod}
  0x00000288ce229e4c: 0000 00e9 | fbff ffff 

  0x00000288ce229e54: ;   {static_stub}
  0x00000288ce229e54: 9048 bb00 | 0000 0000 

  0x00000288ce229e5c: ;   {runtime_call nmethod}
  0x00000288ce229e5c: 0000 00e9 | fbff ffff 

  0x00000288ce229e64: ;   {static_stub}
  0x00000288ce229e64: 9048 bb00 | 0000 0000 

  0x00000288ce229e6c: ;   {runtime_call nmethod}
  0x00000288ce229e6c: 0000 00e9 | fbff ffff 

  0x00000288ce229e74: ;   {static_stub}
  0x00000288ce229e74: 9048 bb00 | 0000 0000 

  0x00000288ce229e7c: ;   {runtime_call nmethod}
  0x00000288ce229e7c: 0000 00e9 | fbff ffff 

  0x00000288ce229e84: ;   {static_stub}
  0x00000288ce229e84: 9048 bb00 | 0000 0000 

  0x00000288ce229e8c: ;   {runtime_call nmethod}
  0x00000288ce229e8c: 0000 00e9 | fbff ffff 

  0x00000288ce229e94: ;   {static_stub}
  0x00000288ce229e94: 9048 bb00 | 0000 0000 

  0x00000288ce229e9c: ;   {runtime_call nmethod}
  0x00000288ce229e9c: 0000 00e9 | fbff ffff 

  0x00000288ce229ea4: ;   {static_stub}
  0x00000288ce229ea4: 9048 bb00 | 0000 0000 

  0x00000288ce229eac: ;   {runtime_call nmethod}
  0x00000288ce229eac: 0000 00e9 | fbff ffff 

  0x00000288ce229eb4: ;   {static_stub}
  0x00000288ce229eb4: 9048 bb00 | 0000 0000 

  0x00000288ce229ebc: ;   {runtime_call nmethod}
  0x00000288ce229ebc: 0000 00e9 | fbff ffff 

  0x00000288ce229ec4: ;   {static_stub}
  0x00000288ce229ec4: 9048 bb00 | 0000 0000 

  0x00000288ce229ecc: ;   {runtime_call nmethod}
  0x00000288ce229ecc: 0000 00e9 | fbff ffff 

  0x00000288ce229ed4: ;   {static_stub}
  0x00000288ce229ed4: 9048 bb00 | 0000 0000 

  0x00000288ce229edc: ;   {runtime_call nmethod}
  0x00000288ce229edc: 0000 00e9 | fbff ffff 

  0x00000288ce229ee4: ;   {static_stub}
  0x00000288ce229ee4: 9048 bb00 | 0000 0000 

  0x00000288ce229eec: ;   {runtime_call nmethod}
  0x00000288ce229eec: 0000 00e9 | fbff ffff 

  0x00000288ce229ef4: ;   {static_stub}
  0x00000288ce229ef4: 9048 bb00 | 0000 0000 

  0x00000288ce229efc: ;   {runtime_call nmethod}
  0x00000288ce229efc: 0000 00e9 | fbff ffff 

  0x00000288ce229f04: ;   {static_stub}
  0x00000288ce229f04: 9048 bb00 | 0000 0000 

  0x00000288ce229f0c: ;   {runtime_call nmethod}
  0x00000288ce229f0c: 0000 00e9 | fbff ffff 

  0x00000288ce229f14: ;   {static_stub}
  0x00000288ce229f14: 9048 bb00 | 0000 0000 

  0x00000288ce229f1c: ;   {runtime_call nmethod}
  0x00000288ce229f1c: 0000 00e9 | fbff ffff 

  0x00000288ce229f24: ;   {static_stub}
  0x00000288ce229f24: 9048 bb00 | 0000 0000 

  0x00000288ce229f2c: ;   {runtime_call nmethod}
  0x00000288ce229f2c: 0000 00e9 | fbff ffff 

  0x00000288ce229f34: ;   {static_stub}
  0x00000288ce229f34: 9048 bb00 | 0000 0000 

  0x00000288ce229f3c: ;   {runtime_call nmethod}
  0x00000288ce229f3c: 0000 00e9 | fbff ffff 

  0x00000288ce229f44: ;   {static_stub}
  0x00000288ce229f44: 9048 bb00 | 0000 0000 

  0x00000288ce229f4c: ;   {runtime_call nmethod}
  0x00000288ce229f4c: 0000 00e9 | fbff ffff 

  0x00000288ce229f54: ;   {static_stub}
  0x00000288ce229f54: 9048 bb00 | 0000 0000 

  0x00000288ce229f5c: ;   {runtime_call nmethod}
  0x00000288ce229f5c: 0000 00e9 | fbff ffff 

  0x00000288ce229f64: ;   {static_stub}
  0x00000288ce229f64: 9048 bb00 | 0000 0000 

  0x00000288ce229f6c: ;   {runtime_call nmethod}
  0x00000288ce229f6c: 0000 00e9 | fbff ffff 

  0x00000288ce229f74: ;   {static_stub}
  0x00000288ce229f74: 9048 bb00 | 0000 0000 

  0x00000288ce229f7c: ;   {runtime_call nmethod}
  0x00000288ce229f7c: 0000 00e9 | fbff ffff 

  0x00000288ce229f84: ;   {static_stub}
  0x00000288ce229f84: 9048 bb00 | 0000 0000 

  0x00000288ce229f8c: ;   {runtime_call nmethod}
  0x00000288ce229f8c: 0000 00e9 | fbff ffff 

  0x00000288ce229f94: ;   {static_stub}
  0x00000288ce229f94: 9048 bb00 | 0000 0000 

  0x00000288ce229f9c: ;   {runtime_call nmethod}
  0x00000288ce229f9c: 0000 00e9 | fbff ffff 

  0x00000288ce229fa4: ;   {static_stub}
  0x00000288ce229fa4: 9048 bb00 | 0000 0000 

  0x00000288ce229fac: ;   {runtime_call nmethod}
  0x00000288ce229fac: 0000 00e9 | fbff ffff 

  0x00000288ce229fb4: ;   {static_stub}
  0x00000288ce229fb4: 9048 bb00 | 0000 0000 

  0x00000288ce229fbc: ;   {runtime_call nmethod}
  0x00000288ce229fbc: 0000 00e9 | fbff ffff 

  0x00000288ce229fc4: ;   {static_stub}
  0x00000288ce229fc4: 9048 bb00 | 0000 0000 

  0x00000288ce229fcc: ;   {runtime_call nmethod}
  0x00000288ce229fcc: 0000 00e9 | fbff ffff 

  0x00000288ce229fd4: ;   {static_stub}
  0x00000288ce229fd4: 9048 bb00 | 0000 0000 

  0x00000288ce229fdc: ;   {runtime_call nmethod}
  0x00000288ce229fdc: 0000 00e9 | fbff ffff 

  0x00000288ce229fe4: ;   {static_stub}
  0x00000288ce229fe4: 9048 bb00 | 0000 0000 

  0x00000288ce229fec: ;   {runtime_call nmethod}
  0x00000288ce229fec: 0000 00e9 | fbff ffff 

  0x00000288ce229ff4: ;   {static_stub}
  0x00000288ce229ff4: 9048 bb00 | 0000 0000 

  0x00000288ce229ffc: ;   {runtime_call nmethod}
  0x00000288ce229ffc: 0000 00e9 | fbff ffff 

  0x00000288ce22a004: ;   {static_stub}
  0x00000288ce22a004: 9048 bb00 | 0000 0000 

  0x00000288ce22a00c: ;   {runtime_call nmethod}
  0x00000288ce22a00c: 0000 00e9 | fbff ffff 

  0x00000288ce22a014: ;   {static_stub}
  0x00000288ce22a014: 9048 bb00 | 0000 0000 

  0x00000288ce22a01c: ;   {runtime_call nmethod}
  0x00000288ce22a01c: 0000 00e9 | fbff ffff 

  0x00000288ce22a024: ;   {static_stub}
  0x00000288ce22a024: 9048 bb00 | 0000 0000 

  0x00000288ce22a02c: ;   {runtime_call nmethod}
  0x00000288ce22a02c: 0000 00e9 | fbff ffff 

  0x00000288ce22a034: ;   {static_stub}
  0x00000288ce22a034: 9048 bb00 | 0000 0000 

  0x00000288ce22a03c: ;   {runtime_call nmethod}
  0x00000288ce22a03c: 0000 00e9 | fbff ffff 

  0x00000288ce22a044: ;   {static_stub}
  0x00000288ce22a044: 9048 bb00 | 0000 0000 

  0x00000288ce22a04c: ;   {runtime_call nmethod}
  0x00000288ce22a04c: 0000 00e9 | fbff ffff 

  0x00000288ce22a054: ;   {static_stub}
  0x00000288ce22a054: 9048 bb00 | 0000 0000 

  0x00000288ce22a05c: ;   {runtime_call nmethod}
  0x00000288ce22a05c: 0000 00e9 | fbff ffff 

  0x00000288ce22a064: ;   {static_stub}
  0x00000288ce22a064: 9048 bb00 | 0000 0000 

  0x00000288ce22a06c: ;   {runtime_call nmethod}
  0x00000288ce22a06c: 0000 00e9 | fbff ffff 

  0x00000288ce22a074: ;   {static_stub}
  0x00000288ce22a074: 9048 bb00 | 0000 0000 

  0x00000288ce22a07c: ;   {runtime_call nmethod}
  0x00000288ce22a07c: 0000 00e9 | fbff ffff 

  0x00000288ce22a084: ;   {static_stub}
  0x00000288ce22a084: 9048 bb00 | 0000 0000 

  0x00000288ce22a08c: ;   {runtime_call nmethod}
  0x00000288ce22a08c: 0000 00e9 | fbff ffff 

  0x00000288ce22a094: ;   {static_stub}
  0x00000288ce22a094: 9048 bb00 | 0000 0000 

  0x00000288ce22a09c: ;   {runtime_call nmethod}
  0x00000288ce22a09c: 0000 00e9 | fbff ffff 

  0x00000288ce22a0a4: ;   {static_stub}
  0x00000288ce22a0a4: 9048 bb00 | 0000 0000 

  0x00000288ce22a0ac: ;   {runtime_call nmethod}
  0x00000288ce22a0ac: 0000 00e9 | fbff ffff 

  0x00000288ce22a0b4: ;   {static_stub}
  0x00000288ce22a0b4: 9048 bb00 | 0000 0000 

  0x00000288ce22a0bc: ;   {runtime_call nmethod}
  0x00000288ce22a0bc: 0000 00e9 | fbff ffff 

  0x00000288ce22a0c4: ;   {static_stub}
  0x00000288ce22a0c4: 9048 bb00 | 0000 0000 

  0x00000288ce22a0cc: ;   {runtime_call nmethod}
  0x00000288ce22a0cc: 0000 00e9 | fbff ffff 

  0x00000288ce22a0d4: ;   {static_stub}
  0x00000288ce22a0d4: 9048 bb00 | 0000 0000 

  0x00000288ce22a0dc: ;   {runtime_call nmethod}
  0x00000288ce22a0dc: 0000 00e9 | fbff ffff 

  0x00000288ce22a0e4: ;   {static_stub}
  0x00000288ce22a0e4: 9048 bb00 | 0000 0000 

  0x00000288ce22a0ec: ;   {runtime_call nmethod}
  0x00000288ce22a0ec: 0000 00e9 | fbff ffff 

  0x00000288ce22a0f4: ;   {static_stub}
  0x00000288ce22a0f4: 9048 bb00 | 0000 0000 

  0x00000288ce22a0fc: ;   {runtime_call nmethod}
  0x00000288ce22a0fc: 0000 00e9 | fbff ffff 

  0x00000288ce22a104: ;   {static_stub}
  0x00000288ce22a104: 9048 bb00 | 0000 0000 

  0x00000288ce22a10c: ;   {runtime_call nmethod}
  0x00000288ce22a10c: 0000 00e9 | fbff ffff 

  0x00000288ce22a114: ;   {static_stub}
  0x00000288ce22a114: 9048 bb00 | 0000 0000 

  0x00000288ce22a11c: ;   {runtime_call nmethod}
  0x00000288ce22a11c: 0000 00e9 | fbff ffff 

  0x00000288ce22a124: ;   {static_stub}
  0x00000288ce22a124: 9048 bb00 | 0000 0000 

  0x00000288ce22a12c: ;   {runtime_call nmethod}
  0x00000288ce22a12c: 0000 00e9 | fbff ffff 

  0x00000288ce22a134: ;   {static_stub}
  0x00000288ce22a134: 9048 bb00 | 0000 0000 

  0x00000288ce22a13c: ;   {runtime_call nmethod}
  0x00000288ce22a13c: 0000 00e9 | fbff ffff 

  0x00000288ce22a144: ;   {static_stub}
  0x00000288ce22a144: 9048 bb00 | 0000 0000 

  0x00000288ce22a14c: ;   {runtime_call nmethod}
  0x00000288ce22a14c: 0000 00e9 | fbff ffff 

  0x00000288ce22a154: ;   {static_stub}
  0x00000288ce22a154: 9048 bb00 | 0000 0000 

  0x00000288ce22a15c: ;   {runtime_call nmethod}
  0x00000288ce22a15c: 0000 00e9 | fbff ffff 

  0x00000288ce22a164: ;   {static_stub}
  0x00000288ce22a164: 9048 bb00 | 0000 0000 

  0x00000288ce22a16c: ;   {runtime_call nmethod}
  0x00000288ce22a16c: 0000 00e9 | fbff ffff 

  0x00000288ce22a174: ;   {static_stub}
  0x00000288ce22a174: 9048 bb00 | 0000 0000 

  0x00000288ce22a17c: ;   {runtime_call nmethod}
  0x00000288ce22a17c: 0000 00e9 | fbff ffff 

  0x00000288ce22a184: ;   {static_stub}
  0x00000288ce22a184: 9048 bb00 | 0000 0000 

  0x00000288ce22a18c: ;   {runtime_call nmethod}
  0x00000288ce22a18c: 0000 00e9 | fbff ffff 

  0x00000288ce22a194: ;   {static_stub}
  0x00000288ce22a194: 9048 bb00 | 0000 0000 

  0x00000288ce22a19c: ;   {runtime_call nmethod}
  0x00000288ce22a19c: 0000 00e9 | fbff ffff 

  0x00000288ce22a1a4: ;   {static_stub}
  0x00000288ce22a1a4: 9048 bb00 | 0000 0000 

  0x00000288ce22a1ac: ;   {runtime_call nmethod}
  0x00000288ce22a1ac: 0000 00e9 | fbff ffff 

  0x00000288ce22a1b4: ;   {static_stub}
  0x00000288ce22a1b4: 9048 bb00 | 0000 0000 

  0x00000288ce22a1bc: ;   {runtime_call nmethod}
  0x00000288ce22a1bc: 0000 00e9 | fbff ffff 

  0x00000288ce22a1c4: ;   {static_stub}
  0x00000288ce22a1c4: 9048 bb00 | 0000 0000 

  0x00000288ce22a1cc: ;   {runtime_call nmethod}
  0x00000288ce22a1cc: 0000 00e9 | fbff ffff 

  0x00000288ce22a1d4: ;   {static_stub}
  0x00000288ce22a1d4: 9048 bb00 | 0000 0000 

  0x00000288ce22a1dc: ;   {runtime_call nmethod}
  0x00000288ce22a1dc: 0000 00e9 | fbff ffff 

  0x00000288ce22a1e4: ;   {static_stub}
  0x00000288ce22a1e4: 9048 bb00 | 0000 0000 

  0x00000288ce22a1ec: ;   {runtime_call nmethod}
  0x00000288ce22a1ec: 0000 00e9 | fbff ffff 

  0x00000288ce22a1f4: ;   {static_stub}
  0x00000288ce22a1f4: 9048 bb00 | 0000 0000 

  0x00000288ce22a1fc: ;   {runtime_call nmethod}
  0x00000288ce22a1fc: 0000 00e9 | fbff ffff 

  0x00000288ce22a204: ;   {static_stub}
  0x00000288ce22a204: 9048 bb00 | 0000 0000 

  0x00000288ce22a20c: ;   {runtime_call nmethod}
  0x00000288ce22a20c: 0000 00e9 | fbff ffff 

  0x00000288ce22a214: ;   {static_stub}
  0x00000288ce22a214: 9048 bb00 | 0000 0000 

  0x00000288ce22a21c: ;   {runtime_call nmethod}
  0x00000288ce22a21c: 0000 00e9 | fbff ffff 

  0x00000288ce22a224: ;   {static_stub}
  0x00000288ce22a224: 9048 bb00 | 0000 0000 

  0x00000288ce22a22c: ;   {runtime_call nmethod}
  0x00000288ce22a22c: 0000 00e9 | fbff ffff 

  0x00000288ce22a234: ;   {static_stub}
  0x00000288ce22a234: 9048 bb00 | 0000 0000 

  0x00000288ce22a23c: ;   {runtime_call nmethod}
  0x00000288ce22a23c: 0000 00e9 | fbff ffff 

  0x00000288ce22a244: ;   {static_stub}
  0x00000288ce22a244: 48bb 0000 | 0000 0000 

  0x00000288ce22a24c: ;   {runtime_call nmethod}
  0x00000288ce22a24c: 0000 e9fb 

  0x00000288ce22a250: ;   {static_stub}
  0x00000288ce22a250: ffff ff48 | bb00 0000 | 0000 0000 

  0x00000288ce22a25c: ;   {runtime_call nmethod}
  0x00000288ce22a25c: 00e9 fbff 

  0x00000288ce22a260: ;   {static_stub}
  0x00000288ce22a260: ffff 48bb | 0000 0000 | 0000 0000 

  0x00000288ce22a26c: ;   {runtime_call nmethod}
  0x00000288ce22a26c: e9fb ffff 

  0x00000288ce22a270: ;   {static_stub}
  0x00000288ce22a270: ff48 bb00 | 0000 0000 

  0x00000288ce22a278: ;   {runtime_call nmethod}
  0x00000288ce22a278: 0000 00e9 | fbff ffff 

  0x00000288ce22a280: ;   {static_stub}
  0x00000288ce22a280: 48bb 0000 | 0000 0000 

  0x00000288ce22a288: ;   {runtime_call nmethod}
  0x00000288ce22a288: 0000 e9fb 

  0x00000288ce22a28c: ;   {runtime_call handle_exception_from_callee Runtime1 stub}
  0x00000288ce22a28c: ffff ffe8 | ecb8 0307 

  0x00000288ce22a294: ;   {external_word}
  0x00000288ce22a294: 48b9 90e2 | 5111 fc7f | 0000 4883 

  0x00000288ce22a2a0: ;   {runtime_call}
  0x00000288ce22a2a0: e4f0 48b8 | 1079 1411 | fc7f 0000 

  0x00000288ce22a2ac: ;   {section_word}
  0x00000288ce22a2ac: ffd0 f449 | baaf a222 | ce88 0200 

  0x00000288ce22a2b8: ;   {runtime_call DeoptimizationBlob}
  0x00000288ce22a2b8: 0041 52e9 | e0a6 f606 
[/MachCode]


Compiled method (c1) 201795 2501       3       ai.onnxruntime.OrtSession::run (11 bytes)
 total in heap  [0x00000288ce23c090,0x00000288ce23c4f0] = 1120
 relocation     [0x00000288ce23c1f0,0x00000288ce23c238] = 72
 main code      [0x00000288ce23c240,0x00000288ce23c3c8] = 392
 stub code      [0x00000288ce23c3c8,0x00000288ce23c410] = 72
 oops           [0x00000288ce23c410,0x00000288ce23c418] = 8
 metadata       [0x00000288ce23c418,0x00000288ce23c430] = 24
 scopes data    [0x00000288ce23c430,0x00000288ce23c468] = 56
 scopes pcs     [0x00000288ce23c468,0x00000288ce23c4e8] = 128
 dependencies   [0x00000288ce23c4e8,0x00000288ce23c4f0] = 8

[Constant Pool (empty)]

[MachCode]
[Entry Point]
  # {method} {0x00000288e7470688} 'run' '(Ljava/util/Map;Ljava/util/Set;)Lai/onnxruntime/OrtSession$Result;' in 'ai/onnxruntime/OrtSession'
  # this:     rdx:rdx   = 'ai/onnxruntime/OrtSession'
  # parm0:    r8:r8     = 'java/util/Map'
  # parm1:    r9:r9     = 'java/util/Set'
  #           [sp+0x70]  (sp of caller)
  0x00000288ce23c240: 448b 5208 | 49bb 0000 | 0080 8802 | 0000 4d03 | d34c 3bd0 

  0x00000288ce23c254: ;   {runtime_call ic_miss_stub}
  0x00000288ce23c254: 0f85 2625 | f506 660f | 1f44 0000 
[Verified Entry Point]
  0x00000288ce23c260: 8984 2400 | 80ff ff55 | 4883 ec60 | 4181 7f20 | 0100 0000 

  0x00000288ce23c274: ;   {runtime_call StubRoutines (final stubs)}
  0x00000288ce23c274: 7405 e8e5 

  0x00000288ce23c278: ;   {metadata(method data for {method} {0x00000288e7470688} 'run' '(Ljava/util/Map;Ljava/util/Set;)Lai/onnxruntime/OrtSession$Result;' in 'ai/onnxruntime/OrtSession')}
  0x00000288ce23c278: 8af3 0648 | bfe8 79ad | e788 0200 | 008b b7cc | 0000 0083 | c602 89b7 | cc00 0000 | 81e6 fe07 
  0x00000288ce23c298: 0000 85f6 | 0f84 a500 

  0x00000288ce23c2a0: ;*aload_0 {reexecute=0 rethrow=0 return_oop=0}
                      ; - ai.onnxruntime.OrtSession::run@0 (line 269)
                      ;   {metadata(method data for {method} {0x00000288e7470688} 'run' '(Ljava/util/Map;Ljava/util/Set;)Lai/onnxruntime/OrtSession$Result;' in 'ai/onnxruntime/OrtSession')}
  0x00000288ce23c2a0: 0000 48bf | e879 ade7 | 8802 0000 | 4883 8710 | 0100 0001 

  0x00000288ce23c2b4: ;   {metadata(method data for {method} {0x00000288803e67b8} 'emptyMap' '()Ljava/util/Map;' in 'java/util/Collections')}
  0x00000288ce23c2b4: 48bf 680b | b3e7 8802 | 0000 8bb7 | cc00 0000 | 83c6 0289 | b7cc 0000 | 0081 e6fe | ff1f 0085 
  0x00000288ce23c2d4: f60f 848d | 0000 0048 

  0x00000288ce23c2dc: ;   {metadata(method data for {method} {0x00000288e7470688} 'run' '(Ljava/util/Map;Ljava/util/Set;)Lai/onnxruntime/OrtSession$Result;' in 'ai/onnxruntime/OrtSession')}
  0x00000288ce23c2dc: 8bfa 48be | e879 ade7 | 8802 0000 | 4883 8638 | 0100 0001 | 498b d84c | 8bc3 498b | c14c 8bc8 
  0x00000288ce23c2fc: ;   {oop(a 'java/util/Collections$EmptyMap'{0x00000007080ab060})}
  0x00000288ce23c2fc: 48bf 60b0 | 0a08 0700 

  0x00000288ce23c304: ;   {oop(nullptr)}
  0x00000288ce23c304: 0000 48be | 0000 0000 | 0000 0000 | 488b ca48 

  0x00000288ce23c314: ;*invokevirtual run {reexecute=0 rethrow=0 return_oop=0}
                      ; - ai.onnxruntime.OrtSession::run@7 (line 269)
  0x00000288ce23c314: 8bd1 4889 | 5c24 5048 | 8944 2448 | 4889 4c24 

  0x00000288ce23c324: ;   {optimized virtual_call}
  0x00000288ce23c324: 4066 90e8 

  0x00000288ce23c328: ; ImmutableOopMap {[64]=Oop [72]=Oop [80]=Oop }
                      ;*invokevirtual run {reexecute=0 rethrow=0 return_oop=0}
                      ; - ai.onnxruntime.OrtSession::run@7 (line 269)
  0x00000288ce23c328: 5480 feff 

  0x00000288ce23c32c: ;   {other}
  0x00000288ce23c32c: 0f1f 8400 

  0x00000288ce23c330: ;*invokevirtual run {reexecute=0 rethrow=0 return_oop=0}
                      ; - ai.onnxruntime.OrtSession::run@7 (line 269)
  0x00000288ce23c330: 9c02 0000 | 4883 c460 

  0x00000288ce23c338: ;   {poll_return}
  0x00000288ce23c338: 5d49 3ba7 | 4804 0000 | 0f87 4300 

  0x00000288ce23c344: ;   {metadata({method} {0x00000288e7470688} 'run' '(Ljava/util/Map;Ljava/util/Set;)Lai/onnxruntime/OrtSession$Result;' in 'ai/onnxruntime/OrtSession')}
  0x00000288ce23c344: 0000 c349 | ba80 0647 | e788 0200 | 004c 8954 | 2408 48c7 | 0424 ffff 

  0x00000288ce23c35c: ;   {runtime_call counter_overflow Runtime1 stub}
  0x00000288ce23c35c: ffff e81d 

  0x00000288ce23c360: ; ImmutableOopMap {rdx=Oop r8=Oop r9=Oop }
                      ;*synchronization entry
                      ; - ai.onnxruntime.OrtSession::run@-1 (line 269)
  0x00000288ce23c360: cb02 07e9 | 3aff ffff 

  0x00000288ce23c368: ;   {metadata({method} {0x00000288803e67b8} 'emptyMap' '()Ljava/util/Map;' in 'java/util/Collections')}
  0x00000288ce23c368: 49ba b067 | 3e80 8802 | 0000 4c89 | 5424 0848 | c704 24ff 

  0x00000288ce23c37c: ;   {runtime_call counter_overflow Runtime1 stub}
  0x00000288ce23c37c: ffff ffe8 

  0x00000288ce23c380: ; ImmutableOopMap {rdx=Oop r8=Oop r9=Oop }
                      ;*synchronization entry
                      ; - java.util.Collections::emptyMap@-1 (line 4875)
                      ; - ai.onnxruntime.OrtSession::run@3 (line 269)
  0x00000288ce23c380: fcca 0207 | e952 ffff 

  0x00000288ce23c388: ;   {internal_word}
  0x00000288ce23c388: ff49 ba39 | c323 ce88 | 0200 004d | 8997 6004 

  0x00000288ce23c398: ;   {runtime_call SafepointBlob}
  0x00000288ce23c398: 0000 e961 | 93f5 0649 | 8b87 f804 | 0000 49c7 | 87f8 0400 | 0000 0000 | 0049 c787 | 0005 0000 
  0x00000288ce23c3b8: 0000 0000 | 4883 c460 

  0x00000288ce23c3c0: ;   {runtime_call unwind_exception Runtime1 stub}
  0x00000288ce23c3c0: 5de9 3a57 | 0207 f4f4 
[Stub Code]
  0x00000288ce23c3c8: ;   {no_reloc}
  0x00000288ce23c3c8: 0f1f 4400 

  0x00000288ce23c3cc: ;   {static_stub}
  0x00000288ce23c3cc: 0048 bb00 | 0000 0000 

  0x00000288ce23c3d4: ;   {runtime_call nmethod}
  0x00000288ce23c3d4: 0000 00e9 | fbff ffff 
[Exception Handler]
  0x00000288ce23c3dc: ;   {runtime_call handle_exception_from_callee Runtime1 stub}
  0x00000288ce23c3dc: e89f 9702 

  0x00000288ce23c3e0: ;   {external_word}
  0x00000288ce23c3e0: 0748 b990 | e251 11fc | 7f00 0048 

  0x00000288ce23c3ec: ;   {runtime_call}
  0x00000288ce23c3ec: 83e4 f048 | b810 7914 | 11fc 7f00 | 00ff d0f4 
[Deopt Handler Code]
  0x00000288ce23c3fc: ;   {section_word}
  0x00000288ce23c3fc: 49ba fcc3 | 23ce 8802 | 0000 4152 

  0x00000288ce23c408: ;   {runtime_call DeoptimizationBlob}
  0x00000288ce23c408: e993 85f5 | 06f4 f4f4 
[/MachCode]


---------------  P R O C E S S  ---------------

Threads class SMR info:
_java_thread_list=0x0000028921ae6cd0, length=17, elements={
0x00000288c528dfb0, 0x00000288e60ebeb0, 0x00000288e60ee910, 0x00000288e60f1780,
0x00000288e60f2300, 0x00000288e60f4fc0, 0x00000288e60f6230, 0x00000288e6106a60,
0x00000288e6109650, 0x00000288e627ace0, 0x00000288e63b5660, 0x00000288e63f2560,
0x00000288e64d0bf0, 0x00000288eba51310, 0x0000028922118e50, 0x0000028922116060,
0x000002892211a200
}

Java Threads: ( => current thread )
  0x00000288c528dfb0 JavaThread "main"                              [_thread_blocked, id=22260, stack(0x000000f685100000,0x000000f685200000) (1024K)]
  0x00000288e60ebeb0 JavaThread "Reference Handler"          daemon [_thread_blocked, id=14192, stack(0x000000f685900000,0x000000f685a00000) (1024K)]
  0x00000288e60ee910 JavaThread "Finalizer"                  daemon [_thread_blocked, id=20032, stack(0x000000f685a00000,0x000000f685b00000) (1024K)]
  0x00000288e60f1780 JavaThread "Signal Dispatcher"          daemon [_thread_blocked, id=12540, stack(0x000000f685b00000,0x000000f685c00000) (1024K)]
  0x00000288e60f2300 JavaThread "Attach Listener"            daemon [_thread_blocked, id=20556, stack(0x000000f685c00000,0x000000f685d00000) (1024K)]
  0x00000288e60f4fc0 JavaThread "Service Thread"             daemon [_thread_blocked, id=2628, stack(0x000000f685d00000,0x000000f685e00000) (1024K)]
  0x00000288e60f6230 JavaThread "Monitor Deflation Thread"   daemon [_thread_blocked, id=16924, stack(0x000000f685e00000,0x000000f685f00000) (1024K)]
  0x00000288e6106a60 JavaThread "C2 CompilerThread0"         daemon [_thread_blocked, id=20564, stack(0x000000f685f00000,0x000000f686000000) (1024K)]
  0x00000288e6109650 JavaThread "C1 CompilerThread0"         daemon [_thread_blocked, id=3596, stack(0x000000f686000000,0x000000f686100000) (1024K)]
  0x00000288e627ace0 JavaThread "Common-Cleaner"             daemon [_thread_blocked, id=13996, stack(0x000000f686300000,0x000000f686400000) (1024K)]
  0x00000288e63b5660 JavaThread "JDWP Event Helper Thread"   daemon [_thread_blocked, id=12316, stack(0x000000f686600000,0x000000f686700000) (1024K)]
  0x00000288e63f2560 JavaThread "IntelliJ Suspend Helper"    daemon [_thread_blocked, id=18576, stack(0x000000f686400000,0x000000f686500000) (1024K)]
  0x00000288e64d0bf0 JavaThread "Notification Thread"        daemon [_thread_blocked, id=14196, stack(0x000000f686800000,0x000000f686900000) (1024K)]
=>0x00000288eba51310 JavaThread "SecureLogXBatcher"                 [_thread_in_native, id=19084, stack(0x000000f684f00000,0x000000f685000000) (1024K)]
  0x0000028922118e50 JavaThread "SecureLogX-CachedClock"     daemon [_thread_blocked, id=21512, stack(0x000000f688500000,0x000000f688600000) (1024K)]
  0x0000028922116060 JavaThread "SIGINT handler"             daemon [_thread_blocked, id=13872, stack(0x000000f686500000,0x000000f686600000) (1024K)]
  0x000002892211a200 JavaThread "Thread-1"                          [_thread_blocked, id=11956, stack(0x000000f686700000,0x000000f686800000) (1024K)]
Total: 17

Other Threads:
  0x00000288cdcc5990 VMThread "VM Thread"                           [id=21544, stack(0x000000f685800000,0x000000f685900000) (1024K)]
  0x00000288e60daa00 WatcherThread "VM Periodic Task Thread"        [id=13360, stack(0x000000f685700000,0x000000f685800000) (1024K)]
  0x00000288cdba9410 WorkerThread "GC Thread#0"                     [id=13840, stack(0x000000f685200000,0x000000f685300000) (1024K)]
  0x00000288e6a308d0 WorkerThread "GC Thread#1"                     [id=16324, stack(0x000000f687100000,0x000000f687200000) (1024K)]
  0x00000288eb6f8ed0 WorkerThread "GC Thread#2"                     [id=21284, stack(0x000000f687200000,0x000000f687300000) (1024K)]
  0x00000288eb6f9270 WorkerThread "GC Thread#3"                     [id=10356, stack(0x000000f687300000,0x000000f687400000) (1024K)]
  0x00000288eb8fd980 WorkerThread "GC Thread#4"                     [id=16212, stack(0x000000f687400000,0x000000f687500000) (1024K)]
  0x00000288eb8fe460 WorkerThread "GC Thread#5"                     [id=5488, stack(0x000000f687500000,0x000000f687600000) (1024K)]
  0x00000288eb8fcb00 WorkerThread "GC Thread#6"                     [id=14616, stack(0x000000f687600000,0x000000f687700000) (1024K)]
  0x00000288eb8fcea0 WorkerThread "GC Thread#7"                     [id=10656, stack(0x000000f687700000,0x000000f687800000) (1024K)]
  0x00000288eb8fd240 WorkerThread "GC Thread#8"                     [id=6568, stack(0x000000f687800000,0x000000f687900000) (1024K)]
  0x00000288ebe2b520 WorkerThread "GC Thread#9"                     [id=10796, stack(0x000000f688c00000,0x000000f688d00000) (1024K)]
  0x00000288ebe29480 WorkerThread "GC Thread#10"                    [id=14784, stack(0x000000f688d00000,0x000000f688e00000) (1024K)]
  0x00000288ebe2c740 WorkerThread "GC Thread#11"                    [id=11684, stack(0x000000f688e00000,0x000000f688f00000) (1024K)]
  0x00000288ebe2a300 WorkerThread "GC Thread#12"                    [id=14384, stack(0x000000f688f00000,0x000000f689000000) (1024K)]
  0x00000288ebe28d40 WorkerThread "GC Thread#13"                    [id=2608, stack(0x000000f689000000,0x000000f689100000) (1024K)]
  0x00000288ebe2a6a0 WorkerThread "GC Thread#14"                    [id=9300, stack(0x000000f689100000,0x000000f689200000) (1024K)]
  0x00000288eb8fe0c0 WorkerThread "GC Thread#15"                    [id=20548, stack(0x000000f689200000,0x000000f689300000) (1024K)]
  0x00000288cdbbb370 ConcurrentGCThread "G1 Main Marker"            [id=21792, stack(0x000000f685300000,0x000000f685400000) (1024K)]
  0x00000288cdbbf3e0 WorkerThread "G1 Conc#0"                       [id=15528, stack(0x000000f685400000,0x000000f685500000) (1024K)]
  0x00000288cdc96910 ConcurrentGCThread "G1 Refine#0"               [id=23484, stack(0x000000f685500000,0x000000f685600000) (1024K)]
  0x00000288cdc97840 ConcurrentGCThread "G1 Service"                [id=18132, stack(0x000000f685600000,0x000000f685700000) (1024K)]
Total: 22

Threads with active compile tasks:
Total: 0

VM state: not at safepoint (normal execution)

VM Mutex/Monitor currently owned by a thread: None

Heap address: 0x0000000707a00000, size: 3974 MB, Compressed Oops mode: Zero based, Oop shift amount: 3

CDS archive(s) mapped at: [0x0000028880000000-0x0000028880c80000-0x0000028880c80000), size 13107200, SharedBaseAddress: 0x0000028880000000, ArchiveRelocationMode: 1.
Compressed class space mapped at: 0x0000028881000000-0x00000288c1000000, reserved size: 1073741824
Narrow klass base: 0x0000028880000000, Narrow klass shift: 0, Narrow klass range: 0x100000000

GC Precious Log:
 CardTable entry size: 512
 Card Set container configuration: InlinePtr #cards 4 size 8 Array Of Cards #cards 16 size 48 Howl #buckets 8 coarsen threshold 3686 Howl Bitmap #cards 512 size 80 coarsen threshold 460 Card regions per heap region 1 cards per card region 4096
 CPUs: 22 total, 22 available
 Memory: 15892M
 Large Page Support: Disabled
 NUMA Support: Disabled
 Compressed Oops: Enabled (Zero based)
 Heap Region Size: 2M
 Heap Min Capacity: 8M
 Heap Initial Capacity: 250M
 Heap Max Capacity: 3974M
 Pre-touch: Disabled
 Parallel Workers: 16
 Concurrent Workers: 4
 Concurrent Refinement Workers: 16
 Periodic GC: Disabled

Heap:
 garbage-first heap   total 256000K, used 141785K [0x0000000707a00000, 0x0000000800000000)
  region size 2048K, 65 young (133120K), 3 survivors (6144K)
 Metaspace       used 12359K, committed 12608K, reserved 1114112K
  class space    used 1088K, committed 1216K, reserved 1048576K

Heap Regions: E=young(eden), S=young(survivor), O=old, HS=humongous(starts), HC=humongous(continues), CS=collection set, F=free, TAMS=top-at-mark-start, PB=parsable bottom
|   0|0x0000000707a00000, 0x0000000707c00000, 0x0000000707c00000|100%| O|  |TAMS 0x0000000707a00000| PB 0x0000000707a00000| Untracked 
|   1|0x0000000707c00000, 0x0000000707e00000, 0x0000000707e00000|100%| O|  |TAMS 0x0000000707c00000| PB 0x0000000707c00000| Untracked 
|   2|0x0000000707e00000, 0x0000000708000000, 0x0000000708000000|100%| O|  |TAMS 0x0000000707e00000| PB 0x0000000707e00000| Untracked 
|   3|0x0000000708000000, 0x0000000708200000, 0x0000000708200000|100%| O|  |TAMS 0x0000000708000000| PB 0x0000000708000000| Untracked 
|   4|0x0000000708200000, 0x0000000708400000, 0x0000000708400000|100%| O|  |TAMS 0x0000000708200000| PB 0x0000000708200000| Untracked 
|   5|0x0000000708400000, 0x0000000708476638, 0x0000000708600000| 23%| O|  |TAMS 0x0000000708400000| PB 0x0000000708400000| Untracked 
|   6|0x0000000708600000, 0x0000000708600000, 0x0000000708800000|  0%| F|  |TAMS 0x0000000708600000| PB 0x0000000708600000| Untracked 
|   7|0x0000000708800000, 0x0000000708800000, 0x0000000708a00000|  0%| F|  |TAMS 0x0000000708800000| PB 0x0000000708800000| Untracked 
|   8|0x0000000708a00000, 0x0000000708a00000, 0x0000000708c00000|  0%| F|  |TAMS 0x0000000708a00000| PB 0x0000000708a00000| Untracked 
|   9|0x0000000708c00000, 0x0000000708c00000, 0x0000000708e00000|  0%| F|  |TAMS 0x0000000708c00000| PB 0x0000000708c00000| Untracked 
|  10|0x0000000708e00000, 0x0000000708e00000, 0x0000000709000000|  0%| F|  |TAMS 0x0000000708e00000| PB 0x0000000708e00000| Untracked 
|  11|0x0000000709000000, 0x0000000709000000, 0x0000000709200000|  0%| F|  |TAMS 0x0000000709000000| PB 0x0000000709000000| Untracked 
|  12|0x0000000709200000, 0x0000000709200000, 0x0000000709400000|  0%| F|  |TAMS 0x0000000709200000| PB 0x0000000709200000| Untracked 
|  13|0x0000000709400000, 0x0000000709400000, 0x0000000709600000|  0%| F|  |TAMS 0x0000000709400000| PB 0x0000000709400000| Untracked 
|  14|0x0000000709600000, 0x0000000709600000, 0x0000000709800000|  0%| F|  |TAMS 0x0000000709600000| PB 0x0000000709600000| Untracked 
|  15|0x0000000709800000, 0x0000000709800000, 0x0000000709a00000|  0%| F|  |TAMS 0x0000000709800000| PB 0x0000000709800000| Untracked 
|  16|0x0000000709a00000, 0x0000000709a00000, 0x0000000709c00000|  0%| F|  |TAMS 0x0000000709a00000| PB 0x0000000709a00000| Untracked 
|  17|0x0000000709c00000, 0x0000000709c00000, 0x0000000709e00000|  0%| F|  |TAMS 0x0000000709c00000| PB 0x0000000709c00000| Untracked 
|  18|0x0000000709e00000, 0x0000000709e00000, 0x000000070a000000|  0%| F|  |TAMS 0x0000000709e00000| PB 0x0000000709e00000| Untracked 
|  19|0x000000070a000000, 0x000000070a000000, 0x000000070a200000|  0%| F|  |TAMS 0x000000070a000000| PB 0x000000070a000000| Untracked 
|  20|0x000000070a200000, 0x000000070a200000, 0x000000070a400000|  0%| F|  |TAMS 0x000000070a200000| PB 0x000000070a200000| Untracked 
|  21|0x000000070a400000, 0x000000070a400000, 0x000000070a600000|  0%| F|  |TAMS 0x000000070a400000| PB 0x000000070a400000| Untracked 
|  22|0x000000070a600000, 0x000000070a600000, 0x000000070a800000|  0%| F|  |TAMS 0x000000070a600000| PB 0x000000070a600000| Untracked 
|  23|0x000000070a800000, 0x000000070a800000, 0x000000070aa00000|  0%| F|  |TAMS 0x000000070a800000| PB 0x000000070a800000| Untracked 
|  24|0x000000070aa00000, 0x000000070aa00000, 0x000000070ac00000|  0%| F|  |TAMS 0x000000070aa00000| PB 0x000000070aa00000| Untracked 
|  25|0x000000070ac00000, 0x000000070ac00000, 0x000000070ae00000|  0%| F|  |TAMS 0x000000070ac00000| PB 0x000000070ac00000| Untracked 
|  26|0x000000070ae00000, 0x000000070ae00000, 0x000000070b000000|  0%| F|  |TAMS 0x000000070ae00000| PB 0x000000070ae00000| Untracked 
|  27|0x000000070b000000, 0x000000070b000000, 0x000000070b200000|  0%| F|  |TAMS 0x000000070b000000| PB 0x000000070b000000| Untracked 
|  28|0x000000070b200000, 0x000000070b200000, 0x000000070b400000|  0%| F|  |TAMS 0x000000070b200000| PB 0x000000070b200000| Untracked 
|  29|0x000000070b400000, 0x000000070b400000, 0x000000070b600000|  0%| F|  |TAMS 0x000000070b400000| PB 0x000000070b400000| Untracked 
|  30|0x000000070b600000, 0x000000070b600000, 0x000000070b800000|  0%| F|  |TAMS 0x000000070b600000| PB 0x000000070b600000| Untracked 
|  31|0x000000070b800000, 0x000000070b800000, 0x000000070ba00000|  0%| F|  |TAMS 0x000000070b800000| PB 0x000000070b800000| Untracked 
|  32|0x000000070ba00000, 0x000000070ba00000, 0x000000070bc00000|  0%| F|  |TAMS 0x000000070ba00000| PB 0x000000070ba00000| Untracked 
|  33|0x000000070bc00000, 0x000000070bc00000, 0x000000070be00000|  0%| F|  |TAMS 0x000000070bc00000| PB 0x000000070bc00000| Untracked 
|  34|0x000000070be00000, 0x000000070be00000, 0x000000070c000000|  0%| F|  |TAMS 0x000000070be00000| PB 0x000000070be00000| Untracked 
|  35|0x000000070c000000, 0x000000070c000000, 0x000000070c200000|  0%| F|  |TAMS 0x000000070c000000| PB 0x000000070c000000| Untracked 
|  36|0x000000070c200000, 0x000000070c200000, 0x000000070c400000|  0%| F|  |TAMS 0x000000070c200000| PB 0x000000070c200000| Untracked 
|  37|0x000000070c400000, 0x000000070c400000, 0x000000070c600000|  0%| F|  |TAMS 0x000000070c400000| PB 0x000000070c400000| Untracked 
|  38|0x000000070c600000, 0x000000070c600000, 0x000000070c800000|  0%| F|  |TAMS 0x000000070c600000| PB 0x000000070c600000| Untracked 
|  39|0x000000070c800000, 0x000000070c800000, 0x000000070ca00000|  0%| F|  |TAMS 0x000000070c800000| PB 0x000000070c800000| Untracked 
|  40|0x000000070ca00000, 0x000000070ca00000, 0x000000070cc00000|  0%| F|  |TAMS 0x000000070ca00000| PB 0x000000070ca00000| Untracked 
|  41|0x000000070cc00000, 0x000000070cc00000, 0x000000070ce00000|  0%| F|  |TAMS 0x000000070cc00000| PB 0x000000070cc00000| Untracked 
|  42|0x000000070ce00000, 0x000000070ce00000, 0x000000070d000000|  0%| F|  |TAMS 0x000000070ce00000| PB 0x000000070ce00000| Untracked 
|  43|0x000000070d000000, 0x000000070d000000, 0x000000070d200000|  0%| F|  |TAMS 0x000000070d000000| PB 0x000000070d000000| Untracked 
|  44|0x000000070d200000, 0x000000070d200000, 0x000000070d400000|  0%| F|  |TAMS 0x000000070d200000| PB 0x000000070d200000| Untracked 
|  45|0x000000070d400000, 0x000000070d400000, 0x000000070d600000|  0%| F|  |TAMS 0x000000070d400000| PB 0x000000070d400000| Untracked 
|  46|0x000000070d600000, 0x000000070d600000, 0x000000070d800000|  0%| F|  |TAMS 0x000000070d600000| PB 0x000000070d600000| Untracked 
|  47|0x000000070d800000, 0x000000070da00000, 0x000000070da00000|100%| S|CS|TAMS 0x000000070d800000| PB 0x000000070d800000| Complete 
|  48|0x000000070da00000, 0x000000070dc00000, 0x000000070dc00000|100%| S|CS|TAMS 0x000000070da00000| PB 0x000000070da00000| Complete 
|  49|0x000000070dc00000, 0x000000070de00000, 0x000000070de00000|100%| S|CS|TAMS 0x000000070dc00000| PB 0x000000070dc00000| Complete 
|  50|0x000000070de00000, 0x000000070de00000, 0x000000070e000000|  0%| F|  |TAMS 0x000000070de00000| PB 0x000000070de00000| Untracked 
|  51|0x000000070e000000, 0x000000070e000000, 0x000000070e200000|  0%| F|  |TAMS 0x000000070e000000| PB 0x000000070e000000| Untracked 
|  52|0x000000070e200000, 0x000000070e200000, 0x000000070e400000|  0%| F|  |TAMS 0x000000070e200000| PB 0x000000070e200000| Untracked 
|  53|0x000000070e400000, 0x000000070e400000, 0x000000070e600000|  0%| F|  |TAMS 0x000000070e400000| PB 0x000000070e400000| Untracked 
|  54|0x000000070e600000, 0x000000070e600000, 0x000000070e800000|  0%| F|  |TAMS 0x000000070e600000| PB 0x000000070e600000| Untracked 
|  55|0x000000070e800000, 0x000000070e800000, 0x000000070ea00000|  0%| F|  |TAMS 0x000000070e800000| PB 0x000000070e800000| Untracked 
|  56|0x000000070ea00000, 0x000000070ea00000, 0x000000070ec00000|  0%| F|  |TAMS 0x000000070ea00000| PB 0x000000070ea00000| Untracked 
|  57|0x000000070ec00000, 0x000000070ec00000, 0x000000070ee00000|  0%| F|  |TAMS 0x000000070ec00000| PB 0x000000070ec00000| Untracked 
|  58|0x000000070ee00000, 0x000000070ee00000, 0x000000070f000000|  0%| F|  |TAMS 0x000000070ee00000| PB 0x000000070ee00000| Untracked 
|  59|0x000000070f000000, 0x000000070f000000, 0x000000070f200000|  0%| F|  |TAMS 0x000000070f000000| PB 0x000000070f000000| Untracked 
|  60|0x000000070f200000, 0x000000070f200000, 0x000000070f400000|  0%| F|  |TAMS 0x000000070f200000| PB 0x000000070f200000| Untracked 
|  61|0x000000070f400000, 0x000000070f400000, 0x000000070f600000|  0%| F|  |TAMS 0x000000070f400000| PB 0x000000070f400000| Untracked 
|  62|0x000000070f600000, 0x000000070f600000, 0x000000070f800000|  0%| F|  |TAMS 0x000000070f600000| PB 0x000000070f600000| Untracked 
|  63|0x000000070f800000, 0x000000070fa00000, 0x000000070fa00000|100%| E|  |TAMS 0x000000070f800000| PB 0x000000070f800000| Complete 
|  64|0x000000070fa00000, 0x000000070fc00000, 0x000000070fc00000|100%| E|CS|TAMS 0x000000070fa00000| PB 0x000000070fa00000| Complete 
|  65|0x000000070fc00000, 0x000000070fe00000, 0x000000070fe00000|100%| E|CS|TAMS 0x000000070fc00000| PB 0x000000070fc00000| Complete 
|  66|0x000000070fe00000, 0x0000000710000000, 0x0000000710000000|100%| E|CS|TAMS 0x000000070fe00000| PB 0x000000070fe00000| Complete 
|  67|0x0000000710000000, 0x0000000710200000, 0x0000000710200000|100%| E|CS|TAMS 0x0000000710000000| PB 0x0000000710000000| Complete 
|  68|0x0000000710200000, 0x0000000710400000, 0x0000000710400000|100%| E|CS|TAMS 0x0000000710200000| PB 0x0000000710200000| Complete 
|  69|0x0000000710400000, 0x0000000710600000, 0x0000000710600000|100%| E|CS|TAMS 0x0000000710400000| PB 0x0000000710400000| Complete 
|  70|0x0000000710600000, 0x0000000710800000, 0x0000000710800000|100%| E|CS|TAMS 0x0000000710600000| PB 0x0000000710600000| Complete 
|  71|0x0000000710800000, 0x0000000710a00000, 0x0000000710a00000|100%| E|CS|TAMS 0x0000000710800000| PB 0x0000000710800000| Complete 
|  72|0x0000000710a00000, 0x0000000710c00000, 0x0000000710c00000|100%| E|CS|TAMS 0x0000000710a00000| PB 0x0000000710a00000| Complete 
|  73|0x0000000710c00000, 0x0000000710e00000, 0x0000000710e00000|100%| E|CS|TAMS 0x0000000710c00000| PB 0x0000000710c00000| Complete 
|  74|0x0000000710e00000, 0x0000000711000000, 0x0000000711000000|100%| E|CS|TAMS 0x0000000710e00000| PB 0x0000000710e00000| Complete 
|  75|0x0000000711000000, 0x0000000711200000, 0x0000000711200000|100%| E|CS|TAMS 0x0000000711000000| PB 0x0000000711000000| Complete 
|  76|0x0000000711200000, 0x0000000711400000, 0x0000000711400000|100%| E|CS|TAMS 0x0000000711200000| PB 0x0000000711200000| Complete 
|  77|0x0000000711400000, 0x0000000711600000, 0x0000000711600000|100%| E|CS|TAMS 0x0000000711400000| PB 0x0000000711400000| Complete 
|  78|0x0000000711600000, 0x0000000711800000, 0x0000000711800000|100%| E|CS|TAMS 0x0000000711600000| PB 0x0000000711600000| Complete 
|  79|0x0000000711800000, 0x0000000711a00000, 0x0000000711a00000|100%| E|CS|TAMS 0x0000000711800000| PB 0x0000000711800000| Complete 
|  80|0x0000000711a00000, 0x0000000711c00000, 0x0000000711c00000|100%| E|CS|TAMS 0x0000000711a00000| PB 0x0000000711a00000| Complete 
|  81|0x0000000711c00000, 0x0000000711e00000, 0x0000000711e00000|100%| E|CS|TAMS 0x0000000711c00000| PB 0x0000000711c00000| Complete 
|  82|0x0000000711e00000, 0x0000000712000000, 0x0000000712000000|100%| E|CS|TAMS 0x0000000711e00000| PB 0x0000000711e00000| Complete 
|  83|0x0000000712000000, 0x0000000712200000, 0x0000000712200000|100%| E|CS|TAMS 0x0000000712000000| PB 0x0000000712000000| Complete 
|  84|0x0000000712200000, 0x0000000712400000, 0x0000000712400000|100%| E|CS|TAMS 0x0000000712200000| PB 0x0000000712200000| Complete 
|  85|0x0000000712400000, 0x0000000712600000, 0x0000000712600000|100%| E|CS|TAMS 0x0000000712400000| PB 0x0000000712400000| Complete 
|  86|0x0000000712600000, 0x0000000712800000, 0x0000000712800000|100%| E|CS|TAMS 0x0000000712600000| PB 0x0000000712600000| Complete 
|  87|0x0000000712800000, 0x0000000712a00000, 0x0000000712a00000|100%| E|CS|TAMS 0x0000000712800000| PB 0x0000000712800000| Complete 
|  88|0x0000000712a00000, 0x0000000712c00000, 0x0000000712c00000|100%| E|CS|TAMS 0x0000000712a00000| PB 0x0000000712a00000| Complete 
|  89|0x0000000712c00000, 0x0000000712e00000, 0x0000000712e00000|100%| E|CS|TAMS 0x0000000712c00000| PB 0x0000000712c00000| Complete 
|  90|0x0000000712e00000, 0x0000000713000000, 0x0000000713000000|100%| E|CS|TAMS 0x0000000712e00000| PB 0x0000000712e00000| Complete 
|  91|0x0000000713000000, 0x0000000713200000, 0x0000000713200000|100%| E|CS|TAMS 0x0000000713000000| PB 0x0000000713000000| Complete 
|  92|0x0000000713200000, 0x0000000713400000, 0x0000000713400000|100%| E|CS|TAMS 0x0000000713200000| PB 0x0000000713200000| Complete 
|  93|0x0000000713400000, 0x0000000713600000, 0x0000000713600000|100%| E|CS|TAMS 0x0000000713400000| PB 0x0000000713400000| Complete 
|  94|0x0000000713600000, 0x0000000713800000, 0x0000000713800000|100%| E|CS|TAMS 0x0000000713600000| PB 0x0000000713600000| Complete 
|  95|0x0000000713800000, 0x0000000713a00000, 0x0000000713a00000|100%| E|CS|TAMS 0x0000000713800000| PB 0x0000000713800000| Complete 
|  96|0x0000000713a00000, 0x0000000713c00000, 0x0000000713c00000|100%| E|CS|TAMS 0x0000000713a00000| PB 0x0000000713a00000| Complete 
|  97|0x0000000713c00000, 0x0000000713e00000, 0x0000000713e00000|100%| E|CS|TAMS 0x0000000713c00000| PB 0x0000000713c00000| Complete 
|  98|0x0000000713e00000, 0x0000000714000000, 0x0000000714000000|100%| E|CS|TAMS 0x0000000713e00000| PB 0x0000000713e00000| Complete 
|  99|0x0000000714000000, 0x0000000714200000, 0x0000000714200000|100%| E|CS|TAMS 0x0000000714000000| PB 0x0000000714000000| Complete 
| 100|0x0000000714200000, 0x0000000714400000, 0x0000000714400000|100%| E|CS|TAMS 0x0000000714200000| PB 0x0000000714200000| Complete 
| 101|0x0000000714400000, 0x0000000714600000, 0x0000000714600000|100%| E|CS|TAMS 0x0000000714400000| PB 0x0000000714400000| Complete 
| 102|0x0000000714600000, 0x0000000714800000, 0x0000000714800000|100%| E|CS|TAMS 0x0000000714600000| PB 0x0000000714600000| Complete 
| 103|0x0000000714800000, 0x0000000714a00000, 0x0000000714a00000|100%| E|CS|TAMS 0x0000000714800000| PB 0x0000000714800000| Complete 
| 104|0x0000000714a00000, 0x0000000714c00000, 0x0000000714c00000|100%| E|CS|TAMS 0x0000000714a00000| PB 0x0000000714a00000| Complete 
| 105|0x0000000714c00000, 0x0000000714e00000, 0x0000000714e00000|100%| E|CS|TAMS 0x0000000714c00000| PB 0x0000000714c00000| Complete 
| 106|0x0000000714e00000, 0x0000000715000000, 0x0000000715000000|100%| E|CS|TAMS 0x0000000714e00000| PB 0x0000000714e00000| Complete 
| 107|0x0000000715000000, 0x0000000715200000, 0x0000000715200000|100%| E|CS|TAMS 0x0000000715000000| PB 0x0000000715000000| Complete 
| 108|0x0000000715200000, 0x0000000715400000, 0x0000000715400000|100%| E|CS|TAMS 0x0000000715200000| PB 0x0000000715200000| Complete 
| 109|0x0000000715400000, 0x0000000715600000, 0x0000000715600000|100%| E|CS|TAMS 0x0000000715400000| PB 0x0000000715400000| Complete 
| 110|0x0000000715600000, 0x0000000715800000, 0x0000000715800000|100%| E|CS|TAMS 0x0000000715600000| PB 0x0000000715600000| Complete 
| 111|0x0000000715800000, 0x0000000715a00000, 0x0000000715a00000|100%| E|CS|TAMS 0x0000000715800000| PB 0x0000000715800000| Complete 
| 112|0x0000000715a00000, 0x0000000715c00000, 0x0000000715c00000|100%| E|CS|TAMS 0x0000000715a00000| PB 0x0000000715a00000| Complete 
| 113|0x0000000715c00000, 0x0000000715e00000, 0x0000000715e00000|100%| E|CS|TAMS 0x0000000715c00000| PB 0x0000000715c00000| Complete 
| 114|0x0000000715e00000, 0x0000000716000000, 0x0000000716000000|100%| E|CS|TAMS 0x0000000715e00000| PB 0x0000000715e00000| Complete 
| 115|0x0000000716000000, 0x0000000716200000, 0x0000000716200000|100%| E|CS|TAMS 0x0000000716000000| PB 0x0000000716000000| Complete 
| 116|0x0000000716200000, 0x0000000716400000, 0x0000000716400000|100%| E|CS|TAMS 0x0000000716200000| PB 0x0000000716200000| Complete 
| 117|0x0000000716400000, 0x0000000716600000, 0x0000000716600000|100%| E|CS|TAMS 0x0000000716400000| PB 0x0000000716400000| Complete 
| 118|0x0000000716600000, 0x0000000716800000, 0x0000000716800000|100%| E|CS|TAMS 0x0000000716600000| PB 0x0000000716600000| Complete 
| 119|0x0000000716800000, 0x0000000716a00000, 0x0000000716a00000|100%| E|CS|TAMS 0x0000000716800000| PB 0x0000000716800000| Complete 
| 120|0x0000000716a00000, 0x0000000716c00000, 0x0000000716c00000|100%| E|CS|TAMS 0x0000000716a00000| PB 0x0000000716a00000| Complete 
| 121|0x0000000716c00000, 0x0000000716e00000, 0x0000000716e00000|100%| E|CS|TAMS 0x0000000716c00000| PB 0x0000000716c00000| Complete 
| 122|0x0000000716e00000, 0x0000000717000000, 0x0000000717000000|100%| E|CS|TAMS 0x0000000716e00000| PB 0x0000000716e00000| Complete 
| 123|0x0000000717000000, 0x0000000717200000, 0x0000000717200000|100%| E|CS|TAMS 0x0000000717000000| PB 0x0000000717000000| Complete 
| 124|0x0000000717200000, 0x0000000717400000, 0x0000000717400000|100%| E|CS|TAMS 0x0000000717200000| PB 0x0000000717200000| Complete 

Card table byte_map: [0x00000288de7c0000,0x00000288def90000] _byte_map_base: 0x00000288daf83000

Marking Bits: (CMBitMap*) 0x00000288cdba9a20
 Bits: [0x00000288def90000, 0x00000288e2da8000)

Polling page: 0x00000288c32a0000

Metaspace:

Usage:
  Non-class:     11.01 MB used.
      Class:      1.06 MB used.
       Both:     12.07 MB used.

Virtual space:
  Non-class space:       64.00 MB reserved,      11.12 MB ( 17%) committed,  1 nodes.
      Class space:        1.00 GB reserved,       1.19 MB ( <1%) committed,  1 nodes.
             Both:        1.06 GB reserved,      12.31 MB (  1%) committed. 

Chunk freelists:
   Non-Class:  4.14 MB
       Class:  14.79 MB
        Both:  18.93 MB

MaxMetaspaceSize: unlimited
CompressedClassSpaceSize: 1.00 GB
Initial GC threshold: 21.00 MB
Current GC threshold: 21.00 MB
CDS: on
 - commit_granule_bytes: 65536.
 - commit_granule_words: 8192.
 - virtual_space_node_default_size: 8388608.
 - enlarge_chunks_in_place: 1.
 - use_allocation_guard: 0.


Internal statistics:

num_allocs_failed_limit: 0.
num_arena_births: 252.
num_arena_deaths: 0.
num_vsnodes_births: 2.
num_vsnodes_deaths: 0.
num_space_committed: 197.
num_space_uncommitted: 0.
num_chunks_returned_to_freelist: 0.
num_chunks_taken_from_freelist: 467.
num_chunk_merges: 0.
num_chunk_splits: 307.
num_chunks_enlarged: 181.
num_inconsistent_stats: 0.

CodeHeap 'non-profiled nmethods': size=119168Kb used=3615Kb max_used=3615Kb free=115552Kb
 bounds [0x00000288d5890000, 0x00000288d5c20000, 0x00000288dccf0000]
CodeHeap 'profiled nmethods': size=119104Kb used=5445Kb max_used=5445Kb free=113658Kb
 bounds [0x00000288cdcf0000, 0x00000288ce250000, 0x00000288d5140000]
CodeHeap 'non-nmethods': size=7488Kb used=1482Kb max_used=3316Kb free=6005Kb
 bounds [0x00000288d5140000, 0x00000288d54a0000, 0x00000288d5890000]
CodeCache: size=245760Kb, used=10542Kb, max_used=12376Kb, free=235215Kb
 total_blobs=3023, nmethods=2510, adapters=418, full_count=0
Compilation: enabled, stopped_count=0, restarted_count=0

Compilation events (20 events):
Event: 199.036 Thread 0x000002891c70a710 2501       3       ai.onnxruntime.OrtSession::run (11 bytes)
Event: 199.037 Thread 0x000002891c70a710 nmethod 2501 0x00000288ce23c090 code [0x00000288ce23c240, 0x00000288ce23c410]
Event: 199.197 Thread 0x000002891c70a710 2502       3       java.util.concurrent.locks.AbstractQueuedSynchronizer$ConditionObject::doSignal (62 bytes)
Event: 199.197 Thread 0x000002891c70a710 nmethod 2502 0x00000288ce23c510 code [0x00000288ce23c6e0, 0x00000288ce23cad8]
Event: 199.301 Thread 0x00000288e6106a60 2503       4       java.util.concurrent.atomic.AtomicLong::compareAndSet (13 bytes)
Event: 199.302 Thread 0x00000288e6106a60 nmethod 2503 0x00000288d5c16290 code [0x00000288d5c16420, 0x00000288d5c164c0]
Event: 199.309 Thread 0x00000288e6106a60 2504       4       java.util.concurrent.atomic.AtomicLong::incrementAndGet (14 bytes)
Event: 199.310 Thread 0x00000288e6106a60 nmethod 2504 0x00000288d5c16590 code [0x00000288d5c16720, 0x00000288d5c167b8]
Event: 199.609 Thread 0x00000288e6106a60 2505       4       java.util.concurrent.locks.LockSupport::setBlocker (12 bytes)
Event: 199.609 Thread 0x00000288e6106a60 nmethod 2505 0x00000288d5c16890 code [0x00000288d5c16a20, 0x00000288d5c16b60]
Event: 199.904 Thread 0x00000288e6106a60 2506       4       java.util.concurrent.locks.AbstractQueuedSynchronizer$ConditionObject::canReacquire (38 bytes)
Event: 199.904 Thread 0x00000288e6106a60 nmethod 2506 0x00000288d5c16c10 code [0x00000288d5c16da0, 0x00000288d5c16e88]
Event: 199.951 Thread 0x00000288e6106a60 2507       4       java.util.ArrayList::clear (43 bytes)
Event: 199.954 Thread 0x00000288e6106a60 nmethod 2507 0x00000288d5c17010 code [0x00000288d5c171a0, 0x00000288d5c17478]
Event: 200.111 Thread 0x00000288e6109650 2508 % !   3       java.util.concurrent.ArrayBlockingQueue::drainTo @ 59 (316 bytes)
Event: 200.113 Thread 0x00000288e6109650 nmethod 2508% 0x00000288ce23ce10 code [0x00000288ce23d240, 0x00000288ce23fb60]
Event: 200.694 Thread 0x00000288e6106a60 2509       4       java.util.stream.Sink::end (1 bytes)
Event: 200.694 Thread 0x00000288e6106a60 nmethod 2509 0x00000288d5c17690 code [0x00000288d5c17820, 0x00000288d5c178a8]
Event: 201.480 Thread 0x00000288e6109650 2510       1       java.util.logging.LogManager$LoggerContext::getOwner (5 bytes)
Event: 201.480 Thread 0x00000288e6109650 nmethod 2510 0x00000288d5c17990 code [0x00000288d5c17b20, 0x00000288d5c17bf0]

GC Heap History (10 events):
Event: 1.012 GC heap before
{Heap before GC invocations=0 (full 0):
 garbage-first heap   total 256000K, used 24576K [0x0000000707a00000, 0x0000000800000000)
  region size 2048K, 11 young (22528K), 0 survivors (0K)
 Metaspace       used 4735K, committed 4864K, reserved 1114112K
  class space    used 399K, committed 448K, reserved 1048576K
}
Event: 1.018 GC heap after
{Heap after GC invocations=1 (full 0):
 garbage-first heap   total 256000K, used 8362K [0x0000000707a00000, 0x0000000800000000)
  region size 2048K, 2 young (4096K), 2 survivors (4096K)
 Metaspace       used 4735K, committed 4864K, reserved 1114112K
  class space    used 399K, committed 448K, reserved 1048576K
}
Event: 195.417 GC heap before
{Heap before GC invocations=1 (full 0):
 garbage-first heap   total 256000K, used 34986K [0x0000000707a00000, 0x0000000800000000)
  region size 2048K, 16 young (32768K), 2 survivors (4096K)
 Metaspace       used 11898K, committed 12160K, reserved 1114112K
  class space    used 1075K, committed 1216K, reserved 1048576K
}
Event: 195.421 GC heap after
{Heap after GC invocations=2 (full 0):
 garbage-first heap   total 256000K, used 11188K [0x0000000707a00000, 0x0000000800000000)
  region size 2048K, 2 young (4096K), 2 survivors (4096K)
 Metaspace       used 11898K, committed 12160K, reserved 1114112K
  class space    used 1075K, committed 1216K, reserved 1048576K
}
Event: 195.694 GC heap before
{Heap before GC invocations=2 (full 0):
 garbage-first heap   total 256000K, used 54196K [0x0000000707a00000, 0x0000000800000000)
  region size 2048K, 23 young (47104K), 2 survivors (4096K)
 Metaspace       used 12153K, committed 12416K, reserved 1114112K
  class space    used 1085K, committed 1216K, reserved 1048576K
}
Event: 195.697 GC heap after
{Heap after GC invocations=3 (full 0):
 garbage-first heap   total 256000K, used 15253K [0x0000000707a00000, 0x0000000800000000)
  region size 2048K, 3 young (6144K), 3 survivors (6144K)
 Metaspace       used 12153K, committed 12416K, reserved 1114112K
  class space    used 1085K, committed 1216K, reserved 1048576K
}
Event: 197.601 GC heap before
{Heap before GC invocations=3 (full 0):
 garbage-first heap   total 256000K, used 152469K [0x0000000707a00000, 0x0000000800000000)
  region size 2048K, 70 young (143360K), 3 survivors (6144K)
 Metaspace       used 12283K, committed 12544K, reserved 1114112K
  class space    used 1086K, committed 1216K, reserved 1048576K
}
Event: 197.605 GC heap after
{Heap after GC invocations=4 (full 0):
 garbage-first heap   total 256000K, used 17623K [0x0000000707a00000, 0x0000000800000000)
  region size 2048K, 4 young (8192K), 4 survivors (8192K)
 Metaspace       used 12283K, committed 12544K, reserved 1114112K
  class space    used 1086K, committed 1216K, reserved 1048576K
}
Event: 199.750 GC heap before
{Heap before GC invocations=4 (full 0):
 garbage-first heap   total 256000K, used 163031K [0x0000000707a00000, 0x0000000800000000)
  region size 2048K, 75 young (153600K), 4 survivors (8192K)
 Metaspace       used 12349K, committed 12608K, reserved 1114112K
  class space    used 1087K, committed 1216K, reserved 1048576K
}
Event: 199.752 GC heap after
{Heap after GC invocations=5 (full 0):
 garbage-first heap   total 256000K, used 16857K [0x0000000707a00000, 0x0000000800000000)
  region size 2048K, 3 young (6144K), 3 survivors (6144K)
 Metaspace       used 12349K, committed 12608K, reserved 1114112K
  class space    used 1087K, committed 1216K, reserved 1048576K
}

Dll operation events (10 events):
Event: 0.285 Loaded shared library C:\Users\danis\.jdks\temurin-21.0.8\bin\java.dll
Event: 0.286 Loaded shared library C:\Users\danis\.jdks\temurin-21.0.8\bin\zip.dll
Event: 0.308 Loaded shared library C:\Users\danis\.jdks\temurin-21.0.8\bin\jsvml.dll
Event: 0.672 Loaded shared library C:\Users\danis\.jdks\temurin-21.0.8\bin\instrument.dll
Event: 0.738 Loaded shared library C:\Users\danis\.jdks\temurin-21.0.8\bin\net.dll
Event: 0.739 Loaded shared library C:\Users\danis\.jdks\temurin-21.0.8\bin\nio.dll
Event: 0.748 Loaded shared library C:\Users\danis\.jdks\temurin-21.0.8\bin\zip.dll
Event: 0.823 Loaded shared library C:\Users\danis\.jdks\temurin-21.0.8\bin\jimage.dll
Event: 8.549 Loaded shared library C:\Users\danis\AppData\Local\Temp\onnxruntime-java2188285246439097603\onnxruntime.dll
Event: 8.602 Loaded shared library C:\Users\danis\AppData\Local\Temp\onnxruntime-java2188285246439097603\onnxruntime4j_jni.dll

Deoptimization events (20 events):
Event: 196.435 Thread 0x00000288eba51310 Uncommon trap: trap_request=0xffffffbe fr.pc=0x00000288d5a953f8 relative=0x0000000000001378
Event: 196.435 Thread 0x00000288eba51310 Uncommon trap: reason=profile_predicate action=maybe_recompile pc=0x00000288d5a953f8 method=java.util.ArrayList$ArrayListSpliterator.forEachRemaining(Ljava/util/function/Consumer;)V @ 83 c2
Event: 196.435 Thread 0x00000288eba51310 DEOPT PACKING pc=0x00000288d5a953f8 sp=0x000000f684ffeac0
Event: 196.435 Thread 0x00000288eba51310 DEOPT UNPACKING pc=0x00000288d51946a2 sp=0x000000f684ffeb10 mode 2
Event: 196.435 Thread 0x00000288eba51310 Uncommon trap: trap_request=0xffffffbe fr.pc=0x00000288d5a953f8 relative=0x0000000000001378
Event: 196.435 Thread 0x00000288eba51310 Uncommon trap: reason=profile_predicate action=maybe_recompile pc=0x00000288d5a953f8 method=java.util.ArrayList$ArrayListSpliterator.forEachRemaining(Ljava/util/function/Consumer;)V @ 83 c2
Event: 196.435 Thread 0x00000288eba51310 DEOPT PACKING pc=0x00000288d5a953f8 sp=0x000000f684ffeac0
Event: 196.435 Thread 0x00000288eba51310 DEOPT UNPACKING pc=0x00000288d51946a2 sp=0x000000f684ffeb10 mode 2
Event: 196.545 Thread 0x00000288eba51310 Uncommon trap: trap_request=0xffffff6e fr.pc=0x00000288d5aca760 relative=0x0000000000004740
Event: 196.545 Thread 0x00000288eba51310 Uncommon trap: reason=loop_limit_check action=maybe_recompile pc=0x00000288d5aca760 method=com.securelogx.ner.impl.LabelAwareMaskingEngine.maskSpan(Ljava/lang/String;Ljava/lang/String;Z)Ljava/lang/String; @ 99 c2
Event: 196.545 Thread 0x00000288eba51310 DEOPT PACKING pc=0x00000288d5aca760 sp=0x000000f684ffefa0
Event: 196.545 Thread 0x00000288eba51310 DEOPT UNPACKING pc=0x00000288d51946a2 sp=0x000000f684ffefc0 mode 2
Event: 196.931 Thread 0x00000288eba51310 Uncommon trap: trap_request=0xffffff6e fr.pc=0x00000288d5b50fd4 relative=0x0000000000006af4
Event: 196.931 Thread 0x00000288eba51310 Uncommon trap: reason=loop_limit_check action=maybe_recompile pc=0x00000288d5b50fd4 method=com.securelogx.ner.impl.LabelAwareMaskingEngine.maskSpan(Ljava/lang/String;Ljava/lang/String;Z)Ljava/lang/String; @ 99 c2
Event: 196.931 Thread 0x00000288eba51310 DEOPT PACKING pc=0x00000288d5b50fd4 sp=0x000000f684fff170
Event: 196.931 Thread 0x00000288eba51310 DEOPT UNPACKING pc=0x00000288d51946a2 sp=0x000000f684fff128 mode 2
Event: 196.958 Thread 0x00000288eba51310 Uncommon trap: trap_request=0xffffffcc fr.pc=0x00000288d5b6c5ac relative=0x00000000000016ac
Event: 196.958 Thread 0x00000288eba51310 Uncommon trap: reason=intrinsic_or_type_checked_inlining action=make_not_entrant pc=0x00000288d5b6c5ac method=java.util.ArrayList$SubList.toArray([Ljava/lang/Object;)[Ljava/lang/Object; @ 58 c2
Event: 196.958 Thread 0x00000288eba51310 DEOPT PACKING pc=0x00000288d5b6c5ac sp=0x000000f684ffecb0
Event: 196.958 Thread 0x00000288eba51310 DEOPT UNPACKING pc=0x00000288d51946a2 sp=0x000000f684ffec30 mode 2

Classes loaded (20 events):
Event: 195.399 Loading class java/util/function/IntBinaryOperator
Event: 195.399 Loading class java/util/function/IntBinaryOperator done
Event: 195.400 Loading class java/util/stream/ReduceOps$7
Event: 195.401 Loading class java/util/stream/ReduceOps$7 done
Event: 195.401 Loading class java/util/stream/ReduceOps$6ReducingSink
Event: 195.401 Loading class java/util/stream/ReduceOps$6ReducingSink done
Event: 195.402 Loading class java/util/OptionalInt
Event: 195.402 Loading class java/util/OptionalInt done
Event: 195.469 Loading class java/lang/foreign/MemorySegment
Event: 195.469 Loading class java/lang/foreign/MemorySegment done
Event: 195.511 Loading class com/securelogx/engine/SecureLogX
Event: 195.511 Loading class com/securelogx/engine/SecureLogX done
Event: 195.937 Loading class jdk/internal/foreign/MemorySessionImpl
Event: 195.937 Loading class java/lang/foreign/MemorySegment$Scope
Event: 195.937 Loading class java/lang/foreign/MemorySegment$Scope done
Event: 195.937 Loading class jdk/internal/foreign/MemorySessionImpl done
Event: 201.479 Loading class jdk/internal/misc/Signal$1
Event: 201.479 Loading class jdk/internal/misc/Signal$1 done
Event: 201.480 Loading class java/util/IdentityHashMap$KeyIterator
Event: 201.480 Loading class java/util/IdentityHashMap$KeyIterator done

Classes unloaded (0 events):
No events

Classes redefined (1 events):
Event: 0.693 Thread 0x00000288cdcc5990 redefined class name=java.lang.Throwable, count=1

Internal exceptions (20 events):
Event: 5.954 Thread 0x00000288c528dfb0 Exception <a 'sun/nio/fs/WindowsException'{0x00000007172ee978}> (0x00000007172ee978) 
thrown [s\src\hotspot\share\prims\jni.cpp, line 520]
Event: 5.954 Thread 0x00000288c528dfb0 Exception <a 'sun/nio/fs/WindowsException'{0x00000007172eef28}> (0x00000007172eef28) 
thrown [s\src\hotspot\share\prims\jni.cpp, line 520]
Event: 5.954 Thread 0x00000288c528dfb0 Exception <a 'sun/nio/fs/WindowsException'{0x00000007172ef558}> (0x00000007172ef558) 
thrown [s\src\hotspot\share\prims\jni.cpp, line 520]
Event: 5.954 Thread 0x00000288c528dfb0 Exception <a 'sun/nio/fs/WindowsException'{0x00000007172efb88}> (0x00000007172efb88) 
thrown [s\src\hotspot\share\prims\jni.cpp, line 520]
Event: 5.954 Thread 0x00000288c528dfb0 Exception <a 'sun/nio/fs/WindowsException'{0x00000007172f01b8}> (0x00000007172f01b8) 
thrown [s\src\hotspot\share\prims\jni.cpp, line 520]
Event: 5.954 Thread 0x00000288c528dfb0 Exception <a 'sun/nio/fs/WindowsException'{0x00000007172f07e8}> (0x00000007172f07e8) 
thrown [s\src\hotspot\share\prims\jni.cpp, line 520]
Event: 5.954 Thread 0x00000288c528dfb0 Exception <a 'sun/nio/fs/WindowsException'{0x00000007172f0e18}> (0x00000007172f0e18) 
thrown [s\src\hotspot\share\prims\jni.cpp, line 520]
Event: 5.954 Thread 0x00000288c528dfb0 Exception <a 'sun/nio/fs/WindowsException'{0x00000007172f1448}> (0x00000007172f1448) 
thrown [s\src\hotspot\share\prims\jni.cpp, line 520]
Event: 6.104 Thread 0x00000288c528dfb0 Exception <a 'java/lang/NoSuchMethodError'{0x0000000717347aa8}: 'void java.lang.invoke.DirectMethodHandle$Holder.invokeStatic(java.lang.Object, long)'> (0x0000000717347aa8) 
thrown [s\src\hotspot\share\interpreter\linkResolver.cpp, line 773]
Event: 6.105 Thread 0x00000288c528dfb0 Exception <a 'java/lang/NoSuchMethodError'{0x000000071734c7b8}: 'java.lang.Object java.lang.invoke.DirectMethodHandle$Holder.newInvokeSpecial(java.lang.Object, long)'> (0x000000071734c7b8) 
thrown [s\src\hotspot\share\interpreter\linkResolver.cpp, line 773]
Event: 6.107 Thread 0x00000288c528dfb0 Exception <a 'java/lang/NoSuchMethodError'{0x000000071735c3a0}: 'java.lang.Object java.lang.invoke.DirectMethodHandle$Holder.invokeStatic(java.lang.Object, long, java.lang.Object)'> (0x000000071735c3a0) 
thrown [s\src\hotspot\share\interpreter\linkResolver.cpp, line 773]
Event: 6.108 Thread 0x00000288c528dfb0 Exception <a 'java/lang/NoSuchMethodError'{0x000000071735f8d8}: 'java.lang.Object java.lang.invoke.DirectMethodHandle$Holder.invokeStaticInit(java.lang.Object, long, java.lang.Object)'> (0x000000071735f8d8) 
thrown [s\src\hotspot\share\interpreter\linkResolver.cpp, line 773]
Event: 195.142 Thread 0x00000288c528dfb0 Exception <a 'java/lang/NoSuchMethodError'{0x000000071719f810}: 'void java.lang.invoke.DirectMethodHandle$Holder.invokeSpecial(java.lang.Object, java.lang.Object, int)'> (0x000000071719f810) 
thrown [s\src\hotspot\share\interpreter\linkResolver.cpp, line 773]
Event: 195.144 Thread 0x00000288c528dfb0 Exception <a 'java/lang/NoSuchMethodError'{0x00000007171a50f0}: 'java.lang.Object java.lang.invoke.DirectMethodHandle$Holder.newInvokeSpecial(java.lang.Object, java.lang.Object, int)'> (0x00000007171a50f0) 
thrown [s\src\hotspot\share\interpreter\linkResolver.cpp, line 773]
Event: 195.328 Thread 0x00000288c528dfb0 Exception <a 'java/lang/NoSuchMethodError'{0x0000000715957438}: 'void java.lang.invoke.DirectMethodHandle$Holder.invokeStaticInit(java.lang.Object)'> (0x0000000715957438) 
thrown [s\src\hotspot\share\interpreter\linkResolver.cpp, line 773]
Event: 195.336 Thread 0x00000288c528dfb0 Exception <a 'java/lang/NoSuchMethodError'{0x000000071599fc08}: 'java.lang.Object java.lang.invoke.DirectMethodHandle$Holder.invokeSpecial(java.lang.Object, java.lang.Object, java.lang.Object, long, int)'> (0x000000071599fc08) 
thrown [s\src\hotspot\share\interpreter\linkResolver.cpp, line 773]
Event: 195.349 Thread 0x00000288c528dfb0 Exception <a 'java/lang/NoSuchMethodError'{0x00000007156348c0}: 'java.lang.Object java.lang.invoke.DirectMethodHandle$Holder.invokeStatic(java.lang.Object, int, java.lang.Object)'> (0x00000007156348c0) 
thrown [s\src\hotspot\share\interpreter\linkResolver.cpp, line 773]
Event: 195.508 Thread 0x00000288eba51310 Implicit null exception at 0x00000288d5960aa1 to 0x00000288d5960bb8
Event: 195.508 Thread 0x00000288eba51310 Exception <a 'java/lang/NoSuchMethodError'{0x00000007168e3748}: 'java.lang.Object java.lang.invoke.DirectMethodHandle$Holder.invokeSpecial(java.lang.Object, java.lang.Object, long, int)'> (0x00000007168e3748) 
thrown [s\src\hotspot\share\interpreter\linkResolver.cpp, line 773]
Event: 195.512 Thread 0x00000288eba51310 Exception <a 'java/lang/NoSuchMethodError'{0x00000007168ea698}: 'void java.lang.invoke.DirectMethodHandle$Holder.invokeSpecial(java.lang.Object, java.lang.Object, java.lang.Object)'> (0x00000007168ea698) 
thrown [s\src\hotspot\share\interpreter\linkResolver.cpp, line 773]

ZGC Phase Switch (0 events):
No events

VM Operations (20 events):
Event: 195.694 Executing VM operation: G1CollectForAllocation (G1 Evacuation Pause)
Event: 195.697 Executing VM operation: G1CollectForAllocation (G1 Evacuation Pause) done
Event: 196.707 Executing VM operation: Cleanup
Event: 196.707 Executing VM operation: Cleanup done
Event: 197.601 Executing VM operation: G1CollectForAllocation (G1 Evacuation Pause)
Event: 197.605 Executing VM operation: G1CollectForAllocation (G1 Evacuation Pause) done
Event: 199.617 Executing VM operation: Cleanup
Event: 199.617 Executing VM operation: Cleanup done
Event: 199.750 Executing VM operation: G1CollectForAllocation (G1 Evacuation Pause)
Event: 199.752 Executing VM operation: G1CollectForAllocation (G1 Evacuation Pause) done
Event: 201.171 Executing VM operation: ChangeBreakpoints
Event: 201.171 Executing VM operation: ChangeBreakpoints done
Event: 201.171 Executing VM operation: ChangeBreakpoints
Event: 201.171 Executing VM operation: ChangeBreakpoints done
Event: 201.171 Executing VM operation: ChangeBreakpoints
Event: 201.171 Executing VM operation: ChangeBreakpoints done
Event: 201.171 Executing VM operation: ChangeBreakpoints
Event: 201.171 Executing VM operation: ChangeBreakpoints done
Event: 201.171 Executing VM operation: ChangeBreakpoints
Event: 201.171 Executing VM operation: ChangeBreakpoints done

Memory protections (0 events):
No events

Nmethod flushes (0 events):
No events

Events (20 events):
Event: 195.396 Thread 0x0000028921dc0410 Thread added: 0x000002893b207db0
Event: 195.403 Thread 0x000002891c70a710 Thread added: 0x000002893b4583c0
Event: 195.409 Thread 0x0000028921dc0410 Thread added: 0x000002893ab8ce20
Event: 196.733 Thread 0x000002893ab8ce20 Thread exited: 0x000002893ab8ce20
Event: 197.371 Thread 0x000002893b4583c0 Thread exited: 0x000002893b4583c0
Event: 197.559 Thread 0x000002893b207db0 Thread exited: 0x000002893b207db0
Event: 197.584 Thread 0x000002893b2ce090 Thread exited: 0x000002893b2ce090
Event: 197.714 Thread 0x000002893b459710 Thread exited: 0x000002893b459710
Event: 198.667 Thread 0x0000028921dc0410 Thread exited: 0x0000028921dc0410
Event: 198.667 Thread 0x000002893b2e7750 Thread exited: 0x000002893b2e7750
Event: 198.784 Thread 0x00000289221f2930 Thread exited: 0x00000289221f2930
Event: 199.609 Thread 0x0000028921cdf430 Thread exited: 0x0000028921cdf430
Event: 199.903 Thread 0x000002891c70a710 Thread exited: 0x000002891c70a710
Event: 201.171 Thread 0x00000288e63b7100 Thread exited: 0x00000288e63b7100
Event: 201.172 Thread 0x00000288e62be470 Thread exited: 0x00000288e62be470
Event: 201.479 Thread 0x00000288e60f1780 Thread added: 0x0000028922116060
Event: 201.481 Thread 0x0000028922116060 Thread added: 0x000002892211a200
Event: 201.481 Thread 0x0000028922116060 Thread added: 0x0000028922117410
Event: 201.481 Thread 0x0000028922116060 Thread added: 0x000002892211a890
Event: 201.481 Thread 0x0000028922117410 Thread exited: 0x0000028922117410


Dynamic libraries:
0x00007ff63cdc0000 - 0x00007ff63cdce000 	C:\Users\danis\.jdks\temurin-21.0.8\bin\java.exe
0x00007ffccc760000 - 0x00007ffccc9c7000 	C:\Windows\SYSTEM32\ntdll.dll
0x00007ffc94900000 - 0x00007ffc94920000 	C:\Program Files\Norton\Suite\aswhook.dll
0x00007ffccb520000 - 0x00007ffccb5e9000 	C:\Windows\System32\KERNEL32.DLL
0x00007ffcc9c60000 - 0x00007ffcca04f000 	C:\Windows\System32\KERNELBASE.dll
0x00007ffcca300000 - 0x00007ffcca44b000 	C:\Windows\System32\ucrtbase.dll
0x00007ffcafd00000 - 0x00007ffcafd18000 	C:\Users\danis\.jdks\temurin-21.0.8\bin\jli.dll
0x00007ffcb01f0000 - 0x00007ffcb020e000 	C:\Users\danis\.jdks\temurin-21.0.8\bin\VCRUNTIME140.dll
0x00007ffccb910000 - 0x00007ffccbad5000 	C:\Windows\System32\USER32.dll
0x00007ffcca2d0000 - 0x00007ffcca2f7000 	C:\Windows\System32\win32u.dll
0x00007ffccbb50000 - 0x00007ffccbb7b000 	C:\Windows\System32\GDI32.dll
0x00007ffc96070000 - 0x00007ffc96303000 	C:\Windows\WinSxS\amd64_microsoft.windows.common-controls_6595b64144ccf1df_6.0.26100.7309_none_3e05feeae336a044\COMCTL32.dll
0x00007ffcca060000 - 0x00007ffcca18c000 	C:\Windows\System32\gdi32full.dll
0x00007ffcca190000 - 0x00007ffcca233000 	C:\Windows\System32\msvcp_win.dll
0x00007ffccb2d0000 - 0x00007ffccb379000 	C:\Windows\System32\msvcrt.dll
0x00007ffcca960000 - 0x00007ffcca991000 	C:\Windows\System32\IMM32.DLL
0x00007ffcb12d0000 - 0x00007ffcb12dc000 	C:\Users\danis\.jdks\temurin-21.0.8\bin\vcruntime140_1.dll
0x00007ffcafc70000 - 0x00007ffcafcfd000 	C:\Users\danis\.jdks\temurin-21.0.8\bin\msvcp140.dll
0x00007ffc10b20000 - 0x00007ffc118b7000 	C:\Users\danis\.jdks\temurin-21.0.8\bin\server\jvm.dll
0x00007ffccb090000 - 0x00007ffccb144000 	C:\Windows\System32\ADVAPI32.dll
0x00007ffcca500000 - 0x00007ffcca5a6000 	C:\Windows\System32\sechost.dll
0x00007ffcca9d0000 - 0x00007ffccaae8000 	C:\Windows\System32\RPCRT4.dll
0x00007ffccb150000 - 0x00007ffccb1c4000 	C:\Windows\System32\WS2_32.dll
0x00007ffcc84c0000 - 0x00007ffcc851e000 	C:\Windows\SYSTEM32\POWRPROF.dll
0x00007ffcb02c0000 - 0x00007ffcb02f5000 	C:\Windows\SYSTEM32\WINMM.dll
0x00007ffcbbd90000 - 0x00007ffcbbd9b000 	C:\Windows\SYSTEM32\VERSION.dll
0x00007ffcc84a0000 - 0x00007ffcc84b4000 	C:\Windows\SYSTEM32\UMPDC.dll
0x00007ffcc8780000 - 0x00007ffcc879b000 	C:\Windows\SYSTEM32\kernel.appcore.dll
0x00007ffcafc60000 - 0x00007ffcafc6a000 	C:\Users\danis\.jdks\temurin-21.0.8\bin\jimage.dll
0x00007ffcc6ee0000 - 0x00007ffcc7122000 	C:\Windows\SYSTEM32\DBGHELP.DLL
0x00007ffccbb80000 - 0x00007ffccbf05000 	C:\Windows\System32\combase.dll
0x00007ffcca5c0000 - 0x00007ffcca696000 	C:\Windows\System32\OLEAUT32.dll
0x00007ffcb0350000 - 0x00007ffcb038c000 	C:\Windows\SYSTEM32\dbgcore.DLL
0x00007ffcca450000 - 0x00007ffcca4f5000 	C:\Windows\System32\bcryptPrimitives.dll
0x00007ffcae790000 - 0x00007ffcae7cc000 	C:\Users\danis\.jdks\temurin-21.0.8\bin\jdwp.dll
0x00007ffcae780000 - 0x00007ffcae78f000 	C:\Users\danis\.jdks\temurin-21.0.8\bin\instrument.dll
0x00007ffcafc40000 - 0x00007ffcafc5f000 	C:\Users\danis\.jdks\temurin-21.0.8\bin\java.dll
0x00007ffc10900000 - 0x00007ffc10b11000 	C:\Users\danis\AppData\Local\Temp\idea_libasyncProfiler_dll_temp_folder\libasyncProfiler.dll
0x00007ffcaed90000 - 0x00007ffcaeda8000 	C:\Users\danis\.jdks\temurin-21.0.8\bin\zip.dll
0x00007ffccbf30000 - 0x00007ffccc683000 	C:\Windows\System32\SHELL32.dll
0x00007ffcc9af0000 - 0x00007ffcc9c5a000 	C:\Windows\System32\wintypes.dll
0x00007ffcc74b0000 - 0x00007ffcc7d0e000 	C:\Windows\SYSTEM32\windows.storage.dll
0x00007ffccb810000 - 0x00007ffccb905000 	C:\Windows\System32\SHCORE.dll
0x00007ffccbae0000 - 0x00007ffccbb46000 	C:\Windows\System32\shlwapi.dll
0x00007ffcc97d0000 - 0x00007ffcc97f9000 	C:\Windows\SYSTEM32\profapi.dll
0x00007ffcae800000 - 0x00007ffcae8d7000 	C:\Users\danis\.jdks\temurin-21.0.8\bin\jsvml.dll
0x00007ffcae770000 - 0x00007ffcae77b000 	C:\Users\danis\.jdks\temurin-21.0.8\bin\dt_socket.dll
0x00007ffcc8230000 - 0x00007ffcc8264000 	C:\Windows\SYSTEM32\IPHLPAPI.DLL
0x00007ffcc8cf0000 - 0x00007ffcc8d5b000 	C:\Windows\system32\mswsock.dll
0x00007ffcafc30000 - 0x00007ffcafc40000 	C:\Users\danis\.jdks\temurin-21.0.8\bin\net.dll
0x00007ffcbb970000 - 0x00007ffcbba98000 	C:\Windows\SYSTEM32\WINHTTP.dll
0x00007ffcaee50000 - 0x00007ffcaee66000 	C:\Users\danis\.jdks\temurin-21.0.8\bin\nio.dll
0x00007ffcc8fc0000 - 0x00007ffcc8fdb000 	C:\Windows\SYSTEM32\CRYPTSP.dll
0x00007ffcc86e0000 - 0x00007ffcc871a000 	C:\Windows\system32\rsaenh.dll
0x00007ffcc8da0000 - 0x00007ffcc8dcb000 	C:\Windows\SYSTEM32\USERENV.dll
0x00007ffcc97a0000 - 0x00007ffcc97ca000 	C:\Windows\SYSTEM32\bcrypt.dll
0x00007ffcc8fb0000 - 0x00007ffcc8fbc000 	C:\Windows\SYSTEM32\CRYPTBASE.dll
0x00007ffccbf20000 - 0x00007ffccbf2a000 	C:\Windows\System32\NSI.dll
0x00007ffc0fb00000 - 0x00007ffc108f3000 	C:\Users\danis\AppData\Local\Temp\onnxruntime-java2188285246439097603\onnxruntime.dll
0x00007ffccaaf0000 - 0x00007ffccaf7a000 	C:\Windows\System32\SETUPAPI.dll
0x00007ffcc6630000 - 0x00007ffcc676b000 	C:\Windows\SYSTEM32\dxgi.dll
0x00007ffcae760000 - 0x00007ffcae769000 	C:\Windows\SYSTEM32\MSVCP140_1.dll
0x00007ffcae740000 - 0x00007ffcae757000 	C:\Users\danis\AppData\Local\Temp\onnxruntime-java2188285246439097603\onnxruntime4j_jni.dll
0x00007ffcc9510000 - 0x00007ffcc953d000 	C:\Windows\SYSTEM32\DEVOBJ.dll
0x00007ffcc9540000 - 0x00007ffcc9597000 	C:\Windows\SYSTEM32\cfgmgr32.dll
0x00007ffcca240000 - 0x00007ffcca2c0000 	C:\Windows\System32\WINTRUST.dll
0x00007ffcc9970000 - 0x00007ffcc9ae7000 	C:\Windows\System32\CRYPT32.dll
0x00007ffcc90e0000 - 0x00007ffcc90f3000 	C:\Windows\SYSTEM32\MSASN1.dll
0x00007ffcc68a0000 - 0x00007ffcc68e4000 	C:\Windows\SYSTEM32\dxcore.dll
0x00007ffcbc050000 - 0x00007ffcbc0b3000 	C:\Windows\SYSTEM32\directxdatabasehelper.dll
0x00007ffc08c50000 - 0x00007ffc0904c000 	C:\Windows\SYSTEM32\nvcuda.dll
0x00007ffbbf430000 - 0x00007ffbc1560000 	C:\Windows\system32\DriverStore\FileRepository\nvdmi.inf_amd64_33a226c79bd227e3\nvcuda64.dll
0x00007ffcb6ce0000 - 0x00007ffcb6d1b000 	C:\Windows\SYSTEM32\cryptnet.dll
0x00007ffcc9070000 - 0x00007ffcc90d5000 	C:\Windows\SYSTEM32\wldp.dll
0x00007ffcb18d0000 - 0x00007ffcb1a4b000 	C:\Windows\SYSTEM32\drvstore.dll
0x00007ffca6730000 - 0x00007ffca6cb6000 	C:\Windows\SYSTEM32\nvapi64.dll
0x00007ffccb380000 - 0x00007ffccb517000 	C:\Windows\System32\ole32.dll
0x00007ffcae580000 - 0x00007ffcae617000 	C:\Windows\System32\DriverStore\FileRepository\nvdmi.inf_amd64_33a226c79bd227e3\nvdxgdmal64.dll
0x00007ffc64cb0000 - 0x00007ffc64f0c000 	C:\Program Files\NVIDIA\CUDNN\v9.12\bin\12.9\cudnn_graph64_9.dll

JVMTI agents:
jdwp path:C:\Users\danis\.jdks\temurin-21.0.8\bin\jdwp.dll, loaded, initialized, options:transport=dt_socket,address=127.0.0.1:51467,suspend=y,server=n
C:\Users\danis\AppData\Local\JetBrains\IdeaIC2025.2\captureAgent\debugger-agent.jar path:C:\Users\danis\.jdks\temurin-21.0.8\bin\instrument.dll, loaded, initialized, instrumentlib options:file:///C:/Users/danis/AppData/Local/Temp/capture10879174533064696222.props
C:\Users\danis\AppData\Local\Temp\idea_libasyncProfiler_dll_temp_folder\libasyncProfiler.dll path:C:\Users\danis\AppData\Local\Temp\idea_libasyncProfiler_dll_temp_folder\libasyncProfiler.dll, loaded, initialized, options:version,jfr,event=wall,interval=10ms,cstack=no,file=C:\Users\danis\IdeaSnapshots\App_2025_12_30_093259.jfr,dbghelppath=C:\Users\danis\AppData\Local\Temp\idea_dbghelp_dll_temp_folder\dbghelp.dll,log=C:\Users\danis\AppData\Local\Temp\App_2025_12_30_093259.jfr.log.txt,logLevel=DEBUG

dbghelp: loaded successfully - version: 4.0.5 - missing functions: none
symbol engine: initialized successfully - sym options: 0x614 - pdb path: .;C:\Users\danis\.jdks\temurin-21.0.8\bin;C:\Windows\SYSTEM32;C:\Program Files\Norton\Suite;C:\Windows\WinSxS\amd64_microsoft.windows.common-controls_6595b64144ccf1df_6.0.26100.7309_none_3e05feeae336a044;C:\Users\danis\.jdks\temurin-21.0.8\bin\server;C:\Users\danis\AppData\Local\Temp\idea_libasyncProfiler_dll_temp_folder;C:\Users\danis\AppData\Local\Temp\onnxruntime-java2188285246439097603;C:\Program Files\NVIDIA GPU Computing Toolkit\CUDA\v12.4\bin;C:\Program Files\NVIDIA\CUDNN\v9.12\bin\12.9;C:\Windows\system32\DriverStore\FileRepository\nvdmi.inf_amd64_33a226c79bd227e3

VM Arguments:
jvm_args: -agentlib:jdwp=transport=dt_socket,address=127.0.0.1:51467,suspend=y,server=n -javaagent:C:\Users\danis\AppData\Local\JetBrains\IdeaIC2025.2\captureAgent\debugger-agent.jar=file:///C:/Users/danis/AppData/Local/Temp/capture10879174533064696222.props -Djava.library.path=C:\Program Files\NVIDIA GPU Computing Toolkit\CUDA\v12.4\bin;C:\Program Files\NVIDIA\CUDNN\v9.12\bin\12.9 -agentpath:C:\Users\danis\AppData\Local\Temp\idea_libasyncProfiler_dll_temp_folder\libasyncProfiler.dll=version,jfr,event=wall,interval=10ms,cstack=no,file=C:\Users\danis\IdeaSnapshots\App_2025_12_30_093259.jfr,dbghelppath=C:\Users\danis\AppData\Local\Temp\idea_dbghelp_dll_temp_folder\dbghelp.dll,log=C:\Users\danis\AppData\Local\Temp\App_2025_12_30_093259.jfr.log.txt,logLevel=DEBUG -Dkotlinx.coroutines.debug.enable.creation.stack.trace=false -Ddebugger.agent.enable.coroutines=true -Dkotlinx.coroutines.debug.enable.flows.stack.trace=true -Dkotlinx.coroutines.debug.enable.mutable.state.flows.stack.trace=true -Dfile.encoding=UTF-8 -Dsun.stdout.encoding=UTF-8 -Dsun.stderr.encoding=UTF-8 
java_command: com.securelogx.main.App
java_class_path (initial): D:\workspace\SecureLogX\securelogx-core\target\classes;C:\Users\danis\.m2\repository\org\slf4j\slf4j-api\2.0.7\slf4j-api-2.0.7.jar;C:\Users\danis\.m2\repository\com\microsoft\onnxruntime\onnxruntime_gpu\1.23.2\onnxruntime_gpu-1.23.2.jar;C:\Users\danis\.m2\repository\org\json\json\20240303\json-20240303.jar;C:\Users\danis\.m2\repository\com\fasterxml\jackson\core\jackson-databind\2.17.1\jackson-databind-2.17.1.jar;C:\Users\danis\.m2\repository\com\fasterxml\jackson\core\jackson-annotations\2.17.1\jackson-annotations-2.17.1.jar;C:\Users\danis\.m2\repository\com\fasterxml\jackson\core\jackson-core\2.17.1\jackson-core-2.17.1.jar;C:\Users\danis\.m2\repository\org\apache\kafka\kafka-clients\3.7.0\kafka-clients-3.7.0.jar;C:\Users\danis\.m2\repository\com\github\luben\zstd-jni\1.5.5-6\zstd-jni-1.5.5-6.jar;C:\Users\danis\.m2\repository\org\lz4\lz4-java\1.8.0\lz4-java-1.8.0.jar;C:\Users\danis\.m2\repository\org\xerial\snappy\snappy-java\1.1.10.5\snappy-java-1.1.10.5.jar;C:\Users\danis\.m2\repository\org\slf4j\slf4j-nop\2.0.7\slf4j-nop-2.0.7.jar;C:\Program Files\JetBrains\IntelliJ IDEA Community Edition 2025.2\lib\idea_rt.jar
Launcher Type: SUN_STANDARD

[Global flags]
     intx CICompilerCount                          = 12                                        {product} {ergonomic}
     uint ConcGCThreads                            = 4                                         {product} {ergonomic}
     uint G1ConcRefinementThreads                  = 16                                        {product} {ergonomic}
   size_t G1HeapRegionSize                         = 2097152                                   {product} {ergonomic}
    uintx GCDrainStackTargetSize                   = 64                                        {product} {ergonomic}
   size_t InitialHeapSize                          = 262144000                                 {product} {ergonomic}
   size_t MarkStackSize                            = 4194304                                   {product} {ergonomic}
   size_t MaxHeapSize                              = 4167041024                                {product} {ergonomic}
   size_t MaxNewSize                               = 2499805184                                {product} {ergonomic}
   size_t MinHeapDeltaBytes                        = 2097152                                   {product} {ergonomic}
   size_t MinHeapSize                              = 8388608                                   {product} {ergonomic}
    uintx NonNMethodCodeHeapSize                   = 7602480                                {pd product} {ergonomic}
    uintx NonProfiledCodeHeapSize                  = 122027880                              {pd product} {ergonomic}
    uintx ProfiledCodeHeapSize                     = 122027880                              {pd product} {ergonomic}
    uintx ReservedCodeCacheSize                    = 251658240                              {pd product} {ergonomic}
     bool SegmentedCodeCache                       = true                                      {product} {ergonomic}
   size_t SoftMaxHeapSize                          = 4167041024                             {manageable} {ergonomic}
     bool UseCompressedOops                        = true                           {product lp64_product} {ergonomic}
     bool UseG1GC                                  = true                                      {product} {ergonomic}
     bool UseLargePagesIndividualAllocation        = false                                  {pd product} {ergonomic}

Logging:
Log output configuration:
 #0: stdout all=warning uptime,level,tags foldmultilines=false
 #1: stderr all=off uptime,level,tags foldmultilines=false

Environment Variables:
JAVA_HOME=C:\Users\danis\.jdks\temurin-21.0.8
PATH=C:\Program Files\NVIDIA GPU Computing Toolkit\CUDA\v12.4\bin;C:\Program Files\NVIDIA GPU Computing Toolkit\CUDA\v12.4\libnvvp;;;;C:\Windows\system32;C:\Windows;C:\Windows\System32\Wbem;C:\Windows\System32\WindowsPowerShell\v1.0\;C:\Windows\System32\OpenSSH\;C:\Program Files\dotnet\;C:\Program Files\Git\cmd;C:\Program Files (x86)\NVIDIA Corporation\PhysX\Common;C:\Program Files\NVIDIA Corporation\Nsight Compute 2024.1.0\;C:\Program Files\NVIDIA Corporation\NVIDIA NvDLISR;C:\Users\danis\AppData\Local\Programs\Python\Launcher\;C:\Users\danis\AppData\Local\Microsoft\WindowsApps;C:\Users\danis\AppData\Local\Programs\Microsoft VS Code\bin;C:\Program Files\NVIDIA\CUDNN\v9.12\bin\12.9;JAVA_HOME\bin;C:\software\apache-maven-3.9.11-bin\apache-maven-3.9.11\bin;C:\Users\danis\AppData\Local\GitHubDesktop\bin
USERNAME=danis
OS=Windows_NT
PROCESSOR_IDENTIFIER=Intel64 Family 6 Model 170 Stepping 4, GenuineIntel
TMP=C:\Users\danis\AppData\Local\Temp
TEMP=C:\Users\danis\AppData\Local\Temp




Periodic native trim disabled

---------------  S Y S T E M  ---------------

OS:
 Windows 11 , 64 bit Build 26100 (10.0.26100.7309)
OS uptime: 0 days 0:09 hours
Hyper-V role detected

CPU: total 22 (initial active 22) (11 cores per cpu, 2 threads per core) family 6 model 170 stepping 4 microcode 0x24, cx8, cmov, fxsr, ht, mmx, 3dnowpref, sse, sse2, sse3, ssse3, sse4.1, sse4.2, popcnt, lzcnt, tsc, tscinvbit, avx, avx2, aes, erms, clmul, bmi1, bmi2, adx, sha, fma, vzeroupper, clflush, clflushopt, clwb, hv, serialize, rdtscp, rdpid, fsrm, f16c, cet_ibt, cet_ss
Processor Information for processor 0
  Max Mhz: 1400, Current Mhz: 1400, Mhz Limit: 1400
Processor Information for processor 1
  Max Mhz: 1400, Current Mhz: 1400, Mhz Limit: 1400
Processor Information for processor 2
  Max Mhz: 900, Current Mhz: 900, Mhz Limit: 900
Processor Information for processor 3
  Max Mhz: 900, Current Mhz: 900, Mhz Limit: 900
Processor Information for processor 4
  Max Mhz: 900, Current Mhz: 900, Mhz Limit: 900
Processor Information for processor 5
  Max Mhz: 900, Current Mhz: 900, Mhz Limit: 900
Processor Information for processor 6
  Max Mhz: 900, Current Mhz: 900, Mhz Limit: 900
Processor Information for processor 7
  Max Mhz: 900, Current Mhz: 900, Mhz Limit: 900
Processor Information for processor 8
  Max Mhz: 900, Current Mhz: 900, Mhz Limit: 900
Processor Information for processor 9
  Max Mhz: 900, Current Mhz: 900, Mhz Limit: 900
Processor Information for processor 10
  Max Mhz: 1400, Current Mhz: 1400, Mhz Limit: 1400
Processor Information for processor 11
  Max Mhz: 1400, Current Mhz: 1400, Mhz Limit: 1400
Processor Information for processor 12
  Max Mhz: 1400, Current Mhz: 1400, Mhz Limit: 1400
Processor Information for processor 13
  Max Mhz: 1400, Current Mhz: 1400, Mhz Limit: 1400
Processor Information for processor 14
  Max Mhz: 1400, Current Mhz: 1400, Mhz Limit: 1400
Processor Information for processor 15
  Max Mhz: 1400, Current Mhz: 1400, Mhz Limit: 1400
Processor Information for processor 16
  Max Mhz: 1400, Current Mhz: 1400, Mhz Limit: 1400
Processor Information for processor 17
  Max Mhz: 1400, Current Mhz: 1400, Mhz Limit: 1400
Processor Information for processor 18
  Max Mhz: 1400, Current Mhz: 1400, Mhz Limit: 1400
Processor Information for processor 19
  Max Mhz: 1400, Current Mhz: 1400, Mhz Limit: 1400
Processor Information for processor 20
  Max Mhz: 700, Current Mhz: 700, Mhz Limit: 700
Processor Information for processor 21
  Max Mhz: 700, Current Mhz: 700, Mhz Limit: 700

Memory: 4k page, system-wide physical 15892M (4457M free)
TotalPageFile size 30228M (AvailPageFile size 16712M)
current process WorkingSet (physical memory assigned to process): 521M, peak: 913M
current process commit charge ("private bytes"): 1346M, peak: 2081M

vm_info: OpenJDK 64-Bit Server VM (21.0.8+9-LTS) for windows-amd64 JRE (21.0.8+9-LTS), built on 2025-07-15T00:00:00Z by "admin" with MS VC++ 17.7 (VS2022)

END.
